{"type": "FeatureCollection", "features": [{"type": "Feature", "properties": {"name": "NYC Region Land"}, "geometry": {"type": "MultiPolygon", "coordinates": [[[[-74.2409324, 40.5207653], [-74.2429666, 40.5212677], [-74.2426147, 40.5222529], [-74.2428044, 40.5237052], [-74.2432499, 40.5246539], [-74.2438425, 40.5250353], [-74.2431984, 40.5262979], [-74.242958, 40.528229], [-74.2425375, 40.5284639], [-74.2422113, 40.5293707], [-74.2422113, 40.5297621], [-74.2425461, 40.5297817], [-74.2420225, 40.5300166], [-74.2418422, 40.5303427], [-74.2421427, 40.5305058], [-74.2417564, 40.5305124], [-74.2414818, 40.5310016], [-74.2418039, 40.532562], [-74.2421987, 40.5326664], [-74.2422931, 40.5333318], [-74.2409799, 40.5335014], [-74.2419927, 40.5336188], [-74.2421386, 40.5345843], [-74.2432758, 40.5358604], [-74.2440125, 40.5362118], [-74.2441127, 40.5369456], [-74.2451449, 40.5368917], [-74.2442936, 40.5381568], [-74.2443969, 40.5385104], [-74.245113, 40.5389957], [-74.245486, 40.5407941], [-74.2462932, 40.5420837], [-74.2479923, 40.5430966], [-74.2461637, 40.545669], [-74.2436232, 40.5476452], [-74.2421264, 40.5469268], [-74.24059, 40.5475529], [-74.2385595, 40.5489861], [-74.2374982, 40.5501569], [-74.2361505, 40.5505099], [-74.2361477, 40.5515361], [-74.2365335, 40.5520539], [-74.2362701, 40.5524068], [-74.2349285, 40.5529669], [-74.2334608, 40.5525169], [-74.2328518, 40.5527882], [-74.2309388, 40.555292], [-74.2292663, 40.5555762], [-74.2291585, 40.5560341], [-74.22868, 40.5562928], [-74.2257543, 40.5561929], [-74.221895, 40.5553798], [-74.2203545, 40.5558559], [-74.2199134, 40.5546289], [-74.219104, 40.5547219], [-74.219413, 40.5551458], [-74.2192472, 40.5557711], [-74.2186688, 40.554668], [-74.2187518, 40.555826], [-74.2185115, 40.5559173], [-74.2179107, 40.5548804], [-74.2147521, 40.5561129], [-74.2147764, 40.5566109], [-74.2136779, 40.5562039], [-74.213092, 40.5570772], [-74.2125064, 40.5572165], [-74.2126641, 40.5575509], [-74.2120639, 40.5582544], [-74.2118112, 40.5596605], [-74.2111855, 40.5605506], [-74.2110817, 40.5620573], [-74.2113622, 40.5631178], [-74.2106497, 40.5652221], [-74.2088777, 40.568808], [-74.2088087, 40.5697478], [-74.2067787, 40.5713733], [-74.2073983, 40.575324], [-74.2069942, 40.5754585], [-74.2068325, 40.5760013], [-74.2071151, 40.5762367], [-74.2066172, 40.5766409], [-74.2068318, 40.5771168], [-74.2063001, 40.577616], [-74.2060065, 40.5803918], [-74.2051053, 40.5815717], [-74.2044015, 40.5837293], [-74.2046332, 40.5843095], [-74.2043526, 40.5855232], [-74.2038484, 40.5855533], [-74.2042928, 40.5857311], [-74.2045302, 40.5879988], [-74.2040449, 40.5887384], [-74.2046847, 40.5894002], [-74.2044616, 40.5897847], [-74.2032411, 40.589889], [-74.2026763, 40.5907037], [-74.20189, 40.5909042], [-74.2024516, 40.5908398], [-74.2030524, 40.5911266], [-74.2020052, 40.5909962], [-74.2017803, 40.5915907], [-74.2020426, 40.5918178], [-74.1997136, 40.5935511], [-74.1994647, 40.5943007], [-74.1985892, 40.5949263], [-74.1979111, 40.5964318], [-74.1974047, 40.596686], [-74.1969053, 40.5965121], [-74.1974391, 40.5973312], [-74.1974305, 40.5983153], [-74.1970013, 40.598791], [-74.1971386, 40.6001465], [-74.1966964, 40.6012794], [-74.1969109, 40.6014684], [-74.196396, 40.6014228], [-74.1962243, 40.6017226], [-74.1969366, 40.6016729], [-74.1960005, 40.6022329], [-74.1967327, 40.6025628], [-74.1965825, 40.6028113], [-74.1961319, 40.6026402], [-74.1959441, 40.6033571], [-74.1968502, 40.6053136], [-74.1975488, 40.6057755], [-74.1984638, 40.6071121], [-74.1983522, 40.6083045], [-74.1957687, 40.6119274], [-74.1955688, 40.61359], [-74.1948734, 40.6139503], [-74.1957086, 40.614084], [-74.1961206, 40.6154458], [-74.1972858, 40.6162319], [-74.2005824, 40.6169626], [-74.2009099, 40.617735], [-74.2008049, 40.6179519], [-74.2005989, 40.6176979], [-74.2001955, 40.6181995], [-74.2006075, 40.6186751], [-74.2009286, 40.6203378], [-74.200453, 40.6201736], [-74.2003929, 40.6204733], [-74.2009463, 40.6205056], [-74.2011568, 40.6223235], [-74.2015607, 40.622631], [-74.2006246, 40.6245058], [-74.2011396, 40.6261373], [-74.2014134, 40.6260702], [-74.2007393, 40.6295752], [-74.2004111, 40.6296676], [-74.2000786, 40.6315396], [-74.1980331, 40.632999], [-74.1972915, 40.633003], [-74.1960241, 40.6348566], [-74.1951678, 40.63538], [-74.195149, 40.6357321], [-74.1942989, 40.6359183], [-74.1944975, 40.6370947], [-74.1947696, 40.6370826], [-74.1946269, 40.6374008], [-74.1935945, 40.6374863], [-74.1862737, 40.643558], [-74.1847872, 40.6440882], [-74.1833727, 40.6429198], [-74.1836919, 40.6446122], [-74.1812179, 40.644577], [-74.1809436, 40.6448345], [-74.1803274, 40.6443304], [-74.1795833, 40.6443187], [-74.1792056, 40.6450481], [-74.1789867, 40.6437664], [-74.1793032, 40.6431283], [-74.1788361, 40.6424524], [-74.1783899, 40.6423547], [-74.1772292, 40.6430943], [-74.1766365, 40.6424633], [-74.1764561, 40.6434255], [-74.1754924, 40.643488], [-74.1756783, 40.6445746], [-74.175111, 40.6451368], [-74.1744377, 40.645134], [-74.1730043, 40.6442158], [-74.1729185, 40.6434929], [-74.1724207, 40.6434343], [-74.1724696, 40.6428176], [-74.1713833, 40.6430659], [-74.1718071, 40.6423475], [-74.1714289, 40.6416942], [-74.1713829, 40.6420843], [-74.1702918, 40.6418039], [-74.1701361, 40.642048], [-74.1691535, 40.6418753], [-74.1690651, 40.6421399], [-74.1656143, 40.6412069], [-74.1654538, 40.6422902], [-74.1653991, 40.6418733], [-74.1650255, 40.6422475], [-74.1652176, 40.6406532], [-74.1647301, 40.6403865], [-74.1644845, 40.6414014], [-74.1646291, 40.6403383], [-74.1641687, 40.6400737], [-74.1638988, 40.6410453], [-74.1640153, 40.639901], [-74.1634214, 40.6398331], [-74.1632532, 40.640958], [-74.1617299, 40.6406152], [-74.1623253, 40.6387522], [-74.1603597, 40.6384682], [-74.1598885, 40.6399146], [-74.1602398, 40.6384539], [-74.1597684, 40.6386313], [-74.1595255, 40.6379486], [-74.1591051, 40.6379536], [-74.1589965, 40.6382478], [-74.1580208, 40.6379039], [-74.1561138, 40.6379429], [-74.1561344, 40.6375375], [-74.1547979, 40.6377193], [-74.154815, 40.6371185], [-74.1539934, 40.6370664], [-74.152625, 40.6370862], [-74.1526567, 40.6376336], [-74.1522107, 40.6377029], [-74.1524, 40.6387874], [-74.1521561, 40.6387459], [-74.1520445, 40.6376777], [-74.1512021, 40.6377482], [-74.1513897, 40.6394069], [-74.1511569, 40.63853], [-74.1505325, 40.6385134], [-74.1494339, 40.6373555], [-74.1494052, 40.6381672], [-74.1488972, 40.6386899], [-74.1486052, 40.6374752], [-74.1487658, 40.6388501], [-74.1451838, 40.6394039], [-74.1438873, 40.6388042], [-74.1433445, 40.6396766], [-74.1424933, 40.6394266], [-74.1419808, 40.6402031], [-74.141451, 40.6399941], [-74.1410186, 40.6404736], [-74.1375786, 40.6409418], [-74.1373245, 40.6412469], [-74.1344226, 40.6418749], [-74.1331721, 40.6413478], [-74.1323906, 40.6417138], [-74.1312683, 40.6416092], [-74.1317242, 40.6409965], [-74.131511, 40.6408229], [-74.1310289, 40.641002], [-74.1274197, 40.6400159], [-74.1270977, 40.6384402], [-74.1278002, 40.6373638], [-74.1269454, 40.6381091], [-74.1270163, 40.6401983], [-74.1241917, 40.6400953], [-74.1229581, 40.6407602], [-74.122535, 40.6405904], [-74.1229386, 40.6409876], [-74.1227678, 40.6413002], [-74.1214803, 40.6414891], [-74.1207126, 40.6409901], [-74.1178413, 40.6418508], [-74.1177197, 40.6415533], [-74.1166297, 40.6417777], [-74.1145211, 40.6433302], [-74.1096443, 40.6454813], [-74.1043146, 40.6457719], [-74.0987438, 40.6450124], [-74.0983747, 40.6453836], [-74.0956539, 40.6454032], [-74.0933708, 40.6459176], [-74.0875455, 40.6482667], [-74.0851617, 40.6488941], [-74.0825996, 40.6482713], [-74.079739, 40.6483268], [-74.0787529, 40.6479849], [-74.0765167, 40.6469649], [-74.0747197, 40.6452038], [-74.0735123, 40.6450884], [-74.0731079, 40.6447238], [-74.0728129, 40.6449066], [-74.0726934, 40.64444], [-74.0721911, 40.644585], [-74.0722739, 40.6442737], [-74.0717827, 40.6440213], [-74.0720461, 40.6439145], [-74.071893, 40.6435097], [-74.0714566, 40.6432033], [-74.0714693, 40.6428279], [-74.07217, 40.6427111], [-74.0721193, 40.6424703], [-74.0703996, 40.6427033], [-74.0732243, 40.6421852], [-74.0728531, 40.6405351], [-74.0731374, 40.6405263], [-74.0730979, 40.6382051], [-74.0726139, 40.6381353], [-74.0735243, 40.637644], [-74.0729179, 40.633613], [-74.0733443, 40.6321409], [-74.0723783, 40.6274817], [-74.0735974, 40.6269333], [-74.0727213, 40.6267841], [-74.0723514, 40.624578], [-74.0699803, 40.6213355], [-74.0660871, 40.6187071], [-74.0666153, 40.6180239], [-74.0664096, 40.6178765], [-74.0660477, 40.6181968], [-74.0651335, 40.6179044], [-74.0651505, 40.6175508], [-74.0637841, 40.6167498], [-74.0614685, 40.6142842], [-74.0603541, 40.6118929], [-74.0594331, 40.6116675], [-74.0588985, 40.6102831], [-74.0573909, 40.6088858], [-74.0564118, 40.6071089], [-74.0555832, 40.6064243], [-74.0538126, 40.6058982], [-74.0536305, 40.6052251], [-74.0541319, 40.6048812], [-74.0536284, 40.6039936], [-74.053155, 40.6015057], [-74.0535126, 40.6005127], [-74.0523792, 40.5997448], [-74.0531756, 40.5998082], [-74.0561395, 40.5976929], [-74.0647224, 40.5894515], [-74.0651099, 40.5889807], [-74.0648136, 40.5886054], [-74.067183, 40.5869465], [-74.0705901, 40.5839026], [-74.0719595, 40.5820001], [-74.0760043, 40.5783731], [-74.0807918, 40.5749365], [-74.0849528, 40.5712501], [-74.0869377, 40.5689949], [-74.0861974, 40.568517], [-74.0872283, 40.5690025], [-74.0892481, 40.5670348], [-74.0900203, 40.5673613], [-74.0906035, 40.5670452], [-74.093467, 40.563901], [-74.0940585, 40.5627544], [-74.0953593, 40.563275], [-74.0957574, 40.5631645], [-74.0982192, 40.5598866], [-74.0984145, 40.5593556], [-74.0978793, 40.5590868], [-74.0987729, 40.5593943], [-74.0993399, 40.5589765], [-74.0998316, 40.5590422], [-74.1012024, 40.5575028], [-74.1018461, 40.5558856], [-74.1013316, 40.5555271], [-74.1028628, 40.5560639], [-74.1045258, 40.554378], [-74.105095, 40.5533026], [-74.1049152, 40.5530313], [-74.1065267, 40.5541718], [-74.1077787, 40.5539659], [-74.1101358, 40.5516212], [-74.1127718, 40.547744], [-74.1125432, 40.5475102], [-74.1138786, 40.5481233], [-74.1146499, 40.5480587], [-74.1157008, 40.5473914], [-74.1160159, 40.5478837], [-74.1168426, 40.5477121], [-74.1175911, 40.5471479], [-74.118386, 40.5471682], [-74.118357, 40.546843], [-74.118921, 40.5465888], [-74.1188911, 40.5461557], [-74.1196095, 40.5461365], [-74.1194255, 40.5453627], [-74.1198575, 40.544998], [-74.1205856, 40.5447787], [-74.1205494, 40.5452695], [-74.1209137, 40.5456457], [-74.1226808, 40.5451112], [-74.1266103, 40.5405591], [-74.130946, 40.5341674], [-74.1342445, 40.5309244], [-74.1368892, 40.5293302], [-74.1377036, 40.5299764], [-74.1389398, 40.5298821], [-74.1393063, 40.5316839], [-74.1408617, 40.5341917], [-74.1403016, 40.5354725], [-74.135558, 40.5352379], [-74.1336681, 40.5357105], [-74.1276564, 40.5411627], [-74.1274938, 40.5430421], [-74.1284087, 40.5443481], [-74.1298782, 40.5458161], [-74.1330598, 40.546819], [-74.13655, 40.5462363], [-74.1364507, 40.545922], [-74.1375159, 40.5455796], [-74.1380027, 40.5458956], [-74.138666, 40.5449665], [-74.1400222, 40.5438838], [-74.1404427, 40.5439425], [-74.140108, 40.543512], [-74.1408121, 40.5429253], [-74.1413783, 40.5430163], [-74.1411294, 40.542788], [-74.1419833, 40.5422323], [-74.1424171, 40.5412418], [-74.1417256, 40.5400783], [-74.1418935, 40.5392749], [-74.1424655, 40.5391653], [-74.1417801, 40.5385499], [-74.1423688, 40.537744], [-74.141532, 40.5371691], [-74.1417155, 40.5369608], [-74.1437561, 40.5372277], [-74.1443272, 40.5367854], [-74.1447737, 40.535776], [-74.1451118, 40.5358971], [-74.1476398, 40.5349863], [-74.1497421, 40.5338562], [-74.1497255, 40.5334468], [-74.1506782, 40.5325531], [-74.1512766, 40.5325954], [-74.1524241, 40.5320274], [-74.1545054, 40.5300725], [-74.1550901, 40.5301323], [-74.1562422, 40.5289626], [-74.1561514, 40.5286139], [-74.1568135, 40.5289309], [-74.1573914, 40.5287482], [-74.1595955, 40.5273113], [-74.1603602, 40.5275539], [-74.1614994, 40.5270646], [-74.1622748, 40.5272643], [-74.1676673, 40.5242459], [-74.1688336, 40.5239765], [-74.1700236, 40.5230855], [-74.1712192, 40.5234891], [-74.1720695, 40.5232531], [-74.17354, 40.5225028], [-74.1775344, 40.5193081], [-74.1785627, 40.5196116], [-74.1787117, 40.5200826], [-74.1791446, 40.5200704], [-74.1792244, 40.5196448], [-74.1794097, 40.5202328], [-74.1811419, 40.520693], [-74.1817953, 40.5204752], [-74.181752, 40.5201264], [-74.1820706, 40.5203455], [-74.1831543, 40.5198194], [-74.1837403, 40.5198816], [-74.1841268, 40.5196863], [-74.1838357, 40.519221], [-74.1843925, 40.5195454], [-74.1861997, 40.5182925], [-74.1890762, 40.5154922], [-74.188919, 40.5151309], [-74.1896687, 40.5152534], [-74.1916972, 40.5128802], [-74.1956015, 40.5097502], [-74.1968809, 40.5099075], [-74.1997011, 40.5114409], [-74.2003676, 40.5123815], [-74.1999226, 40.5128858], [-74.207055, 40.5119074], [-74.2100463, 40.5104329], [-74.2109861, 40.5088338], [-74.2122049, 40.5076265], [-74.2135692, 40.5064511], [-74.2144237, 40.5063787], [-74.215578, 40.5055513], [-74.2174749, 40.5032671], [-74.2195606, 40.5026732], [-74.2230818, 40.50241], [-74.2247663, 40.5017778], [-74.2267328, 40.502222], [-74.2310791, 40.5017856], [-74.2330703, 40.5008262], [-74.23523, 40.5005251], [-74.2367868, 40.499906], [-74.2399261, 40.4974783], [-74.2440674, 40.497511], [-74.2454032, 40.4970296], [-74.2467926, 40.4960342], [-74.2484448, 40.4962015], [-74.2492763, 40.496487], [-74.2509822, 40.4979964], [-74.2512236, 40.499004], [-74.2525808, 40.4995546], [-74.2534659, 40.5003949], [-74.2553692, 40.5040472], [-74.2553482, 40.5064203], [-74.2556782, 40.5076496], [-74.2551117, 40.5084523], [-74.2543156, 40.508742], [-74.2536599, 40.5094651], [-74.2532401, 40.5101943], [-74.2530651, 40.5122086], [-74.2520093, 40.5129134], [-74.2521896, 40.5136246], [-74.2513999, 40.5145056], [-74.2502451, 40.5148929], [-74.2498344, 40.5155099], [-74.2492937, 40.5151902], [-74.2496379, 40.5155613], [-74.2482122, 40.5164626], [-74.2474912, 40.5157579], [-74.2465462, 40.516073], [-74.2458338, 40.5158708], [-74.247756, 40.5176726], [-74.2464514, 40.5166808], [-74.2452068, 40.5172811], [-74.2456703, 40.5179793], [-74.2453527, 40.5181881], [-74.2450952, 40.518051], [-74.2442627, 40.5185469], [-74.2425976, 40.5182533], [-74.2417993, 40.5187883], [-74.2421341, 40.5192973], [-74.2416624, 40.5189584], [-74.2417739, 40.5191542], [-74.241456, 40.5190298], [-74.2410269, 40.5195322], [-74.2406492, 40.5195322], [-74.2406063, 40.519232], [-74.2402652, 40.5194085], [-74.2404518, 40.5196039], [-74.2398767, 40.5201063], [-74.2409324, 40.5207653]]], [[[-73.8326019, 40.5908436], [-73.8327046, 40.5902833], [-73.8336692, 40.5901119], [-73.8335637, 40.589471], [-73.8367393, 40.5896554], [-73.8374034, 40.5902335], [-73.8342053, 40.5933125], [-73.8331578, 40.5928727], [-73.8326019, 40.5908436]]], [[[-73.921681, 40.5970515], [-73.9223162, 40.5984723], [-73.9206768, 40.5995801], [-73.9191233, 40.5996258], [-73.9161827, 40.5982121], [-73.9159819, 40.5976185], [-73.9143511, 40.5961065], [-73.9128147, 40.5940796], [-73.9130754, 40.5925345], [-73.9124542, 40.5921504], [-73.9151235, 40.5914596], [-73.9161278, 40.5921765], [-73.9167632, 40.5935961], [-73.917956, 40.5947314], [-73.921681, 40.5970515]]], [[[-73.8099281, 40.6003586], [-73.8104928, 40.598787], [-73.8115245, 40.5986814], [-73.8115822, 40.5983525], [-73.8122676, 40.598552], [-73.815023, 40.6019916], [-73.8150943, 40.6041361], [-73.8141602, 40.6044448], [-73.8112235, 40.6031696], [-73.8106871, 40.6025668], [-73.8099281, 40.6003586]]], [[[-73.8032095, 40.6050532], [-73.8022044, 40.6052359], [-73.8030467, 40.6053327], [-73.8028131, 40.6057304], [-73.8018646, 40.6057787], [-73.8028414, 40.6059722], [-73.8023672, 40.6064128], [-73.8008241, 40.6069986], [-73.8014399, 40.6061173], [-73.8008028, 40.606171], [-73.8003994, 40.6063484], [-73.8006967, 40.6066009], [-73.8003569, 40.6070953], [-73.7981197, 40.6065548], [-73.7986681, 40.6058109], [-73.7980026, 40.6050203], [-73.7991303, 40.6046741], [-73.7976329, 40.6050297], [-73.798095, 40.6057735], [-73.7979656, 40.6060916], [-73.7976144, 40.6062226], [-73.7965175, 40.6057876], [-73.7967455, 40.6052683], [-73.7965668, 40.6046788], [-73.7976021, 40.6042109], [-73.8036242, 40.6045503], [-73.8035268, 40.6052787], [-73.8031953, 40.6046179], [-73.802714, 40.6047738], [-73.8032095, 40.6050532]]], [[[-74.2018271, 40.6052878], [-74.2027884, 40.6080572], [-74.2028056, 40.6097579], [-74.202325, 40.6119081], [-74.2025224, 40.6132178], [-74.2016212, 40.6139736], [-74.2002564, 40.6135501], [-74.1986943, 40.6140713], [-74.1982732, 40.6128386], [-74.2005092, 40.6090028], [-74.2006758, 40.6072191], [-74.2002123, 40.605663], [-74.1986257, 40.6036652], [-74.1991063, 40.6034958], [-74.1982223, 40.6028963], [-74.1988145, 40.6016581], [-74.2003325, 40.6039283], [-74.2014364, 40.604567], [-74.2018271, 40.6052878]]], [[[-73.7836275, 40.6150509], [-73.7827539, 40.6155589], [-73.7820792, 40.6148408], [-73.7810316, 40.6146935], [-73.7808129, 40.6139989], [-73.7812381, 40.614055], [-73.78097, 40.613648], [-73.782685, 40.6125668], [-73.7835591, 40.6132396], [-73.7832176, 40.613647], [-73.7833965, 40.6140142], [-73.7839276, 40.61334], [-73.7830499, 40.6122626], [-73.7836162, 40.6120128], [-73.7852155, 40.6121184], [-73.7851723, 40.6116553], [-73.785656, 40.6111641], [-73.786605, 40.6111711], [-73.7864448, 40.610825], [-73.7872705, 40.6107922], [-73.7873044, 40.610411], [-73.7878528, 40.6102589], [-73.7889836, 40.6102636], [-73.7887741, 40.6099525], [-73.7892516, 40.609611], [-73.789153, 40.6092157], [-73.7912882, 40.6086263], [-73.7918648, 40.6098392], [-73.7906419, 40.6095914], [-73.789451, 40.6099566], [-73.7900535, 40.6114491], [-73.7894417, 40.6126119], [-73.7888533, 40.6128282], [-73.7883956, 40.6117398], [-73.7876017, 40.6116193], [-73.7882228, 40.6119667], [-73.7884376, 40.6129345], [-73.7872374, 40.6131295], [-73.7857664, 40.6139413], [-73.7860233, 40.6135478], [-73.7858738, 40.6130444], [-73.785701, 40.6131543], [-73.7858878, 40.6137003], [-73.7854348, 40.6140193], [-73.784697, 40.6159832], [-73.7853881, 40.6166851], [-73.7851266, 40.6172027], [-73.786196, 40.6190708], [-73.7847297, 40.6176777], [-73.7847904, 40.6166887], [-73.7834548, 40.6157776], [-73.7837723, 40.6151289], [-73.7835341, 40.6145652], [-73.7836275, 40.6150509]]], [[[-73.7970941, 40.6170954], [-73.7964957, 40.6182851], [-73.7955652, 40.6181681], [-73.796089, 40.6184394], [-73.7959041, 40.619576], [-73.794758, 40.6216106], [-73.7941418, 40.6216153], [-73.7945756, 40.6222483], [-73.7941732, 40.6226209], [-73.7940928, 40.6220976], [-73.7926764, 40.6209579], [-73.7927861, 40.6205093], [-73.7939363, 40.6202568], [-73.7941263, 40.6195498], [-73.7937507, 40.6200384], [-73.7925813, 40.6203397], [-73.7920395, 40.6209505], [-73.7912709, 40.6204074], [-73.7917805, 40.6202704], [-73.7915434, 40.6200985], [-73.791915, 40.6196633], [-73.7918478, 40.6186505], [-73.7917876, 40.618895], [-73.7909948, 40.6187687], [-73.7918053, 40.6189944], [-73.7914585, 40.619948], [-73.789926, 40.6198164], [-73.7893275, 40.6201329], [-73.7895511, 40.6196361], [-73.7887624, 40.6194695], [-73.7893722, 40.6197318], [-73.7891283, 40.6199046], [-73.7893234, 40.6202409], [-73.790226, 40.6199262], [-73.7908968, 40.620207], [-73.7906732, 40.6211266], [-73.7899332, 40.6215493], [-73.7895755, 40.6212901], [-73.7895064, 40.6205279], [-73.7885225, 40.6206514], [-73.788055, 40.6201484], [-73.7876953, 40.6203119], [-73.7875322, 40.6196679], [-73.7869433, 40.6193391], [-73.7865932, 40.6177222], [-73.7872279, 40.6174134], [-73.7877948, 40.6182039], [-73.7886698, 40.6185033], [-73.7890272, 40.6184285], [-73.789397, 40.6177362], [-73.7903336, 40.6175117], [-73.7907958, 40.6171842], [-73.7892922, 40.6175257], [-73.7886575, 40.6181525], [-73.788448, 40.6180449], [-73.7887869, 40.6172497], [-73.7898221, 40.6165855], [-73.7886822, 40.6170065], [-73.7883309, 40.6175818], [-73.7878564, 40.6171328], [-73.7881892, 40.6169971], [-73.7881707, 40.616347], [-73.7879365, 40.6162955], [-73.7878318, 40.6169457], [-73.786242, 40.6171796], [-73.7863036, 40.6166697], [-73.7856011, 40.6157436], [-73.7859033, 40.6147357], [-73.7868093, 40.6150441], [-73.7875144, 40.6149236], [-73.7879534, 40.6153383], [-73.7887847, 40.615388], [-73.7889808, 40.6146648], [-73.788327, 40.6153135], [-73.7877573, 40.6147641], [-73.7868513, 40.614842], [-73.7859073, 40.6144619], [-73.7867708, 40.614024], [-73.7872451, 40.6144055], [-73.7870363, 40.6140133], [-73.7872911, 40.613801], [-73.7885546, 40.6136371], [-73.7902923, 40.6129628], [-73.7905118, 40.6125786], [-73.7916302, 40.6135915], [-73.7933431, 40.6131562], [-73.7939448, 40.613758], [-73.7943483, 40.6151336], [-73.7939731, 40.6157166], [-73.7932122, 40.6159154], [-73.7941253, 40.6158509], [-73.7935342, 40.6160255], [-73.7934599, 40.6161813], [-73.7938351, 40.6165521], [-73.7937041, 40.616039], [-73.7940262, 40.6160255], [-73.7943058, 40.6157327], [-73.7946632, 40.6160228], [-73.7944827, 40.6156091], [-73.7951906, 40.6155769], [-73.795991, 40.6152729], [-73.7957496, 40.6146581], [-73.7960554, 40.6144667], [-73.7957818, 40.6143445], [-73.7955994, 40.6148128], [-73.7958676, 40.6152037], [-73.7945534, 40.615444], [-73.7942905, 40.6136156], [-73.7937112, 40.6129518], [-73.7929172, 40.6128785], [-73.7920643, 40.6132694], [-73.7911255, 40.6125771], [-73.7914259, 40.6119989], [-73.7909753, 40.6107324], [-73.7924291, 40.6107365], [-73.7939847, 40.6097469], [-73.7945426, 40.610093], [-73.7941188, 40.6105858], [-73.7948913, 40.6106672], [-73.7929387, 40.6108464], [-73.792016, 40.6116649], [-73.7940277, 40.6110378], [-73.7949664, 40.6110663], [-73.7954707, 40.6116649], [-73.7965811, 40.6120885], [-73.7952239, 40.6121862], [-73.7977613, 40.61274], [-73.7975038, 40.6132409], [-73.7983085, 40.6122188], [-73.8002987, 40.6118645], [-73.7991131, 40.6135586], [-73.7993921, 40.6139413], [-73.7988556, 40.6154195], [-73.7978793, 40.6160833], [-73.7974662, 40.6158797], [-73.7976164, 40.6164294], [-73.7971229, 40.6160589], [-73.7964202, 40.6163032], [-73.7960608, 40.6160711], [-73.7963189, 40.6165779], [-73.7970427, 40.6164042], [-73.7970941, 40.6170954]]], [[[-73.8203018, 40.6115955], [-73.8208284, 40.6123586], [-73.8212343, 40.611384], [-73.8211753, 40.6108017], [-73.8206979, 40.6104922], [-73.8214328, 40.6102397], [-73.8225754, 40.6103741], [-73.8242537, 40.6121345], [-73.8255426, 40.6141623], [-73.8266634, 40.6140064], [-73.8271678, 40.6134462], [-73.8276067, 40.6136235], [-73.8271491, 40.6139355], [-73.8272612, 40.6142332], [-73.8298518, 40.6148705], [-73.830719, 40.6156335], [-73.8337786, 40.6143077], [-73.8349114, 40.614398], [-73.8357491, 40.6150218], [-73.8372656, 40.6153841], [-73.8370577, 40.615928], [-73.8353727, 40.6172513], [-73.8350312, 40.6180537], [-73.8352914, 40.6199052], [-73.8349429, 40.6204595], [-73.8340318, 40.6206239], [-73.8327842, 40.6214404], [-73.832392, 40.6217898], [-73.8327933, 40.6220082], [-73.8327601, 40.6225755], [-73.8319734, 40.6228539], [-73.8327585, 40.6227507], [-73.833224, 40.6216233], [-73.834091, 40.6209829], [-73.834472, 40.6210405], [-73.8347522, 40.6225273], [-73.8335315, 40.6239269], [-73.8320464, 40.6246471], [-73.8315843, 40.6241935], [-73.8311714, 40.6243805], [-73.8309989, 40.6248295], [-73.8313617, 40.6249728], [-73.8307545, 40.6258934], [-73.830814, 40.626733], [-73.8323545, 40.6269903], [-73.8323607, 40.6282156], [-73.8331105, 40.6278228], [-73.8329496, 40.6287755], [-73.8321265, 40.6290433], [-73.8311776, 40.6323637], [-73.8334646, 40.6382202], [-73.833187, 40.6388427], [-73.8315182, 40.6386781], [-73.8303863, 40.6375791], [-73.8286098, 40.6366388], [-73.828186, 40.6358266], [-73.826523, 40.635794], [-73.8262627, 40.6354387], [-73.8242429, 40.6358242], [-73.8239588, 40.6366733], [-73.8245167, 40.6392216], [-73.8242097, 40.6399136], [-73.8235404, 40.6394496], [-73.8205149, 40.6274971], [-73.8191688, 40.6270334], [-73.8196194, 40.6253885], [-73.8194263, 40.6241019], [-73.8189971, 40.622913], [-73.8170972, 40.6206035], [-73.8171152, 40.6195766], [-73.8176393, 40.6185551], [-73.8163091, 40.6149398], [-73.8163521, 40.6143616], [-73.8141848, 40.6146303], [-73.8154938, 40.6141091], [-73.8148286, 40.6132295], [-73.8150217, 40.6130177], [-73.8154616, 40.6133109], [-73.815881, 40.6131453], [-73.8151853, 40.6111002], [-73.8153405, 40.6100507], [-73.8147788, 40.6089028], [-73.8150471, 40.6072484], [-73.8159592, 40.6065676], [-73.8157286, 40.6063652], [-73.8159852, 40.6064321], [-73.8159945, 40.6057551], [-73.8164039, 40.6054161], [-73.8170473, 40.6057422], [-73.8181124, 40.6054398], [-73.818397, 40.6049459], [-73.8181331, 40.6046448], [-73.8182913, 40.604131], [-73.8190312, 40.6039952], [-73.8184621, 40.6032359], [-73.8191451, 40.5989885], [-73.8195365, 40.5984945], [-73.819351, 40.5981367], [-73.8195881, 40.5980576], [-73.819316, 40.5980086], [-73.819695, 40.5978708], [-73.819259, 40.5974903], [-73.8199253, 40.5972641], [-73.8206031, 40.596442], [-73.820483, 40.5957251], [-73.8212297, 40.5948061], [-73.8246509, 40.5955066], [-73.8272354, 40.5955621], [-73.8270321, 40.5964203], [-73.8276472, 40.5970373], [-73.8277126, 40.5978883], [-73.8268704, 40.5988044], [-73.8260827, 40.5991294], [-73.8249124, 40.5981282], [-73.8240939, 40.5985219], [-73.8237977, 40.6000211], [-73.8214141, 40.5999582], [-73.8244367, 40.6003321], [-73.8243709, 40.6008513], [-73.8216187, 40.6005925], [-73.8238127, 40.6010568], [-73.8236611, 40.6014472], [-73.820991, 40.601293], [-73.8234718, 40.6016564], [-73.8235874, 40.6022461], [-73.8208086, 40.6019528], [-73.8229108, 40.6023394], [-73.8229824, 40.602623], [-73.8207566, 40.6028341], [-73.8229359, 40.6030385], [-73.8227791, 40.6035351], [-73.8206205, 40.6033333], [-73.8205857, 40.6035424], [-73.8227226, 40.6037342], [-73.8227898, 40.6039857], [-73.8204325, 40.6042105], [-73.8228172, 40.6043923], [-73.8228928, 40.604662], [-73.8227493, 40.6049318], [-73.8204907, 40.6047286], [-73.8225529, 40.6053538], [-73.8222101, 40.6055839], [-73.8202846, 40.6055391], [-73.8229212, 40.6058248], [-73.822196, 40.6065908], [-73.821655, 40.6066487], [-73.8199991, 40.6090524], [-73.8192994, 40.6108708], [-73.8198583, 40.6108214], [-73.8203018, 40.6115955]]], [[[-73.8051718, 40.6194326], [-73.8046338, 40.6196958], [-73.8047117, 40.6201579], [-73.8054761, 40.6201418], [-73.8061203, 40.6215441], [-73.8053275, 40.6228496], [-73.8041242, 40.624182], [-73.8006699, 40.625509], [-73.8022767, 40.6244506], [-73.8022342, 40.6241229], [-73.8032252, 40.6239456], [-73.8022979, 40.6233869], [-73.8026448, 40.621485], [-73.8042728, 40.6215494], [-73.8035225, 40.6210767], [-73.8045135, 40.6206791], [-73.8044285, 40.6203943], [-73.8039118, 40.620346], [-73.8040675, 40.6199269], [-73.8036287, 40.6200881], [-73.8032464, 40.619583], [-73.8032677, 40.6187771], [-73.8038127, 40.6182237], [-73.8039472, 40.6172028], [-73.8043507, 40.6173962], [-73.8051718, 40.6194326]]], [[[-73.8665133, 40.6228716], [-73.8658781, 40.6226501], [-73.8648739, 40.621093], [-73.8653889, 40.6190213], [-73.86623, 40.6180049], [-73.8737059, 40.6158745], [-73.8772078, 40.6157051], [-73.8794136, 40.6163696], [-73.8798085, 40.6184089], [-73.8792506, 40.6200963], [-73.878624, 40.6208911], [-73.8727961, 40.6250474], [-73.8675149, 40.6279121], [-73.8663159, 40.6282003], [-73.8653546, 40.6277183], [-73.8648053, 40.6269692], [-73.8647709, 40.6263438], [-73.8648997, 40.6258617], [-73.8657236, 40.6253145], [-73.8659125, 40.6243569], [-73.8663931, 40.6243048], [-73.8665133, 40.6228716]]], [[[-74.0141832, 40.6928001], [-74.0122101, 40.6911294], [-74.0123079, 40.6892817], [-74.0131836, 40.6881761], [-74.0148805, 40.6872694], [-74.0160378, 40.6873407], [-74.0234862, 40.6840173], [-74.0255044, 40.6842448], [-74.026371, 40.6849785], [-74.0264108, 40.6860819], [-74.0202073, 40.6920402], [-74.0197178, 40.6931318], [-74.0167663, 40.6933382], [-74.0141832, 40.6928001]]], [[[-74.0393885, 40.7005926], [-74.0377157, 40.6993445], [-74.0380979, 40.6990501], [-74.0382292, 40.6983737], [-74.0393447, 40.6981174], [-74.0412473, 40.6995438], [-74.0417538, 40.6991539], [-74.0399159, 40.6977162], [-74.041666, 40.6964571], [-74.0436798, 40.6980326], [-74.0427088, 40.6988091], [-74.0429706, 40.6990034], [-74.0411009, 40.7004973], [-74.0408034, 40.7002696], [-74.039944, 40.7009026], [-74.0393885, 40.7005926]]], [[[-73.9612072, 40.7503733], [-73.9592685, 40.75332], [-73.9533903, 40.7597935], [-73.9520939, 40.7608174], [-73.9500528, 40.7635633], [-73.9490778, 40.7642245], [-73.944735, 40.7697438], [-73.9421292, 40.7720389], [-73.9400535, 40.7729077], [-73.9403111, 40.7722757], [-73.9402441, 40.7707786], [-73.9411131, 40.7694481], [-73.9429204, 40.7682638], [-73.9493958, 40.760602], [-73.9518071, 40.7584058], [-73.9531281, 40.7564309], [-73.9579386, 40.752096], [-73.9613304, 40.7496054], [-73.9615395, 40.7497223], [-73.9612072, 40.7503733]]], [[[-74.0178901, 40.7036258], [-74.0175679, 40.7041919], [-74.0178203, 40.7039467], [-74.0178464, 40.7042496], [-74.018442, 40.7041731], [-74.0186718, 40.7044413], [-74.0175125, 40.7045819], [-74.0174667, 40.7046966], [-74.0189029, 40.7047414], [-74.0193432, 40.706078], [-74.0191227, 40.7069792], [-74.0186366, 40.7071389], [-74.0188502, 40.7069784], [-74.0185377, 40.7069062], [-74.0181794, 40.7078296], [-74.0188604, 40.7080327], [-74.0177779, 40.7128356], [-74.0178063, 40.7123547], [-74.0166299, 40.7121671], [-74.0163325, 40.7134127], [-74.0175804, 40.7136051], [-74.0177267, 40.7130758], [-74.0167113, 40.7186345], [-74.0132193, 40.7183228], [-74.0129164, 40.7197594], [-74.0163796, 40.7203896], [-74.0163079, 40.7207323], [-74.0129992, 40.7203343], [-74.0128784, 40.7208796], [-74.0156774, 40.7212143], [-74.0157372, 40.7215119], [-74.0131523, 40.7212538], [-74.0130947, 40.7215572], [-74.0125502, 40.7214925], [-74.0115631, 40.7264011], [-74.0113807, 40.7282233], [-74.0148866, 40.7285098], [-74.0143497, 40.7286226], [-74.0140591, 40.7306848], [-74.0111661, 40.7304608], [-74.0109253, 40.7330172], [-74.0140104, 40.7330687], [-74.0140031, 40.7333431], [-74.0107265, 40.7334244], [-74.010835, 40.7340025], [-74.0119974, 40.7340625], [-74.0119687, 40.734341], [-74.0108183, 40.7342803], [-74.010476, 40.7380618], [-74.0110874, 40.738089], [-74.0111391, 40.7383935], [-74.0104509, 40.7383642], [-74.010375, 40.7392093], [-74.01155, 40.7392213], [-74.0114777, 40.7405838], [-74.0126497, 40.7407464], [-74.0096878, 40.7406007], [-74.0091663, 40.742874], [-74.009629, 40.7429226], [-74.0095749, 40.7432564], [-74.0121315, 40.7435266], [-74.012086, 40.7439053], [-74.0095346, 40.7436818], [-74.0094344, 40.7440173], [-74.0089642, 40.7439708], [-74.0087291, 40.7448622], [-74.0095661, 40.7450061], [-74.0095061, 40.7453244], [-74.0117818, 40.7455923], [-74.0116487, 40.7459851], [-74.0094344, 40.7457403], [-74.0093223, 40.7463367], [-74.0116251, 40.7466273], [-74.0114956, 40.7470035], [-74.0092406, 40.746771], [-74.0091365, 40.7473556], [-74.0114239, 40.7476433], [-74.0113232, 40.7480252], [-74.0090592, 40.7477875], [-74.0089453, 40.7484136], [-74.0112581, 40.7486529], [-74.011202, 40.7489736], [-74.0099542, 40.7489443], [-74.0091066, 40.7503752], [-74.0106848, 40.751033], [-74.0105786, 40.7513213], [-74.0090036, 40.7506577], [-74.0077364, 40.7543424], [-74.0048086, 40.757814], [-74.0052908, 40.7580206], [-74.0050328, 40.7583645], [-74.0070026, 40.7592462], [-74.0064831, 40.75991], [-74.0045071, 40.7590902], [-74.0042042, 40.7595045], [-74.0038671, 40.759433], [-74.0042527, 40.7596978], [-74.0036853, 40.7597076], [-74.0039462, 40.7600062], [-74.0031345, 40.7610844], [-74.0027873, 40.7609333], [-74.0023364, 40.7615519], [-74.004584, 40.7625052], [-74.0044429, 40.7626861], [-74.0022061, 40.7617183], [-74.0015268, 40.7626463], [-74.003779, 40.7635923], [-74.0036331, 40.7637782], [-74.0013932, 40.7628433], [-74.0009684, 40.7634286], [-74.0031474, 40.7643414], [-74.0029537, 40.7646121], [-74.0031584, 40.7647464], [-73.9999232, 40.7634031], [-73.9996284, 40.7635657], [-73.9991531, 40.7642145], [-74.0023177, 40.7655493], [-74.001953, 40.7658799], [-73.9988842, 40.7645774], [-73.9983296, 40.765443], [-74.001631, 40.7669126], [-74.0012142, 40.7673415], [-73.9979213, 40.7660666], [-73.9973681, 40.7668312], [-74.000672, 40.7682209], [-74.0004452, 40.7685163], [-73.9971551, 40.7671245], [-73.9964398, 40.7680944], [-73.9997537, 40.7694856], [-73.9995203, 40.7697882], [-73.9970806, 40.7687427], [-73.9965951, 40.7694274], [-73.9989306, 40.7704273], [-73.9986707, 40.7707699], [-73.9963115, 40.769777], [-73.9959008, 40.770612], [-73.9949441, 40.7714759], [-73.9970852, 40.7725347], [-73.9968652, 40.7728343], [-73.9947747, 40.7719351], [-73.9944522, 40.7723825], [-73.9961294, 40.7732796], [-73.994237, 40.7724949], [-73.993895, 40.7729587], [-73.9961839, 40.7739879], [-73.9939457, 40.7731851], [-73.9909283, 40.7775591], [-73.9903936, 40.7775806], [-73.9888616, 40.7797199], [-73.9915503, 40.7795765], [-73.988885, 40.7798859], [-73.9879357, 40.7818277], [-73.9854782, 40.7853757], [-73.9861841, 40.7846631], [-73.9870421, 40.7849187], [-73.9868943, 40.7851226], [-73.9861909, 40.7846973], [-73.9859319, 40.7850455], [-73.9867629, 40.7853256], [-73.9859123, 40.7850648], [-73.9855613, 40.7854565], [-73.9861756, 40.7860704], [-73.9871243, 40.78521], [-73.9861258, 40.7862447], [-73.9854479, 40.785419], [-73.9850878, 40.7859324], [-73.9857683, 40.7862071], [-73.9850224, 40.7860274], [-73.9847162, 40.7864723], [-73.9859411, 40.7865033], [-73.9846368, 40.7865799], [-73.9641769, 40.8157223], [-73.9581787, 40.8223733], [-73.9579453, 40.8227757], [-73.9581498, 40.8230204], [-73.959591, 40.8236389], [-73.9572789, 40.8271388], [-73.9569686, 40.8270244], [-73.9563188, 40.8279644], [-73.9550126, 40.8274618], [-73.9539383, 40.8285984], [-73.9501551, 40.8344141], [-73.9485346, 40.8396184], [-73.9461013, 40.8438655], [-73.9465544, 40.8460149], [-73.9463409, 40.8462487], [-73.94684, 40.8470227], [-73.9466768, 40.8489431], [-73.947075, 40.8502284], [-73.9464887, 40.8509922], [-73.9462854, 40.8508475], [-73.9446788, 40.8519341], [-73.9434429, 40.8523113], [-73.9419682, 40.8537753], [-73.9402242, 40.8567828], [-73.9374815, 40.8601283], [-73.9329337, 40.866769], [-73.9328492, 40.8674187], [-73.9324517, 40.8675285], [-73.9322582, 40.868681], [-73.9325973, 40.8689818], [-73.9320349, 40.8695614], [-73.9322232, 40.8700142], [-73.9319173, 40.8711483], [-73.9291126, 40.8756516], [-73.926514, 40.8776136], [-73.9262753, 40.8775142], [-73.9264185, 40.8771763], [-73.9260378, 40.8770549], [-73.9247512, 40.8774478], [-73.9234026, 40.8772921], [-73.9224183, 40.8767654], [-73.9225912, 40.8743529], [-73.9212574, 40.8730837], [-73.9204515, 40.8730118], [-73.9199187, 40.873614], [-73.92088, 40.8742018], [-73.9206874, 40.8743985], [-73.9211917, 40.8751388], [-73.9208935, 40.8754841], [-73.9188751, 40.8746597], [-73.9192757, 40.8736685], [-73.9187623, 40.8732313], [-73.9181177, 40.8738449], [-73.9163416, 40.8745598], [-73.9138105, 40.874191], [-73.9118268, 40.8735305], [-73.9105411, 40.8721585], [-73.9104417, 40.8713796], [-73.9109497, 40.8693911], [-73.911477, 40.8694667], [-73.9110927, 40.8689999], [-73.9127363, 40.8666104], [-73.9125479, 40.8665307], [-73.9139219, 40.8647542], [-73.9159172, 40.8643356], [-73.9152031, 40.8639313], [-73.915357, 40.8631705], [-73.9172574, 40.8617126], [-73.9195108, 40.858782], [-73.9205908, 40.8592557], [-73.9214016, 40.8604955], [-73.9220972, 40.8593573], [-73.920829, 40.8579917], [-73.9223811, 40.8565677], [-73.9223418, 40.8559265], [-73.921512, 40.8566101], [-73.9297583, 40.8451783], [-73.9349239, 40.8351128], [-73.935174, 40.8328773], [-73.9337958, 40.8184745], [-73.934347, 40.8096162], [-73.9335591, 40.8076093], [-73.9303143, 40.803798], [-73.9290426, 40.8010879], [-73.9292713, 40.7958613], [-73.9301939, 40.7945974], [-73.9358336, 40.7910857], [-73.9370806, 40.7893738], [-73.9362193, 40.7887917], [-73.9371816, 40.789184], [-73.938136, 40.7871756], [-73.9398237, 40.785258], [-73.9432271, 40.7833037], [-73.9438761, 40.7812651], [-73.9419865, 40.7763768], [-73.9428758, 40.7747665], [-73.9477286, 40.7698724], [-73.9544182, 40.7621854], [-73.9591997, 40.7578572], [-73.9713594, 40.7438412], [-73.971898, 40.7427218], [-73.9726602, 40.7392335], [-73.9724965, 40.7357917], [-73.9744263, 40.7364197], [-73.9745236, 40.7360545], [-73.9745182, 40.7356242], [-73.9732754, 40.7351399], [-73.973543, 40.7349381], [-73.9744448, 40.7353167], [-73.9734277, 40.7312975], [-73.9714916, 40.7292553], [-73.9715429, 40.7271777], [-73.9734768, 40.7188947], [-73.9764481, 40.711897], [-73.9779578, 40.71059], [-73.9812986, 40.7102348], [-73.9812473, 40.7098358], [-73.988416, 40.7091366], [-73.9886265, 40.709857], [-73.9884165, 40.7100148], [-73.9981099, 40.7085272], [-74.0014173, 40.7068703], [-74.0009939, 40.7064243], [-74.0014126, 40.7061802], [-74.0005852, 40.705432], [-74.0014619, 40.704865], [-74.0025846, 40.7055278], [-74.0019737, 40.7047326], [-74.0021704, 40.7046043], [-74.0033258, 40.7056364], [-74.0038425, 40.705304], [-74.0026364, 40.7042228], [-74.0028652, 40.704074], [-74.0040504, 40.7051665], [-74.0065914, 40.7037016], [-74.005318, 40.7025684], [-74.0055028, 40.7024496], [-74.0067819, 40.7035857], [-74.0093009, 40.7019343], [-74.0087046, 40.7011456], [-74.0077652, 40.7015461], [-74.0076021, 40.701332], [-74.0085441, 40.7009182], [-74.0083548, 40.7006656], [-74.0086223, 40.700549], [-74.0095772, 40.7018444], [-74.0111862, 40.7014615], [-74.0108269, 40.7001814], [-74.0111597, 40.7009097], [-74.0113528, 40.7005718], [-74.0117224, 40.7007782], [-74.0116766, 40.7004607], [-74.0124715, 40.7011535], [-74.01189, 40.7000795], [-74.012399, 40.7006636], [-74.0126098, 40.700121], [-74.0131254, 40.700542], [-74.0131028, 40.6997802], [-74.013287, 40.7005277], [-74.013484, 40.7005127], [-74.0134968, 40.7002554], [-74.0136783, 40.7001277], [-74.0135873, 40.7009602], [-74.0139548, 40.7010113], [-74.0141014, 40.7005647], [-74.015138, 40.7008491], [-74.0178901, 40.7036258]]], [[[-73.9360525, 40.7842213], [-73.9357172, 40.7856855], [-73.9324168, 40.7897268], [-73.9308477, 40.7909981], [-73.9297373, 40.7913636], [-73.9280341, 40.7908051], [-73.9260934, 40.7907993], [-73.926184, 40.7917531], [-73.9265803, 40.7918692], [-73.9261509, 40.7919048], [-73.9263806, 40.7919332], [-73.9267672, 40.7919466], [-73.9263503, 40.7915775], [-73.926534, 40.791017], [-73.9278531, 40.7909747], [-73.9272166, 40.79194], [-73.9282479, 40.7923288], [-73.9283431, 40.7929715], [-73.9273547, 40.794465], [-73.9269149, 40.7958844], [-73.9274028, 40.7984983], [-73.925566, 40.8019289], [-73.9226743, 40.8018686], [-73.9218667, 40.8014611], [-73.9202875, 40.7993755], [-73.916674, 40.7979071], [-73.9153779, 40.7970104], [-73.913833, 40.7946452], [-73.913833, 40.7937875], [-73.915129, 40.7920915], [-73.916869, 40.7903736], [-73.9170916, 40.79053], [-73.9185186, 40.7897421], [-73.9185136, 40.789437], [-73.9221315, 40.785585], [-73.922871, 40.7835524], [-73.9244811, 40.7823457], [-73.9258464, 40.7820979], [-73.9273431, 40.781056], [-73.9281454, 40.7809362], [-73.9306626, 40.7822574], [-73.9349944, 40.7829987], [-73.9360525, 40.7842213]]], [[[-73.8914559, 40.7901848], [-73.8920568, 40.7902497], [-73.8926833, 40.7926866], [-73.8919109, 40.7965463], [-73.8902114, 40.7979628], [-73.8890441, 40.7978328], [-73.8882373, 40.7983136], [-73.8874219, 40.7983461], [-73.8853791, 40.7971051], [-73.883815, 40.7956348], [-73.8835768, 40.7956035], [-73.8836801, 40.7958778], [-73.882625, 40.7951738], [-73.8780132, 40.7942965], [-73.8759206, 40.7931544], [-73.874877, 40.792125], [-73.8728888, 40.7914184], [-73.8713453, 40.7901435], [-73.8708901, 40.7879341], [-73.8715375, 40.7868701], [-73.8731237, 40.7858823], [-73.8766316, 40.7858605], [-73.8786232, 40.7853712], [-73.8811066, 40.7857318], [-73.8833309, 40.7864905], [-73.8838897, 40.7862916], [-73.8886407, 40.7871305], [-73.8896535, 40.7882677], [-73.8902114, 40.7899248], [-73.8914559, 40.7901848]]], [[[-73.7855756, 40.8379252], [-73.7858916, 40.8394106], [-73.7864848, 40.8397505], [-73.7873379, 40.8397092], [-73.7876235, 40.8405267], [-73.787355, 40.8406145], [-73.787785, 40.8409123], [-73.7878527, 40.8414948], [-73.7882731, 40.8415366], [-73.7880104, 40.841739], [-73.7890855, 40.8432319], [-73.7896202, 40.843121], [-73.789794, 40.8435862], [-73.789346, 40.8436733], [-73.7895436, 40.8444616], [-73.7915115, 40.8468117], [-73.7910277, 40.8488112], [-73.78998, 40.8492547], [-73.7896058, 40.8488448], [-73.7901276, 40.851191], [-73.7895128, 40.8513214], [-73.7897158, 40.851706], [-73.790167, 40.8516036], [-73.7901558, 40.8522564], [-73.7911402, 40.852036], [-73.7914418, 40.8527717], [-73.7903997, 40.8530324], [-73.7911028, 40.8532792], [-73.7913264, 40.8539453], [-73.791802, 40.8540393], [-73.7918535, 40.8542629], [-73.7911206, 40.8545537], [-73.7925176, 40.8558919], [-73.7920765, 40.856024], [-73.7916083, 40.8573766], [-73.7910368, 40.8573526], [-73.78982, 40.8585436], [-73.7889975, 40.8584897], [-73.7888619, 40.8581914], [-73.78887, 40.8566282], [-73.7882858, 40.8547969], [-73.7884965, 40.8544429], [-73.7881913, 40.8540991], [-73.7871013, 40.8541045], [-73.7878748, 40.8537864], [-73.7877992, 40.853335], [-73.7853923, 40.8515427], [-73.7844631, 40.8517738], [-73.7835588, 40.8515637], [-73.7844818, 40.8510202], [-73.7839923, 40.8504729], [-73.7841487, 40.8500353], [-73.7836361, 40.8493523], [-73.7830295, 40.8490604], [-73.7824299, 40.8493312], [-73.7815049, 40.8487052], [-73.7826187, 40.848236], [-73.7824307, 40.8479457], [-73.7815944, 40.8480242], [-73.781426, 40.8474761], [-73.7825112, 40.8464256], [-73.7825348, 40.8457058], [-73.7831352, 40.8455126], [-73.7829824, 40.8446761], [-73.7833277, 40.8445263], [-73.7829966, 40.8441879], [-73.7835187, 40.8437553], [-73.7830043, 40.8425991], [-73.7824079, 40.8425101], [-73.7824536, 40.8420576], [-73.7818998, 40.8417292], [-73.7814065, 40.8407106], [-73.7811608, 40.8393913], [-73.7814722, 40.8385211], [-73.7820099, 40.8379438], [-73.7819567, 40.8375689], [-73.7828279, 40.8372771], [-73.7826365, 40.8368679], [-73.7829194, 40.8363294], [-73.7833139, 40.8368583], [-73.7843161, 40.8367818], [-73.7855756, 40.8379252]]], [[[-73.772461, 40.8521186], [-73.7724533, 40.8524569], [-73.7716465, 40.8526971], [-73.7722215, 40.8531645], [-73.7723947, 40.8538616], [-73.7718073, 40.8550543], [-73.7722246, 40.8560428], [-73.7718806, 40.8567222], [-73.7724783, 40.8597426], [-73.7709269, 40.8601227], [-73.7693396, 40.8592402], [-73.7684942, 40.8584476], [-73.7683695, 40.8575709], [-73.7653293, 40.8551771], [-73.7679386, 40.8542812], [-73.7685151, 40.853323], [-73.7690452, 40.8532825], [-73.7693207, 40.8527565], [-73.7686252, 40.850747], [-73.7695823, 40.8477448], [-73.7678214, 40.8454444], [-73.7679766, 40.8451275], [-73.7691565, 40.8450557], [-73.77154, 40.8473463], [-73.7709757, 40.8498638], [-73.7720485, 40.8515866], [-73.7724655, 40.8516889], [-73.772461, 40.8521186]]], [[[-73.774545, 40.8828792], [-73.7720123, 40.8846389], [-73.7712419, 40.8875103], [-73.7708837, 40.8877287], [-73.7704677, 40.8878743], [-73.7675363, 40.8867007], [-73.7670856, 40.8860251], [-73.767101, 40.8848282], [-73.7682335, 40.8831304], [-73.7667544, 40.880984], [-73.7670548, 40.8805996], [-73.7705447, 40.8800404], [-73.7719738, 40.8813452], [-73.7731846, 40.8815432], [-73.7743924, 40.8824097], [-73.774545, 40.8828792]]], [[[-73.7803569, 40.886584], [-73.7812239, 40.8866023], [-73.7821904, 40.8860349], [-73.7829849, 40.8849035], [-73.7825443, 40.8845306], [-73.781248, 40.8855501], [-73.7807156, 40.885326], [-73.7800504, 40.8854983], [-73.78113, 40.884673], [-73.7811521, 40.8839121], [-73.78067, 40.8836028], [-73.7810133, 40.8828566], [-73.7809525, 40.8831916], [-73.7815051, 40.8832889], [-73.7826209, 40.8822993], [-73.7824492, 40.8814638], [-73.7818325, 40.8814453], [-73.782514, 40.881286], [-73.7845022, 40.8817559], [-73.7867452, 40.8830315], [-73.7860532, 40.8856773], [-73.7863114, 40.8861736], [-73.7830289, 40.8883338], [-73.7828157, 40.8881984], [-73.7820907, 40.8887531], [-73.7813283, 40.888575], [-73.7806738, 40.8891467], [-73.7800698, 40.888928], [-73.7798246, 40.8882774], [-73.780057, 40.8879298], [-73.7791509, 40.8879712], [-73.7788276, 40.887421], [-73.7797273, 40.8866012], [-73.7803569, 40.886584]]], [[[-73.617191, 40.5950959], [-73.6166033, 40.596098], [-73.6167715, 40.5965563], [-73.6159853, 40.5967366], [-73.6150877, 40.5965361], [-73.615024, 40.5958959], [-73.6144747, 40.5955896], [-73.6135477, 40.5954202], [-73.6126894, 40.5957395], [-73.6096682, 40.5947881], [-73.6037458, 40.5953811], [-73.6024498, 40.5948663], [-73.5971111, 40.5952703], [-73.5949482, 40.594384], [-73.5939096, 40.5936213], [-73.5869671, 40.5936379], [-73.5862333, 40.5930654], [-73.584288, 40.5930608], [-73.5842954, 40.5938724], [-73.5800547, 40.5942806], [-73.5775643, 40.5949965], [-73.5763058, 40.5947294], [-73.5761427, 40.5941363], [-73.5754709, 40.593952], [-73.5751236, 40.5933909], [-73.5752758, 40.5921679], [-73.5761363, 40.5909275], [-73.5771705, 40.5869392], [-73.5789259, 40.5856212], [-73.5796156, 40.5858249], [-73.581769, 40.5853874], [-73.584992, 40.5854436], [-73.5875094, 40.5861218], [-73.5954821, 40.5850402], [-73.604933, 40.5849112], [-73.6168783, 40.5856159], [-73.6285685, 40.5846793], [-73.640727, 40.5826703], [-73.6552934, 40.5823537], [-73.6716599, 40.5830518], [-73.6891436, 40.582823], [-73.7048062, 40.5831179], [-73.7147511, 40.5842371], [-73.7241687, 40.5847943], [-73.7241687, 40.5850172], [-73.7247988, 40.5850828], [-73.7380001, 40.5855833], [-73.7422728, 40.5852853], [-73.7549993, 40.582796], [-73.7549894, 40.5848684], [-73.7542491, 40.586001], [-73.7482195, 40.5904658], [-73.7439416, 40.592763], [-73.7392963, 40.5927411], [-73.7289207, 40.5901266], [-73.7229348, 40.5899222], [-73.7138417, 40.5889898], [-73.7131383, 40.5891891], [-73.7128868, 40.5881824], [-73.7126043, 40.5881354], [-73.7126076, 40.589205], [-73.7114149, 40.5897334], [-73.710121, 40.5895975], [-73.7099029, 40.5893297], [-73.7099644, 40.5889392], [-73.7110002, 40.5889272], [-73.7109858, 40.5886434], [-73.7096474, 40.5886556], [-73.7096357, 40.589205], [-73.7092129, 40.5895233], [-73.6982841, 40.5888129], [-73.6879603, 40.5886397], [-73.6865849, 40.5888239], [-73.6828831, 40.5920067], [-73.6700909, 40.5933087], [-73.6701438, 40.5935898], [-73.6686257, 40.593749], [-73.6653428, 40.5937319], [-73.6597525, 40.5942975], [-73.6589693, 40.5946193], [-73.6501592, 40.5948569], [-73.6458908, 40.5948678], [-73.6457887, 40.5895722], [-73.6455527, 40.5895722], [-73.6456278, 40.5948719], [-73.6431012, 40.5949615], [-73.6430261, 40.589613], [-73.6427793, 40.5896089], [-73.6428276, 40.5949534], [-73.6402403, 40.5950532], [-73.6401793, 40.5895937], [-73.6398621, 40.5895968], [-73.63996, 40.5950425], [-73.638409, 40.5951016], [-73.638295, 40.5894364], [-73.6380637, 40.5894303], [-73.6381927, 40.5951448], [-73.6325916, 40.5951675], [-73.6324148, 40.5917297], [-73.6321573, 40.5917297], [-73.631977, 40.595167], [-73.6285056, 40.5951736], [-73.6279287, 40.5948198], [-73.6248208, 40.5947531], [-73.6247093, 40.5943794], [-73.6203294, 40.5951451], [-73.617191, 40.5950959]]], [[[-73.6045168, 40.598664], [-73.6065385, 40.5991917], [-73.607529, 40.5990428], [-73.6072444, 40.6004257], [-73.6055891, 40.6004041], [-73.6022358, 40.5991539], [-73.5976906, 40.5983205], [-73.5960691, 40.5966808], [-73.6024563, 40.5972303], [-73.6036322, 40.597654], [-73.6045168, 40.598664]]], [[[-73.6217066, 40.5981925], [-73.622381, 40.5983291], [-73.6222847, 40.5986266], [-73.6241859, 40.5997825], [-73.6239547, 40.6004701], [-73.6232931, 40.6005189], [-73.6235671, 40.6011829], [-73.6227899, 40.6018266], [-73.620833, 40.6013138], [-73.6210257, 40.6011334], [-73.6206917, 40.6003189], [-73.6202228, 40.5998849], [-73.6187904, 40.5998507], [-73.619741, 40.5991289], [-73.6198117, 40.5982559], [-73.6217066, 40.5981925]]], [[[-73.6765603, 40.5974063], [-73.6778238, 40.5978745], [-73.6783476, 40.5991331], [-73.6777441, 40.602188], [-73.6772865, 40.6025692], [-73.6764599, 40.6018015], [-73.6755235, 40.6018565], [-73.6744448, 40.6034325], [-73.6732376, 40.6037144], [-73.6716615, 40.6046788], [-73.6712809, 40.6045671], [-73.6723645, 40.6008601], [-73.6712284, 40.5981255], [-73.671283, 40.5974387], [-73.6738973, 40.5970966], [-73.675318, 40.5976722], [-73.6756356, 40.5973336], [-73.6765603, 40.5974063]]], [[[-73.6622442, 40.5972947], [-73.6624668, 40.5968386], [-73.6639018, 40.5966756], [-73.6645295, 40.5970076], [-73.6655853, 40.5976381], [-73.6669111, 40.5996208], [-73.6684152, 40.6007022], [-73.6691957, 40.6020752], [-73.6688056, 40.6046447], [-73.6643652, 40.6060558], [-73.6619034, 40.6057848], [-73.6626359, 40.5979424], [-73.6622442, 40.5972947]]], [[[-73.6127767, 40.5986303], [-73.6131673, 40.5985958], [-73.6131037, 40.5990303], [-73.6134762, 40.5990786], [-73.6133308, 40.5994442], [-73.6136864, 40.5994697], [-73.613349, 40.599927], [-73.6139576, 40.59972], [-73.6141756, 40.600189], [-73.6139304, 40.6009477], [-73.6143301, 40.601127], [-73.613994, 40.6013271], [-73.61552, 40.6016305], [-73.61552, 40.6020183], [-73.6168735, 40.6030253], [-73.611687, 40.6024403], [-73.6110875, 40.6028886], [-73.6091623, 40.6064761], [-73.6081352, 40.60713], [-73.6081534, 40.606399], [-73.6085077, 40.6061576], [-73.6080989, 40.6055507], [-73.6084441, 40.6049714], [-73.6073449, 40.6037024], [-73.6066055, 40.6037444], [-73.6065898, 40.6032216], [-73.6093706, 40.6011092], [-73.6104425, 40.5996263], [-73.6104062, 40.598978], [-73.6111238, 40.5982676], [-73.612377, 40.597975], [-73.6129311, 40.5983406], [-73.6127767, 40.5986303]]], [[[-73.631676, 40.5980447], [-73.6332203, 40.5985137], [-73.632648, 40.5987], [-73.6328024, 40.5990655], [-73.6333111, 40.5994863], [-73.6341196, 40.599369], [-73.6340378, 40.5998104], [-73.6345647, 40.6003415], [-73.634165, 40.6009277], [-73.6343013, 40.6011622], [-73.6326753, 40.6017899], [-73.6310634, 40.603348], [-73.6303846, 40.6051383], [-73.6304617, 40.606494], [-73.631194, 40.6061429], [-73.6308343, 40.6076643], [-73.6303076, 40.6079179], [-73.6299222, 40.6088932], [-73.6294212, 40.6091468], [-73.6269479, 40.6093867], [-73.6270751, 40.6089385], [-73.6267481, 40.6086075], [-73.6237958, 40.6099384], [-73.6230782, 40.6092005], [-73.6240047, 40.6075937], [-73.6240138, 40.6062834], [-73.6242318, 40.6062075], [-73.6239658, 40.6049903], [-73.6247559, 40.6045368], [-73.6250963, 40.604727], [-73.6251734, 40.6044003], [-73.6263489, 40.6037127], [-73.6267792, 40.603937], [-73.6269976, 40.6045466], [-73.6276271, 40.6045319], [-73.6276209, 40.6033428], [-73.6285565, 40.6019773], [-73.6289327, 40.6002173], [-73.6294686, 40.5996725], [-73.6296685, 40.598293], [-73.6303044, 40.5985758], [-73.631676, 40.5980447]]], [[[-73.6434229, 40.6016993], [-73.6428781, 40.6021808], [-73.6433579, 40.6035204], [-73.6418455, 40.6038723], [-73.6412438, 40.6068539], [-73.6403413, 40.6073539], [-73.6399266, 40.6080268], [-73.6406177, 40.6096502], [-73.641097, 40.6098083], [-73.6420544, 40.6109378], [-73.6414173, 40.6113354], [-73.6399238, 40.6112978], [-73.6392726, 40.6115933], [-73.6368234, 40.611287], [-73.6346232, 40.6115437], [-73.6346008, 40.6091564], [-73.6342024, 40.6081255], [-73.6347065, 40.6072428], [-73.6346984, 40.6060391], [-73.6341211, 40.6049711], [-73.6362352, 40.6029649], [-73.6376174, 40.6007239], [-73.6393737, 40.5995201], [-73.6422195, 40.5994028], [-73.6444067, 40.6004152], [-73.6434229, 40.6016993]]], [[[-73.6755916, 40.6021222], [-73.6766833, 40.6023198], [-73.6766269, 40.603173], [-73.6774879, 40.6033075], [-73.6774155, 40.6037514], [-73.6768791, 40.6041037], [-73.6760245, 40.6037519], [-73.6750065, 40.6055743], [-73.6728643, 40.6071882], [-73.6721956, 40.6097463], [-73.6718898, 40.6091578], [-73.6710208, 40.608661], [-73.6708339, 40.6079677], [-73.670428, 40.6079788], [-73.6700701, 40.6071121], [-73.66894, 40.6065023], [-73.6707893, 40.6049352], [-73.6723758, 40.6050836], [-73.6736708, 40.6039717], [-73.674773, 40.6036739], [-73.6755916, 40.6021222]]], [[[-73.6507619, 40.6120964], [-73.652026, 40.6128315], [-73.6520779, 40.6135696], [-73.6523458, 40.6137238], [-73.6519762, 40.6143166], [-73.6520763, 40.6159338], [-73.6499456, 40.6169342], [-73.6474699, 40.6173903], [-73.6438492, 40.6174727], [-73.6429319, 40.6169861], [-73.6430148, 40.6167449], [-73.6419043, 40.616584], [-73.6420333, 40.6157482], [-73.641572, 40.6147872], [-73.6401607, 40.6131784], [-73.6403571, 40.6130964], [-73.6400803, 40.6128118], [-73.6404143, 40.6125524], [-73.6409643, 40.6127433], [-73.6423797, 40.6123375], [-73.6433344, 40.6109588], [-73.6432237, 40.6105103], [-73.6423534, 40.6100254], [-73.6410028, 40.6082488], [-73.6411978, 40.6077917], [-73.642828, 40.6074456], [-73.6422862, 40.6063164], [-73.64257, 40.6046532], [-73.6449745, 40.6041018], [-73.6457923, 40.6034804], [-73.6449749, 40.6020719], [-73.6457156, 40.6005661], [-73.6451086, 40.5989311], [-73.6463572, 40.5985721], [-73.6463777, 40.5982089], [-73.6476035, 40.5975999], [-73.6510854, 40.5974329], [-73.6513022, 40.5969951], [-73.6511063, 40.5959739], [-73.6543386, 40.5958322], [-73.6546014, 40.596151], [-73.6544798, 40.5967522], [-73.6550495, 40.5967368], [-73.6551475, 40.5962005], [-73.6581196, 40.5968202], [-73.6620378, 40.5964149], [-73.6615557, 40.5975386], [-73.6620435, 40.5984747], [-73.6614174, 40.6057891], [-73.6570954, 40.606833], [-73.654294, 40.6097862], [-73.6526087, 40.6108738], [-73.6522479, 40.6123977], [-73.6504127, 40.6119049], [-73.6507619, 40.6120964]]], [[[-73.7027059, 40.604821], [-73.7028596, 40.6051034], [-73.7022714, 40.6052038], [-73.702005, 40.6059402], [-73.699224, 40.6067184], [-73.6988387, 40.6070907], [-73.698694, 40.6075427], [-73.6990839, 40.6085691], [-73.6988621, 40.6087605], [-73.6963029, 40.6092427], [-73.6956281, 40.6098808], [-73.6952946, 40.6108994], [-73.6944757, 40.6110875], [-73.6938319, 40.6106966], [-73.6937787, 40.6097182], [-73.6942717, 40.6078259], [-73.6951385, 40.6063575], [-73.6975239, 40.6058255], [-73.7010489, 40.6039124], [-73.7037936, 40.6033058], [-73.7027059, 40.604821]]], [[[-73.6151357, 40.6041558], [-73.6143264, 40.6045947], [-73.6143392, 40.6049361], [-73.6135684, 40.6051117], [-73.6136969, 40.6055896], [-73.6131188, 40.6070135], [-73.6119369, 40.6082131], [-73.6120525, 40.608652], [-73.6115562, 40.6100799], [-73.610448, 40.6108592], [-73.6106115, 40.6111281], [-73.6103026, 40.6112178], [-73.6102118, 40.6124797], [-73.6095396, 40.6126452], [-73.6087584, 40.6114178], [-73.6092216, 40.609411], [-73.6079862, 40.60908], [-73.6079226, 40.6085766], [-73.608613, 40.6087697], [-73.6082769, 40.6080938], [-73.6100937, 40.6070387], [-73.6111747, 40.6050456], [-73.6115199, 40.603549], [-73.6129903, 40.6034438], [-73.6151357, 40.6041558]]], [[[-73.6901171, 40.6142115], [-73.6902385, 40.6146085], [-73.6894072, 40.6149701], [-73.6881463, 40.6135166], [-73.6885947, 40.6146085], [-73.6873898, 40.6138853], [-73.6854471, 40.6137506], [-73.6858415, 40.6128516], [-73.6857169, 40.6107104], [-73.6852776, 40.6097344], [-73.6835538, 40.6088826], [-73.681325, 40.6083835], [-73.680872, 40.6078978], [-73.6809934, 40.6072419], [-73.6825859, 40.6064016], [-73.6844072, 40.604363], [-73.6871765, 40.604987], [-73.6902559, 40.604904], [-73.6903914, 40.6059566], [-73.691211, 40.6071309], [-73.69049, 40.6106348], [-73.6911351, 40.6123539], [-73.690005, 40.6134741], [-73.6901451, 40.6138286], [-73.6905467, 40.6138286], [-73.6901171, 40.6142115]]], [[[-73.6221309, 40.608759], [-73.6219722, 40.6091419], [-73.6230836, 40.6112549], [-73.621748, 40.6150907], [-73.6206272, 40.6159769], [-73.619002, 40.6155728], [-73.6178626, 40.6147716], [-73.6172274, 40.6156862], [-73.6118663, 40.6142753], [-73.6103252, 40.614956], [-73.6126041, 40.6118505], [-73.6129964, 40.6115101], [-73.6141133, 40.6114137], [-73.6155556, 40.6094823], [-73.616144, 40.6083407], [-73.616088, 40.6075252], [-73.6148271, 40.6078089], [-73.6147804, 40.6072842], [-73.6155929, 40.6061425], [-73.618451, 40.6052703], [-73.6215799, 40.6052845], [-73.6222524, 40.6055682], [-73.6232144, 40.6069793], [-73.6224578, 40.6077521], [-73.6221309, 40.608759]]], [[[-73.6642618, 40.6111182], [-73.6632512, 40.6146079], [-73.6615197, 40.6155013], [-73.6601086, 40.6155995], [-73.6598528, 40.6152912], [-73.6601086, 40.61407], [-73.6612116, 40.6134197], [-73.6616183, 40.6122316], [-73.6614766, 40.6116515], [-73.6609466, 40.6106926], [-73.6577855, 40.6085781], [-73.6595786, 40.6079185], [-73.6650013, 40.6078577], [-73.6658085, 40.6084143], [-73.6642618, 40.6111182]]], [[[-73.680475, 40.6091748], [-73.681644, 40.6109898], [-73.6818369, 40.6117951], [-73.6801335, 40.6144492], [-73.6801679, 40.6161944], [-73.6797188, 40.6166743], [-73.6786943, 40.6167761], [-73.6785967, 40.6170199], [-73.6790968, 40.6173748], [-73.676575, 40.6178638], [-73.6764317, 40.6159575], [-73.6767927, 40.6150925], [-73.676729, 40.6142005], [-73.6780087, 40.6121174], [-73.677593, 40.6117239], [-73.6781735, 40.6088271], [-73.6788666, 40.6071934], [-73.6799142, 40.6069731], [-73.6798859, 40.6077523], [-73.680475, 40.6091748]]], [[[-73.6839574, 40.6149353], [-73.6826189, 40.6150676], [-73.6825331, 40.6146685], [-73.6817901, 40.6141758], [-73.6814575, 40.6144018], [-73.6812855, 40.61582], [-73.6808242, 40.6154454], [-73.6806847, 40.6145414], [-73.6815537, 40.6134663], [-73.6822565, 40.6117582], [-73.6807983, 40.608749], [-73.6833041, 40.6092757], [-73.6845074, 40.6097163], [-73.6850029, 40.6102644], [-73.6852577, 40.6111564], [-73.6846192, 40.6144773], [-73.6841308, 40.6155922], [-73.6834831, 40.6161215], [-73.6839574, 40.6149353]]], [[[-73.6603613, 40.6127388], [-73.6602434, 40.6131647], [-73.6592921, 40.6137819], [-73.6586823, 40.6161768], [-73.6594487, 40.6181783], [-73.6594731, 40.619496], [-73.658969, 40.6205359], [-73.659591, 40.6223041], [-73.6573366, 40.6224041], [-73.65541, 40.620596], [-73.6536287, 40.6172617], [-73.6541168, 40.6136523], [-73.6539176, 40.612279], [-73.6542062, 40.611708], [-73.6567878, 40.6096186], [-73.6599751, 40.6119117], [-73.6603613, 40.6127388]]], [[[-73.6724545, 40.6155214], [-73.6719408, 40.6169606], [-73.6656831, 40.6218028], [-73.6620969, 40.6218933], [-73.661317, 40.6180189], [-73.662139, 40.6172354], [-73.663922, 40.6166752], [-73.6657352, 40.615421], [-73.6675781, 40.6113521], [-73.6690981, 40.6123634], [-73.672706, 40.6127433], [-73.6728623, 40.6133874], [-73.6724545, 40.6155214]]], [[[-73.6946409, 40.6212217], [-73.6935573, 40.6219546], [-73.6885469, 40.622598], [-73.6879353, 40.6219058], [-73.6885362, 40.6208878], [-73.6876018, 40.6200388], [-73.6847167, 40.6206761], [-73.6844377, 40.6210181], [-73.683676, 40.6209041], [-73.6824941, 40.618072], [-73.6832451, 40.6168342], [-73.684672, 40.6160279], [-73.6851977, 40.6153275], [-73.6853372, 40.6139673], [-73.6872202, 40.6140575], [-73.6875938, 40.6146886], [-73.6868652, 40.6153338], [-73.6873136, 40.6159789], [-73.6869026, 40.6169928], [-73.6874443, 40.615986], [-73.6870987, 40.6153479], [-73.6878553, 40.6145255], [-73.6893217, 40.6153905], [-73.6895925, 40.6161562], [-73.6890508, 40.6165036], [-73.6898354, 40.6173685], [-73.6892189, 40.6165958], [-73.6898354, 40.61622], [-73.6896486, 40.6152699], [-73.6914699, 40.6162271], [-73.6922077, 40.6162129], [-73.6926841, 40.6169502], [-73.6928522, 40.6167234], [-73.6924132, 40.6161845], [-73.6956065, 40.6167834], [-73.6952417, 40.6182656], [-73.6956494, 40.6199513], [-73.6946409, 40.6212217]]], [[[-73.67626, 40.620895], [-73.6774055, 40.6214052], [-73.6769418, 40.622024], [-73.6768344, 40.6229527], [-73.677448, 40.6236079], [-73.675459, 40.6233608], [-73.6750365, 40.6229961], [-73.6749226, 40.6218729], [-73.6744772, 40.6211142], [-73.6724684, 40.6202021], [-73.6715564, 40.6203518], [-73.6712976, 40.6196502], [-73.6723266, 40.6183826], [-73.6739041, 40.6172974], [-73.6743509, 40.6199351], [-73.67626, 40.620895]]], [[[-73.6882968, 40.6256072], [-73.6884737, 40.6244686], [-73.6877277, 40.6242141], [-73.6877256, 40.6238762], [-73.6882826, 40.6234889], [-73.6879574, 40.6232127], [-73.6939173, 40.6226789], [-73.6932249, 40.6231068], [-73.6926266, 40.6240814], [-73.6918602, 40.6240829], [-73.6911488, 40.6246229], [-73.6915526, 40.6279379], [-73.6897072, 40.6282025], [-73.6882968, 40.6256072]]], [[[-73.7439642, 40.6361966], [-73.7439958, 40.6370616], [-73.7434272, 40.6376647], [-73.7426461, 40.6379376], [-73.7413914, 40.6376462], [-73.7429109, 40.635202], [-73.7421052, 40.6347015], [-73.7409159, 40.6348209], [-73.7405018, 40.6337711], [-73.7410093, 40.6322562], [-73.7418789, 40.6313908], [-73.7437084, 40.6317706], [-73.7444877, 40.6323869], [-73.7451007, 40.6335226], [-73.74565, 40.6335617], [-73.7450577, 40.6341023], [-73.7447771, 40.6350152], [-73.7438995, 40.635748], [-73.7439642, 40.6361966]]], [[[-73.7068361, 40.9404751], [-73.7071197, 40.9402427], [-73.7064968, 40.9393518], [-73.7053735, 40.9395152], [-73.7049688, 40.9391568], [-73.7055549, 40.9390566], [-73.7053251, 40.9385551], [-73.7068428, 40.9376533], [-73.7074223, 40.9379299], [-73.7071597, 40.938772], [-73.7079342, 40.9401424], [-73.7074388, 40.9422875], [-73.7062142, 40.9426125], [-73.7041385, 40.9447119], [-73.7015847, 40.9452811], [-73.7032035, 40.942862], [-73.7038454, 40.9429832], [-73.7046253, 40.9424583], [-73.7047458, 40.9420353], [-73.7057114, 40.9419967], [-73.7059173, 40.941415], [-73.7055898, 40.9410437], [-73.7062012, 40.9405014], [-73.7068361, 40.9404751]]], [[[-73.6239798, 40.9842975], [-73.6235801, 40.9846452], [-73.6229088, 40.9844164], [-73.6230123, 40.9839984], [-73.6222809, 40.982958], [-73.6222375, 40.9823522], [-73.6239391, 40.9821306], [-73.6250297, 40.9813306], [-73.6255593, 40.9813909], [-73.6258782, 40.9817759], [-73.6248107, 40.9820385], [-73.6248178, 40.9825987], [-73.6239106, 40.9829621], [-73.6242074, 40.9834796], [-73.6247227, 40.9835868], [-73.6250638, 40.9833949], [-73.6254503, 40.9820117], [-73.6261674, 40.9818362], [-73.6265074, 40.9822428], [-73.6275073, 40.9823858], [-73.6287187, 40.981442], [-73.6290883, 40.9805969], [-73.630291, 40.9805644], [-73.6304215, 40.9810806], [-73.6295289, 40.9825625], [-73.6296895, 40.9835716], [-73.6293989, 40.9837964], [-73.6291295, 40.9832934], [-73.6283994, 40.9830793], [-73.6264927, 40.9830223], [-73.6257022, 40.9837358], [-73.6239798, 40.9842975]]], [[[-73.6394695, 40.9916268], [-73.6393769, 40.9895899], [-73.6402467, 40.9892117], [-73.6409639, 40.9894206], [-73.641087, 40.9900025], [-73.6425491, 40.9917492], [-73.6410408, 40.9930826], [-73.6408593, 40.9938512], [-73.642054, 40.9950268], [-73.6426979, 40.9963833], [-73.6409744, 40.9947241], [-73.639453, 40.9941966], [-73.6381199, 40.9942456], [-73.6379394, 40.9935206], [-73.6371571, 40.9926033], [-73.6394695, 40.9916268]]], [[[-73.5712109, 40.602199], [-73.5718217, 40.6014396], [-73.5734149, 40.6004046], [-73.5739991, 40.5986976], [-73.5753269, 40.598254], [-73.5755305, 40.5978238], [-73.5776283, 40.5973466], [-73.5812309, 40.5958478], [-73.5874624, 40.5951678], [-73.5880605, 40.5960624], [-73.589774, 40.5962736], [-73.5900597, 40.5965515], [-73.5899265, 40.5974904], [-73.5888991, 40.5980081], [-73.5888711, 40.5987102], [-73.5895062, 40.5992633], [-73.5894327, 40.5995615], [-73.5884881, 40.6005115], [-73.5871338, 40.6002845], [-73.5863679, 40.6014759], [-73.5860373, 40.6030458], [-73.5831516, 40.6045444], [-73.5809476, 40.6053509], [-73.5803014, 40.6052635], [-73.5803103, 40.6055592], [-73.5735831, 40.6063656], [-73.5707906, 40.6044506], [-73.5712109, 40.602199]]], [[[-73.5521015, 40.6012047], [-73.5516209, 40.5999555], [-73.5528525, 40.5988713], [-73.5583457, 40.5970058], [-73.5608455, 40.5966963], [-73.5583028, 40.5971688], [-73.5540005, 40.5990668], [-73.5639998, 40.600077], [-73.5658881, 40.6005657], [-73.5672077, 40.6023008], [-73.5685233, 40.604983], [-73.5669931, 40.6077909], [-73.5657486, 40.6083366], [-73.5627982, 40.6080841], [-73.5600408, 40.6088497], [-73.5576698, 40.6099819], [-73.5559713, 40.6097988], [-73.5547882, 40.6089427], [-73.5541473, 40.6088445], [-73.5538758, 40.6083644], [-73.5540734, 40.6055136], [-73.552547, 40.6028598], [-73.5521015, 40.6012047]]], [[[-73.593645, 40.6048933], [-73.5933498, 40.6055143], [-73.5958817, 40.6077085], [-73.5960516, 40.6088263], [-73.5952522, 40.6111858], [-73.5952729, 40.6133723], [-73.5947916, 40.6139741], [-73.5939847, 40.6125878], [-73.5919707, 40.6112915], [-73.5893412, 40.610965], [-73.588076, 40.610236], [-73.5888174, 40.6080954], [-73.5871364, 40.6046683], [-73.5871328, 40.604022], [-73.5893262, 40.6024056], [-73.5935559, 40.603585], [-73.5944152, 40.6044111], [-73.593645, 40.6048933]]], [[[-73.5516528, 40.6170744], [-73.5511391, 40.617202], [-73.5467162, 40.6160483], [-73.5456701, 40.6143396], [-73.5465107, 40.6136306], [-73.5471573, 40.6136656], [-73.5465216, 40.6135475], [-73.5455319, 40.6140097], [-73.5449437, 40.6131918], [-73.5434659, 40.6130563], [-73.5427231, 40.6100213], [-73.5430247, 40.6130111], [-73.5445696, 40.6139355], [-73.5444462, 40.6148232], [-73.5433412, 40.6152915], [-73.5419357, 40.6152468], [-73.5393608, 40.6163706], [-73.5350057, 40.616268], [-73.5340752, 40.6152577], [-73.5343525, 40.6135222], [-73.5369406, 40.6117353], [-73.5372672, 40.6108091], [-73.5380498, 40.6106641], [-73.5399802, 40.6095372], [-73.5392096, 40.6093812], [-73.537982, 40.6102711], [-73.5372672, 40.6102618], [-73.5330851, 40.6068236], [-73.5322711, 40.6058241], [-73.5324339, 40.6054372], [-73.5344436, 40.603498], [-73.5360155, 40.6027394], [-73.5420109, 40.6017344], [-73.5438584, 40.600896], [-73.5455006, 40.6015785], [-73.5468242, 40.6013689], [-73.5494715, 40.6046848], [-73.5490114, 40.6051738], [-73.5507457, 40.6065334], [-73.5524899, 40.6101442], [-73.5543054, 40.6116009], [-73.5542765, 40.6132474], [-73.5537543, 40.6141675], [-73.5539225, 40.6149333], [-73.5531099, 40.6153799], [-73.5516528, 40.6170744]]], [[[-73.5212304, 40.6071828], [-73.5203208, 40.6095257], [-73.5200058, 40.6117477], [-73.519167, 40.6127525], [-73.5194466, 40.6130534], [-73.5186751, 40.6147917], [-73.5181371, 40.6149099], [-73.5153447, 40.6135854], [-73.5133344, 40.6134242], [-73.5104465, 40.6141953], [-73.5067521, 40.6158669], [-73.5063394, 40.6156469], [-73.5066103, 40.6154272], [-73.5066985, 40.6142221], [-73.5056949, 40.6145905], [-73.5053494, 40.6142715], [-73.5055455, 40.6131938], [-73.5061357, 40.6126338], [-73.5120648, 40.6104002], [-73.5155206, 40.6070463], [-73.5169777, 40.6048836], [-73.5176221, 40.6044156], [-73.5228726, 40.6041357], [-73.5226284, 40.6051138], [-73.5212304, 40.6071828]]], [[[-73.5870646, 40.6094106], [-73.5878317, 40.6116088], [-73.591623, 40.6123876], [-73.5926848, 40.6129625], [-73.5931661, 40.6137685], [-73.5930883, 40.6143757], [-73.5942562, 40.6152354], [-73.593156, 40.6147547], [-73.5932428, 40.6151399], [-73.5941943, 40.6156069], [-73.5940941, 40.6163183], [-73.5928359, 40.6157345], [-73.5925351, 40.61585], [-73.5926132, 40.6164595], [-73.5912754, 40.6157644], [-73.586751, 40.6149331], [-73.5862718, 40.6143112], [-73.5863001, 40.6120168], [-73.5859391, 40.6109099], [-73.5851605, 40.6102059], [-73.5821426, 40.6096449], [-73.5780797, 40.610196], [-73.57484, 40.6097861], [-73.5737602, 40.6093022], [-73.573291, 40.6084152], [-73.5741762, 40.6075349], [-73.5820364, 40.6067352], [-73.5861207, 40.6049127], [-73.586099, 40.6059393], [-73.5876804, 40.6079275], [-73.5870646, 40.6094106]]], [[[-73.4801369, 40.61171], [-73.4776931, 40.6125589], [-73.47383, 40.6147782], [-73.4728532, 40.613494], [-73.473738, 40.6129351], [-73.4739858, 40.6132522], [-73.4746016, 40.6131501], [-73.4746157, 40.6121828], [-73.4758209, 40.6115575], [-73.4780516, 40.6111084], [-73.4781995, 40.6097659], [-73.4771704, 40.6089051], [-73.4816199, 40.6075417], [-73.4830576, 40.6073299], [-73.4842753, 40.6075531], [-73.4845711, 40.6079648], [-73.4833818, 40.6087741], [-73.4827524, 40.6102759], [-73.4801369, 40.61171]]], [[[-73.5258121, 40.6071573], [-73.5252033, 40.6066737], [-73.5291531, 40.6049218], [-73.5306112, 40.6048573], [-73.5326643, 40.6078401], [-73.5358138, 40.6101907], [-73.5357926, 40.6110156], [-73.5343344, 40.6123375], [-73.5322817, 40.6157764], [-73.5316381, 40.6175498], [-73.530548, 40.6172005], [-73.5284681, 40.6148465], [-73.5245715, 40.6136793], [-73.5254783, 40.6103117], [-73.5269506, 40.6080924], [-73.526774, 40.6073104], [-73.5262651, 40.607598], [-73.5258121, 40.6071573]]], [[[-73.5851956, 40.6176408], [-73.5850554, 40.6188674], [-73.5854879, 40.6194304], [-73.5849049, 40.6195413], [-73.5838929, 40.6182229], [-73.5820389, 40.6189531], [-73.5812835, 40.6183584], [-73.5829867, 40.6174229], [-73.5835151, 40.61675], [-73.5833936, 40.6164449], [-73.5814764, 40.6152923], [-73.5804876, 40.6158354], [-73.5758105, 40.6119311], [-73.578836, 40.6119841], [-73.5837793, 40.611475], [-73.5841989, 40.612249], [-73.5843102, 40.6161581], [-73.5852895, 40.6169602], [-73.5851956, 40.6176408]]], [[[-73.5148627, 40.6177504], [-73.5109929, 40.618901], [-73.5102781, 40.6187327], [-73.5099207, 40.6181714], [-73.5109436, 40.6170114], [-73.5112887, 40.6157858], [-73.5123855, 40.6146538], [-73.5138521, 40.6140457], [-73.5149464, 40.6140434], [-73.5153042, 40.6143335], [-73.5143574, 40.615449], [-73.5146618, 40.6171109], [-73.5153042, 40.6176232], [-73.5148627, 40.6177504]]], [[[-73.5708396, 40.6158822], [-73.5694062, 40.6173303], [-73.568939, 40.6183108], [-73.5697637, 40.6188535], [-73.5715566, 40.6186542], [-73.5727515, 40.6190645], [-73.5736702, 40.6199145], [-73.5738901, 40.6208988], [-73.5736608, 40.6214343], [-73.5720689, 40.6209273], [-73.5639725, 40.6171029], [-73.5632922, 40.6164493], [-73.561242, 40.61573], [-73.5631291, 40.6145274], [-73.5656521, 40.6138615], [-73.569743, 40.6121917], [-73.5727898, 40.6136666], [-73.5742493, 40.6147514], [-73.5738125, 40.6151864], [-73.5722482, 40.6152938], [-73.5708396, 40.6158822]]], [[[-73.5857455, 40.6193913], [-73.5852999, 40.6187008], [-73.5856326, 40.6179055], [-73.5854971, 40.6168929], [-73.5845974, 40.6160978], [-73.5853338, 40.6161866], [-73.5856185, 40.616805], [-73.5865033, 40.6168171], [-73.5882797, 40.6176993], [-73.591026, 40.6177415], [-73.5903205, 40.6187729], [-73.5856855, 40.621074], [-73.5850971, 40.6198018], [-73.5857455, 40.6193913]]], [[[-73.5778164, 40.6173419], [-73.5782646, 40.6179766], [-73.5781748, 40.6187044], [-73.5771785, 40.6214908], [-73.5758776, 40.6225631], [-73.574275, 40.6218893], [-73.5741074, 40.6197099], [-73.5732169, 40.6189423], [-73.571857, 40.6183865], [-73.5692995, 40.6182073], [-73.5709139, 40.6162019], [-73.5738743, 40.6155636], [-73.5751169, 40.6148453], [-73.5765073, 40.6156909], [-73.5775562, 40.616876], [-73.5772712, 40.6171274], [-73.5778164, 40.6173419]]], [[[-73.5043, 40.6164415], [-73.5039928, 40.6187059], [-73.5025766, 40.6204507], [-73.5024881, 40.6212122], [-73.501345, 40.6228504], [-73.4998756, 40.6226759], [-73.4981919, 40.622955], [-73.4993918, 40.6206982], [-73.5002931, 40.6168665], [-73.5011631, 40.6151287], [-73.5016512, 40.6149373], [-73.5035175, 40.6153954], [-73.5040255, 40.6156609], [-73.5043, 40.6164415]]], [[[-73.4895529, 40.6156005], [-73.4917908, 40.6156285], [-73.4946232, 40.615148], [-73.4968602, 40.6164022], [-73.4965383, 40.6214595], [-73.4958302, 40.6221842], [-73.4944676, 40.6226688], [-73.4907286, 40.6231655], [-73.4900527, 40.6231085], [-73.4854876, 40.6209994], [-73.4825115, 40.620927], [-73.47734, 40.6236043], [-73.4771276, 40.6233034], [-73.4766251, 40.6233732], [-73.4765867, 40.6230919], [-73.4772398, 40.6221471], [-73.4778437, 40.620033], [-73.4775849, 40.6196869], [-73.4770796, 40.6202201], [-73.477018, 40.621062], [-73.4759101, 40.6234592], [-73.4752165, 40.6231207], [-73.4755212, 40.6227227], [-73.4754407, 40.6220224], [-73.4751779, 40.622002], [-73.4737241, 40.6226738], [-73.4737241, 40.6231217], [-73.4745717, 40.6238546], [-73.4733003, 40.623932], [-73.4728658, 40.6241518], [-73.4728336, 40.6246079], [-73.4721148, 40.6249539], [-73.4701782, 40.624559], [-73.4720611, 40.623419], [-73.4750759, 40.6209596], [-73.4758377, 40.6199091], [-73.4775026, 40.6189359], [-73.4782946, 40.6178528], [-73.480097, 40.6163217], [-73.4811093, 40.614668], [-73.48399, 40.6140694], [-73.4858786, 40.6141434], [-73.4901805, 40.6151852], [-73.4893261, 40.6153038], [-73.4895529, 40.6156005]]], [[[-73.55042, 40.6183293], [-73.5518023, 40.6191942], [-73.5525515, 40.6208898], [-73.55203, 40.6228381], [-73.5468805, 40.6254652], [-73.545967, 40.6269172], [-73.5448886, 40.6277299], [-73.5445805, 40.6278141], [-73.5445374, 40.6273605], [-73.543841, 40.626991], [-73.5419616, 40.6272015], [-73.5405381, 40.6265187], [-73.54137, 40.6252091], [-73.5418582, 40.6226908], [-73.5439088, 40.6213505], [-73.5446062, 40.619968], [-73.544212, 40.6190261], [-73.5435251, 40.6187145], [-73.5423103, 40.6185258], [-73.5427062, 40.6188349], [-73.5425309, 40.6191267], [-73.5412328, 40.618621], [-73.5402516, 40.6178328], [-73.5398648, 40.6172131], [-73.5401236, 40.6169511], [-73.542632, 40.6162248], [-73.5450775, 40.6166916], [-73.5464952, 40.6176995], [-73.5482706, 40.6183069], [-73.55042, 40.6183293]]], [[[-73.5409399, 40.6227814], [-73.540116, 40.6258885], [-73.5397135, 40.6264193], [-73.5400916, 40.6269623], [-73.540738, 40.6270796], [-73.5382014, 40.6279286], [-73.5364882, 40.6256036], [-73.5336804, 40.6230005], [-73.5328724, 40.6214498], [-73.5325531, 40.6191097], [-73.5329792, 40.6165732], [-73.5336612, 40.6162554], [-73.5354479, 40.6169893], [-73.5393314, 40.6171943], [-73.5413217, 40.6189885], [-73.5436671, 40.6195487], [-73.5439567, 40.6198819], [-73.5438473, 40.620305], [-73.5417805, 40.6216188], [-73.5409399, 40.6227814]]], [[[-73.5827009, 40.618904], [-73.5840745, 40.6185526], [-73.5843172, 40.6194882], [-73.5849679, 40.620184], [-73.585392, 40.6218704], [-73.5864801, 40.6225722], [-73.5860611, 40.6234801], [-73.58628, 40.6239177], [-73.5848449, 40.6250826], [-73.5801662, 40.6260219], [-73.5795752, 40.6248749], [-73.5795446, 40.6238639], [-73.5807003, 40.6194597], [-73.5810471, 40.6187545], [-73.5822451, 40.6191487], [-73.5827009, 40.618904]]], [[[-73.5599101, 40.6166567], [-73.5645092, 40.6188557], [-73.5653314, 40.6196748], [-73.5661921, 40.6196504], [-73.5682732, 40.6212203], [-73.5688835, 40.6211472], [-73.5710738, 40.6222539], [-73.5708482, 40.6223362], [-73.5711123, 40.6224099], [-73.5710352, 40.622756], [-73.5714592, 40.6226195], [-73.5714142, 40.6231851], [-73.5710609, 40.6233362], [-73.5714271, 40.6233557], [-73.5712858, 40.6237896], [-73.5705342, 40.6249207], [-73.5702002, 40.6247257], [-73.5700396, 40.6250815], [-73.5703737, 40.6256373], [-73.5699947, 40.6258908], [-73.5702452, 40.6260127], [-73.5699048, 40.6262711], [-73.5701167, 40.6264271], [-73.5695129, 40.6266855], [-73.5698919, 40.6267878], [-73.5695929, 40.6271096], [-73.5678265, 40.6284502], [-73.5646341, 40.6298688], [-73.5623875, 40.6298375], [-73.5609675, 40.6287609], [-73.5601069, 40.6239284], [-73.5585846, 40.6220758], [-73.5585846, 40.621364], [-73.5563172, 40.6205157], [-73.554827, 40.6182485], [-73.5548784, 40.6162494], [-73.5552082, 40.6159459], [-73.558894, 40.6161022], [-73.5599101, 40.6166567]]], [[[-73.5125159, 40.6249925], [-73.51267, 40.6243615], [-73.5131743, 40.6240319], [-73.5130436, 40.6232911], [-73.5124738, 40.6224475], [-73.5111382, 40.6218059], [-73.5113857, 40.621182], [-73.513095, 40.6204483], [-73.5165648, 40.6204058], [-73.5190772, 40.6188425], [-73.5203428, 40.6192289], [-73.5238313, 40.6219831], [-73.5237285, 40.6223057], [-73.5235698, 40.6219406], [-73.522491, 40.6224617], [-73.5218341, 40.6234892], [-73.5213358, 40.6254224], [-73.5206826, 40.6247864], [-73.518727, 40.6245459], [-73.5159255, 40.6251979], [-73.516098, 40.6264326], [-73.5185136, 40.6271155], [-73.519216, 40.6280227], [-73.5189819, 40.6283408], [-73.5178973, 40.6283127], [-73.5154448, 40.6273774], [-73.5134359, 40.6273459], [-73.5122282, 40.6269564], [-73.5118831, 40.6266758], [-73.5125159, 40.6249925]]], [[[-73.4867442, 40.6231145], [-73.4871264, 40.6235497], [-73.4868504, 40.6239795], [-73.4911414, 40.6241588], [-73.4933351, 40.6233263], [-73.4940992, 40.6242897], [-73.4904636, 40.6261137], [-73.4864392, 40.6267013], [-73.4829084, 40.6258249], [-73.480341, 40.6259484], [-73.4797231, 40.6254671], [-73.4799263, 40.6250536], [-73.4793247, 40.6246586], [-73.4780424, 40.624848], [-73.4783652, 40.6241402], [-73.4805117, 40.6229022], [-73.4804871, 40.6226566], [-73.4824995, 40.6218664], [-73.4847764, 40.6221313], [-73.4867442, 40.6231145]]], [[[-73.530304, 40.6211818], [-73.5296234, 40.6221324], [-73.5309663, 40.6230309], [-73.5326135, 40.6255545], [-73.5333871, 40.6281937], [-73.533111, 40.6305467], [-73.5324598, 40.6308851], [-73.5310583, 40.6302244], [-73.5291727, 40.628164], [-73.5299443, 40.6275945], [-73.5288003, 40.6262812], [-73.5279863, 40.6267701], [-73.5264857, 40.6270065], [-73.5208867, 40.6268775], [-73.5208088, 40.6266734], [-73.5218139, 40.6262329], [-73.5222174, 40.6256903], [-73.5230031, 40.6234231], [-73.5244896, 40.6222089], [-73.5244443, 40.6212623], [-73.5232593, 40.6207599], [-73.5226733, 40.6200386], [-73.5230655, 40.6194413], [-73.5244829, 40.6194413], [-73.5259329, 40.6200811], [-73.5305375, 40.6207635], [-73.530304, 40.6211818]]], [[[-73.5594431, 40.6285445], [-73.5579196, 40.6299613], [-73.5569303, 40.6326622], [-73.5560313, 40.6334461], [-73.5562894, 40.6329896], [-73.555969, 40.6327464], [-73.5524049, 40.6334787], [-73.5502592, 40.6341626], [-73.5495511, 40.6350582], [-73.5492078, 40.6361818], [-73.5483065, 40.6354979], [-73.5502377, 40.6320131], [-73.5505466, 40.6305238], [-73.5501695, 40.6287775], [-73.5504105, 40.6271099], [-73.5543808, 40.6240317], [-73.5550324, 40.6232059], [-73.5553366, 40.6221483], [-73.5581771, 40.6234307], [-73.5587779, 40.6240496], [-73.5594431, 40.6285445]]], [[[-73.5451898, 40.6319436], [-73.5439574, 40.6311299], [-73.5416158, 40.6309803], [-73.5430577, 40.629886], [-73.5463606, 40.6287823], [-73.5484557, 40.6270238], [-73.5492321, 40.626949], [-73.5491212, 40.6311393], [-73.5481969, 40.6335523], [-73.5470877, 40.6344221], [-73.5464222, 40.6340761], [-73.5459292, 40.6327854], [-73.5451898, 40.6319436]]], [[[-73.4748764, 40.6329078], [-73.4730042, 40.6322035], [-73.4732456, 40.6312468], [-73.4725214, 40.6313201], [-73.4723926, 40.6310839], [-73.4730525, 40.630571], [-73.4750748, 40.6299074], [-73.4762926, 40.6299277], [-73.4768454, 40.6292951], [-73.478966, 40.6285266], [-73.4821418, 40.6278874], [-73.4870446, 40.6290741], [-73.4892067, 40.6289988], [-73.4893033, 40.6296421], [-73.4907016, 40.6315549], [-73.4909086, 40.6326864], [-73.4904727, 40.6339969], [-73.4896124, 40.634756], [-73.489006, 40.6358658], [-73.4859144, 40.6377743], [-73.4852608, 40.6378042], [-73.4842688, 40.6375208], [-73.4845066, 40.6369998], [-73.4842607, 40.6362123], [-73.4825143, 40.6356898], [-73.4821432, 40.6335528], [-73.4812623, 40.6329531], [-73.4804534, 40.6335243], [-73.4793734, 40.6327684], [-73.4789981, 40.633054], [-73.4790501, 40.633402], [-73.4780211, 40.6336218], [-73.4769982, 40.6332898], [-73.4764748, 40.6327274], [-73.4760458, 40.6330828], [-73.4748764, 40.6329078]]], [[[-73.5156855, 40.6399665], [-73.5146028, 40.6408313], [-73.512566, 40.6398779], [-73.5105766, 40.6393783], [-73.5101329, 40.6389707], [-73.5111229, 40.6381202], [-73.5142378, 40.6377552], [-73.5154847, 40.6369153], [-73.5160591, 40.636965], [-73.5163207, 40.6389034], [-73.5156855, 40.6399665]]], [[[-73.4895437, 40.6434114], [-73.48995, 40.6427736], [-73.4897235, 40.6423236], [-73.4909377, 40.6402116], [-73.493924, 40.6381392], [-73.4948336, 40.6384676], [-73.494671, 40.639532], [-73.4932725, 40.6402785], [-73.4912885, 40.6431474], [-73.4906787, 40.6435886], [-73.4895437, 40.6434114]]], [[[-73.4809732, 40.6451926], [-73.4812998, 40.6446598], [-73.4806967, 40.643881], [-73.4806941, 40.6435315], [-73.481069, 40.6434252], [-73.4808964, 40.6428454], [-73.4783957, 40.6411293], [-73.4783062, 40.6394264], [-73.4789161, 40.6394387], [-73.4811775, 40.6407299], [-73.4838055, 40.6414626], [-73.4867441, 40.6412827], [-73.4868002, 40.6431821], [-73.4850162, 40.6449184], [-73.4833072, 40.6453275], [-73.4809732, 40.6451926]]], [[[-73.2989563, 40.6402351], [-73.2975143, 40.640028], [-73.2931271, 40.6407222], [-73.2849058, 40.6410772], [-73.2810127, 40.6415015], [-73.2781689, 40.6422349], [-73.277251, 40.6420436], [-73.2767136, 40.6425533], [-73.2759516, 40.6426186], [-73.2723609, 40.6415712], [-73.2669599, 40.6421485], [-73.2652339, 40.6419948], [-73.2639612, 40.6424894], [-73.257063, 40.6418529], [-73.2530268, 40.6418396], [-73.2530374, 40.6424383], [-73.2517898, 40.6424885], [-73.2508629, 40.6422878], [-73.2506088, 40.6412436], [-73.2514155, 40.6394449], [-73.253883, 40.6376639], [-73.2629921, 40.6355739], [-73.2671844, 40.635328], [-73.2766818, 40.6378392], [-73.2768648, 40.6376762], [-73.2775811, 40.6382669], [-73.2805529, 40.6391727], [-73.2815702, 40.639357], [-73.2816833, 40.6390893], [-73.282059, 40.6394027], [-73.2825799, 40.6391449], [-73.2826317, 40.6393935], [-73.2835362, 40.6395823], [-73.2845915, 40.6395176], [-73.284704, 40.6391938], [-73.2849395, 40.6394244], [-73.2878355, 40.6393513], [-73.2885155, 40.6389206], [-73.2918362, 40.6385524], [-73.2920505, 40.6381085], [-73.2947983, 40.6379211], [-73.2964827, 40.6383178], [-73.2971209, 40.638043], [-73.2978993, 40.6383583], [-73.2981254, 40.638103], [-73.2982649, 40.6383576], [-73.2995144, 40.6383348], [-73.3013564, 40.6389591], [-73.3018098, 40.638779], [-73.3024486, 40.6390945], [-73.302709, 40.6387927], [-73.3031943, 40.6391524], [-73.3041234, 40.6392748], [-73.3044455, 40.6389965], [-73.3068329, 40.63958], [-73.3087686, 40.6390077], [-73.3107438, 40.6392749], [-73.3124983, 40.6379976], [-73.3128046, 40.6371147], [-73.3107204, 40.634167], [-73.3091367, 40.6337898], [-73.3090887, 40.6334859], [-73.3104043, 40.6334329], [-73.3104987, 40.6330461], [-73.31128, 40.6335243], [-73.3156012, 40.6342987], [-73.3249132, 40.6344295], [-73.3310337, 40.6330753], [-73.3372806, 40.6306749], [-73.3499405, 40.6278498], [-73.3572035, 40.627608], [-73.359617, 40.6268307], [-73.3651733, 40.6261006], [-73.3856347, 40.620078], [-73.4271304, 40.6090596], [-73.4704772, 40.5999422], [-73.4718409, 40.5993269], [-73.4908473, 40.595453], [-73.50353, 40.593233], [-73.5422663, 40.5841339], [-73.5730923, 40.5750334], [-73.5752641, 40.5742068], [-73.5757264, 40.5731335], [-73.5737609, 40.5793003], [-73.571653, 40.5825848], [-73.567587, 40.5858958], [-73.5668646, 40.586711], [-73.5669191, 40.5876146], [-73.5661617, 40.5885652], [-73.5640274, 40.589877], [-73.5578321, 40.5913835], [-73.555752, 40.5910541], [-73.5554795, 40.5897058], [-73.5522254, 40.5900789], [-73.5518332, 40.5898053], [-73.55047, 40.590343], [-73.5493769, 40.5901548], [-73.5488148, 40.5906791], [-73.5491879, 40.5918481], [-73.5515432, 40.5915666], [-73.5518799, 40.5901478], [-73.5525236, 40.5910219], [-73.5522315, 40.5919327], [-73.5515543, 40.5924234], [-73.5485227, 40.5924402], [-73.5446964, 40.5941434], [-73.5431232, 40.5956967], [-73.5427994, 40.5969958], [-73.5419041, 40.597028], [-73.5413043, 40.5965805], [-73.5386444, 40.5960798], [-73.5298592, 40.5990236], [-73.5243181, 40.5985733], [-73.5187151, 40.5995142], [-73.517436, 40.6000955], [-73.5142962, 40.6025588], [-73.5132001, 40.6021995], [-73.5130412, 40.6016144], [-73.51255, 40.6013792], [-73.5108239, 40.6016043], [-73.5098104, 40.6026393], [-73.5093773, 40.6035935], [-73.5105717, 40.6045949], [-73.5106558, 40.6056466], [-73.5093723, 40.606826], [-73.5084549, 40.6069696], [-73.5057741, 40.6083178], [-73.505097, 40.6081599], [-73.5041676, 40.6084388], [-73.5036896, 40.6090973], [-73.5015342, 40.6092351], [-73.5001645, 40.611234], [-73.4998967, 40.6125579], [-73.5004632, 40.6135323], [-73.5000855, 40.6138069], [-73.4974315, 40.6124135], [-73.4969049, 40.6109923], [-73.4976351, 40.609608], [-73.4939662, 40.6096551], [-73.4931607, 40.6089898], [-73.4916338, 40.6088722], [-73.4899343, 40.6082876], [-73.4895448, 40.6078474], [-73.4906026, 40.6067823], [-73.4939042, 40.606789], [-73.4962299, 40.6061554], [-73.4989588, 40.603846], [-73.4982082, 40.6035001], [-73.4976503, 40.6027572], [-73.4965178, 40.6025915], [-73.4953242, 40.6035392], [-73.495453, 40.604217], [-73.4963371, 40.604647], [-73.4961397, 40.6049598], [-73.4952556, 40.604647], [-73.4950067, 40.6050054], [-73.4935561, 40.6053964], [-73.4932386, 40.6058721], [-73.4933931, 40.6062826], [-73.4924403, 40.6065042], [-73.4907066, 40.6063283], [-73.4916078, 40.6052531], [-73.4914104, 40.6045037], [-73.491685, 40.6038194], [-73.4929553, 40.6030244], [-73.4943286, 40.6027442], [-73.4965774, 40.6016755], [-73.4972898, 40.6019622], [-73.4987918, 40.6014409], [-73.4998561, 40.601682], [-73.500345, 40.6012229], [-73.5021554, 40.6012972], [-73.5017372, 40.6007193], [-73.5027451, 40.6006886], [-73.5023682, 40.6000351], [-73.5027675, 40.5993113], [-73.5023208, 40.5987524], [-73.5011205, 40.5982248], [-73.4992942, 40.5983213], [-73.4975571, 40.5989597], [-73.4970128, 40.5998743], [-73.4960016, 40.5990498], [-73.4929019, 40.5987812], [-73.4891919, 40.5998409], [-73.4868636, 40.5998519], [-73.4857301, 40.6002029], [-73.485141, 40.5997984], [-73.4834693, 40.6003889], [-73.48239, 40.6001522], [-73.4810789, 40.6007085], [-73.4807422, 40.6012557], [-73.4809142, 40.6019021], [-73.4819399, 40.6027806], [-73.4826668, 40.6046485], [-73.4815258, 40.605615], [-73.4739616, 40.6085459], [-73.4685972, 40.6099387], [-73.4621676, 40.6121594], [-73.4529751, 40.6134409], [-73.4514238, 40.6133716], [-73.4422606, 40.614645], [-73.4398321, 40.614683], [-73.4370406, 40.6137422], [-73.4356567, 40.6120471], [-73.4346247, 40.6116991], [-73.4333478, 40.6118797], [-73.4304812, 40.6124784], [-73.4284345, 40.6138135], [-73.427859, 40.614631], [-73.4228551, 40.6156683], [-73.4208366, 40.6172528], [-73.4207258, 40.6186525], [-73.4170742, 40.6191631], [-73.4154907, 40.6166166], [-73.4156754, 40.6161842], [-73.4152133, 40.6150993], [-73.4142796, 40.6150986], [-73.4138822, 40.6155571], [-73.4144724, 40.6174988], [-73.4136979, 40.6183219], [-73.4133748, 40.6201292], [-73.4094208, 40.620976], [-73.4083498, 40.6218326], [-73.4064157, 40.6223197], [-73.4041541, 40.6217856], [-73.4035257, 40.621322], [-73.4028043, 40.6214765], [-73.4006357, 40.6198775], [-73.3988402, 40.619195], [-73.4030901, 40.6182116], [-73.4034531, 40.6177365], [-73.4042288, 40.6176278], [-73.4045914, 40.6174677], [-73.4034671, 40.6176726], [-73.4034601, 40.6172471], [-73.3927227, 40.6200736], [-73.3928156, 40.6204431], [-73.393453, 40.6207286], [-73.3968741, 40.6198821], [-73.3970218, 40.6221716], [-73.3989021, 40.6236635], [-73.3981439, 40.6235679], [-73.3972393, 40.6243084], [-73.393926, 40.6242313], [-73.3937227, 40.6238132], [-73.3951029, 40.6234553], [-73.3955826, 40.62298], [-73.3956485, 40.6227218], [-73.3954883, 40.6224973], [-73.3954932, 40.622923], [-73.394859, 40.6234522], [-73.3938923, 40.6235076], [-73.3930851, 40.6242419], [-73.3926538, 40.623994], [-73.392592, 40.6243459], [-73.3934179, 40.6246955], [-73.3929988, 40.6250931], [-73.3920191, 40.6251772], [-73.3887874, 40.6236109], [-73.3871476, 40.6235595], [-73.3866423, 40.622119], [-73.3847231, 40.6217957], [-73.3823014, 40.6230118], [-73.381789, 40.6236933], [-73.3816494, 40.6245164], [-73.3818959, 40.6246708], [-73.381976, 40.6258681], [-73.3826908, 40.6273787], [-73.3823396, 40.6277617], [-73.3781381, 40.6285818], [-73.3775156, 40.6285308], [-73.3767978, 40.6279252], [-73.3771533, 40.6286773], [-73.3764124, 40.6289086], [-73.3758815, 40.6280759], [-73.3761505, 40.6272003], [-73.377644, 40.6261366], [-73.3759735, 40.6267383], [-73.375655, 40.6263031], [-73.3749754, 40.62698], [-73.3740269, 40.6261688], [-73.3691687, 40.6277], [-73.3682611, 40.6278471], [-73.367967, 40.6274006], [-73.3673223, 40.6273341], [-73.3661397, 40.6279272], [-73.3630662, 40.6286547], [-73.3614075, 40.6296807], [-73.3615982, 40.6308174], [-73.3663554, 40.631126], [-73.3675878, 40.6309156], [-73.367292, 40.6304807], [-73.3676864, 40.6308221], [-73.3677234, 40.6311401], [-73.3591717, 40.633289], [-73.3585644, 40.6331979], [-73.3585771, 40.6326846], [-73.3578975, 40.6327089], [-73.3544936, 40.6342947], [-73.3489806, 40.6358375], [-73.3482189, 40.635756], [-73.3475322, 40.636155], [-73.346908, 40.6361287], [-73.3463618, 40.6353901], [-73.3483971, 40.6347118], [-73.3482319, 40.6342042], [-73.3477329, 40.6339115], [-73.3460653, 40.634311], [-73.341944, 40.6358295], [-73.3429081, 40.6363341], [-73.3443527, 40.6360076], [-73.3444798, 40.6368999], [-73.3405048, 40.6378647], [-73.3396444, 40.6384203], [-73.3391333, 40.6383465], [-73.3387556, 40.6388525], [-73.3380959, 40.637895], [-73.3379968, 40.6384026], [-73.3376358, 40.6385047], [-73.3383801, 40.6390472], [-73.3336733, 40.6412747], [-73.3336108, 40.6408615], [-73.3329473, 40.6403486], [-73.3331476, 40.6401159], [-73.332747, 40.6399876], [-73.332409, 40.639299], [-73.3317268, 40.6391137], [-73.3311072, 40.6395127], [-73.3315747, 40.6409098], [-73.3296829, 40.640475], [-73.3269832, 40.6413591], [-73.3268477, 40.6418267], [-73.3277227, 40.6435193], [-73.3275008, 40.6440897], [-73.3264163, 40.6443889], [-73.3261698, 40.6448004], [-73.3230721, 40.6466113], [-73.3226208, 40.6461239], [-73.3240763, 40.6455255], [-73.3239909, 40.6446], [-73.3207583, 40.6441907], [-73.3197787, 40.6437935], [-73.3190107, 40.6439116], [-73.3192054, 40.643631], [-73.3184166, 40.6428211], [-73.3162862, 40.6433023], [-73.3150974, 40.6431554], [-73.3167904, 40.6436601], [-73.3176766, 40.6434195], [-73.3192866, 40.6442092], [-73.3204737, 40.6450976], [-73.3215714, 40.645474], [-73.3225842, 40.6465866], [-73.3223932, 40.6467747], [-73.31982, 40.6462473], [-73.3194091, 40.6457877], [-73.3183155, 40.6456149], [-73.3177829, 40.644964], [-73.3162502, 40.6449394], [-73.3161486, 40.6444489], [-73.3147157, 40.6458219], [-73.3129551, 40.6456412], [-73.3126936, 40.6451239], [-73.3119277, 40.6456093], [-73.3115238, 40.6443569], [-73.3140333, 40.6439716], [-73.3122458, 40.6440722], [-73.3122281, 40.643135], [-73.3104635, 40.6430301], [-73.3101049, 40.6426509], [-73.3101525, 40.6419985], [-73.3078327, 40.6412114], [-73.3049376, 40.6406743], [-73.3016847, 40.6403799], [-73.3010048, 40.6406518], [-73.2989563, 40.6402351]]], [[[-73.447201, 40.6153193], [-73.4469757, 40.6157754], [-73.4474049, 40.6160605], [-73.4485207, 40.6161175], [-73.4473512, 40.6174368], [-73.4474049, 40.6188864], [-73.4477268, 40.6194076], [-73.4469114, 40.6196682], [-73.4446476, 40.6196275], [-73.4427593, 40.620222], [-73.4415513, 40.6198731], [-73.4377489, 40.6203034], [-73.4354803, 40.617888], [-73.4333608, 40.6169563], [-73.447201, 40.6153193]]], [[[-73.4318528, 40.6188161], [-73.4317623, 40.6184713], [-73.4312135, 40.6184527], [-73.4305413, 40.6190951], [-73.4312698, 40.6189379], [-73.4314846, 40.6194283], [-73.4321134, 40.619135], [-73.4313755, 40.6200212], [-73.4319983, 40.6203535], [-73.4308588, 40.6213229], [-73.4284037, 40.6216267], [-73.4265775, 40.6227711], [-73.4229779, 40.623452], [-73.42274, 40.6242828], [-73.42115, 40.6240301], [-73.4213413, 40.6233555], [-73.4184375, 40.6245107], [-73.4177138, 40.6246411], [-73.4169251, 40.6242108], [-73.41658, 40.6227328], [-73.4168758, 40.6212548], [-73.4176152, 40.6208526], [-73.4206352, 40.6201845], [-73.4234753, 40.6202728], [-73.4253979, 40.6192251], [-73.431083, 40.6174845], [-73.4322065, 40.618867], [-73.4318528, 40.6188161]]], [[[-73.4436948, 40.6202382], [-73.4469398, 40.6202111], [-73.4468576, 40.62096], [-73.4461639, 40.6220453], [-73.4475877, 40.6231589], [-73.4477353, 40.6239365], [-73.4474168, 40.6244952], [-73.445633, 40.6245758], [-73.4453441, 40.6254394], [-73.4439878, 40.6258057], [-73.4392807, 40.6253576], [-73.4389087, 40.6245597], [-73.4381939, 40.6246626], [-73.4381628, 40.6257014], [-73.4390918, 40.6264212], [-73.4385958, 40.6266372], [-73.4388275, 40.6271679], [-73.4392828, 40.6273191], [-73.4389443, 40.6276572], [-73.4373474, 40.6267477], [-73.4373581, 40.6255955], [-73.4365588, 40.6249522], [-73.4353952, 40.6246102], [-73.4352719, 40.6248791], [-73.4344092, 40.6248581], [-73.4347297, 40.6237566], [-73.436333, 40.6218344], [-73.4364685, 40.6209057], [-73.4359454, 40.6199699], [-73.4338767, 40.6187909], [-73.4338767, 40.6178502], [-73.4351707, 40.6184825], [-73.4355931, 40.6192548], [-73.4376883, 40.6208236], [-73.4405763, 40.6207377], [-73.4412161, 40.6204604], [-73.4432618, 40.6209815], [-73.4436948, 40.6202382]]], [[[-73.4220765, 40.6269915], [-73.4189079, 40.6266346], [-73.4177872, 40.6268543], [-73.4181418, 40.6254944], [-73.4190246, 40.6253519], [-73.4197393, 40.6246436], [-73.4215073, 40.6243056], [-73.4228845, 40.6244459], [-73.4241688, 40.6235862], [-73.4266057, 40.6237012], [-73.4284481, 40.622995], [-73.428405, 40.6222092], [-73.4286823, 40.6220502], [-73.430611, 40.6218537], [-73.4329157, 40.6198986], [-73.4339447, 40.6198472], [-73.4347704, 40.620198], [-73.4354175, 40.6212971], [-73.4353558, 40.6217883], [-73.4339324, 40.6227097], [-73.4334327, 40.6235699], [-73.4331752, 40.624433], [-73.4335328, 40.6253381], [-73.4343865, 40.6257639], [-73.4358567, 40.6256995], [-73.4367067, 40.6280341], [-73.437634, 40.6285445], [-73.4381012, 40.6297424], [-73.4344466, 40.6305437], [-73.4287962, 40.6293048], [-73.4266379, 40.6309853], [-73.4227838, 40.6306274], [-73.4211494, 40.6310704], [-73.4214113, 40.6301834], [-73.4234284, 40.6299391], [-73.4240506, 40.62919], [-73.4239863, 40.628278], [-73.4232138, 40.62748], [-73.4220765, 40.6269915]]], [[[-73.4230608, 40.6292998], [-73.4214265, 40.6292412], [-73.4193816, 40.6304723], [-73.4194344, 40.629994], [-73.417357, 40.6307129], [-73.4164626, 40.6306142], [-73.4166984, 40.6289882], [-73.4172431, 40.6282199], [-73.4188815, 40.6284822], [-73.4207029, 40.6277941], [-73.4220119, 40.6277509], [-73.4230771, 40.6281397], [-73.4233048, 40.6289727], [-73.4230608, 40.6292998]]], [[[-73.3997981, 40.6299851], [-73.4011125, 40.6290351], [-73.4035752, 40.6281132], [-73.4049397, 40.6271917], [-73.4067798, 40.6251205], [-73.4081568, 40.6244079], [-73.4095964, 40.6243224], [-73.4119247, 40.625054], [-73.4150793, 40.624959], [-73.415242, 40.6262891], [-73.4142781, 40.6267641], [-73.4147663, 40.6302318], [-73.4141294, 40.634514], [-73.4129545, 40.6352386], [-73.4112521, 40.6346401], [-73.4096498, 40.6346211], [-73.4092117, 40.6342411], [-73.4097374, 40.6336236], [-73.4073715, 40.6339846], [-73.4053186, 40.6328446], [-73.4044924, 40.6319327], [-73.4044298, 40.6330061], [-73.4016508, 40.6327591], [-73.4004115, 40.6319612], [-73.3993675, 40.6317429], [-73.3993099, 40.6305646], [-73.3997981, 40.6299851]]], [[[-73.4232135, 40.6351519], [-73.4233302, 40.6357275], [-73.4230942, 40.6359311], [-73.4207008, 40.6370193], [-73.4191877, 40.637076], [-73.4174079, 40.6362242], [-73.4169087, 40.6333903], [-73.4171182, 40.6330081], [-73.4184057, 40.6327557], [-73.4195107, 40.6334397], [-73.4239203, 40.6344574], [-73.4239095, 40.6347587], [-73.4232135, 40.6351519]]], [[[-73.4442966, 40.6331105], [-73.4451081, 40.6330985], [-73.4450987, 40.633942], [-73.4438355, 40.6343489], [-73.4431644, 40.6367688], [-73.4415097, 40.6376696], [-73.4407231, 40.6374706], [-73.4402373, 40.6366932], [-73.4399527, 40.6367503], [-73.4402352, 40.6364772], [-73.4398185, 40.6359898], [-73.4402007, 40.6354036], [-73.4410527, 40.6355611], [-73.4407661, 40.6350845], [-73.4417553, 40.6330903], [-73.4429784, 40.6326914], [-73.4442966, 40.6331105]]], [[[-73.3848945, 40.6345849], [-73.3883985, 40.6366507], [-73.3890946, 40.638532], [-73.3870162, 40.6395424], [-73.3860347, 40.6396441], [-73.3832615, 40.6394574], [-73.3810028, 40.6386754], [-73.3801233, 40.6377705], [-73.3790617, 40.6332469], [-73.3801046, 40.6322703], [-73.3804595, 40.6323129], [-73.3835791, 40.6337305], [-73.3840732, 40.6345077], [-73.3848945, 40.6345849]]], [[[-73.4017223, 40.6374944], [-73.4002311, 40.6385231], [-73.3993139, 40.6380095], [-73.3985018, 40.639124], [-73.3962789, 40.6392516], [-73.3943411, 40.6388807], [-73.394467, 40.6381885], [-73.3953075, 40.6381459], [-73.3946474, 40.6372473], [-73.3945338, 40.6355978], [-73.3973189, 40.6349025], [-73.3990462, 40.6350734], [-73.4008103, 40.6360168], [-73.4020797, 40.6371484], [-73.4017223, 40.6374944]]], [[[-73.426617, 40.6382218], [-73.4263718, 40.6385656], [-73.4264302, 40.6387366], [-73.4265621, 40.6387959], [-73.4269171, 40.6380801], [-73.4268015, 40.6377948], [-73.4282565, 40.6376267], [-73.4299377, 40.6385906], [-73.430357, 40.6403272], [-73.430156, 40.6408947], [-73.4295389, 40.6413515], [-73.4286645, 40.6413882], [-73.4279832, 40.6407165], [-73.4271249, 40.6404275], [-73.4267172, 40.6397925], [-73.425806, 40.6395518], [-73.4237999, 40.6396932], [-73.423529, 40.6394133], [-73.4248797, 40.6380902], [-73.4248886, 40.6385844], [-73.4252514, 40.638767], [-73.4257254, 40.6374708], [-73.4262578, 40.6375346], [-73.426617, 40.6382218]]], [[[-73.4097659, 40.6441199], [-73.408944, 40.6437656], [-73.4076643, 40.6437386], [-73.4064893, 40.6430243], [-73.4063052, 40.6423959], [-73.4066591, 40.6412035], [-73.4098396, 40.6390454], [-73.4101644, 40.6383105], [-73.4114393, 40.6377187], [-73.4113827, 40.6379819], [-73.4133788, 40.6368378], [-73.4139522, 40.6368808], [-73.4141931, 40.6377839], [-73.4131844, 40.6439924], [-73.4116339, 40.6447152], [-73.4105318, 40.6446018], [-73.4097659, 40.6441199]]], [[[-73.3868208, 40.6419299], [-73.3866969, 40.6417634], [-73.3881357, 40.6407249], [-73.389514, 40.6404485], [-73.3926927, 40.6405112], [-73.3935356, 40.6411954], [-73.3929375, 40.6415472], [-73.3921978, 40.6435076], [-73.3909697, 40.6437493], [-73.3893735, 40.643462], [-73.3892982, 40.6427463], [-73.3874119, 40.6425986], [-73.3868208, 40.6419299]]], [[[-73.3792354, 40.6604751], [-73.3820524, 40.662055], [-73.3826535, 40.6630238], [-73.3833786, 40.663524], [-73.3829872, 40.6658811], [-73.3803334, 40.6669712], [-73.3778959, 40.6609563], [-73.3783275, 40.6599122], [-73.3787789, 40.6599477], [-73.3792354, 40.6604751]]], [[[-73.4195228, 41.0492001], [-73.4183872, 41.0520113], [-73.4171132, 41.0528467], [-73.4169818, 41.0540459], [-73.4151568, 41.0539858], [-73.4141322, 41.0545886], [-73.4129306, 41.0546776], [-73.4126194, 41.0537917], [-73.4136601, 41.0540263], [-73.4139498, 41.0537472], [-73.4131505, 41.0529219], [-73.4120884, 41.0528248], [-73.4130379, 41.0520926], [-73.4153928, 41.0503935], [-73.4169271, 41.0500618], [-73.4213312, 41.0473553], [-73.4230854, 41.0472865], [-73.4228333, 41.0480876], [-73.4210684, 41.0479662], [-73.4199472, 41.0485164], [-73.4195228, 41.0492001]]], [[[-73.4605368, 41.0530199], [-73.4610177, 41.0531615], [-73.4615035, 41.0526883], [-73.4621439, 41.052679], [-73.4613961, 41.0538014], [-73.4617698, 41.0539358], [-73.4616107, 41.0546558], [-73.4607438, 41.0544292], [-73.4602632, 41.0553742], [-73.4594821, 41.0557561], [-73.4590959, 41.055413], [-73.4585294, 41.0555813], [-73.4576539, 41.0563968], [-73.4563545, 41.0584679], [-73.4568912, 41.05867], [-73.4571868, 41.0580039], [-73.4583756, 41.0574514], [-73.4585735, 41.0578724], [-73.4577226, 41.0588432], [-73.457821, 41.0595281], [-73.4570804, 41.0595416], [-73.4569163, 41.0591513], [-73.4561303, 41.0594586], [-73.4549194, 41.0604861], [-73.4546412, 41.0611224], [-73.4540189, 41.0613968], [-73.4538007, 41.0621865], [-73.4530777, 41.0619008], [-73.4530985, 41.0610519], [-73.4524347, 41.0605645], [-73.4528638, 41.0602394], [-73.4527178, 41.0592783], [-73.4521675, 41.0589189], [-73.4510404, 41.0587277], [-73.4476563, 41.0609285], [-73.4470247, 41.0607738], [-73.4475276, 41.06007], [-73.4478146, 41.0584732], [-73.4471548, 41.058004], [-73.4473076, 41.0577178], [-73.4506188, 41.0567399], [-73.4508603, 41.057648], [-73.4515791, 41.0576359], [-73.4517427, 41.0570312], [-73.4518661, 41.0576991], [-73.4533721, 41.0575449], [-73.4539877, 41.0569392], [-73.4532595, 41.0563921], [-73.453471, 41.0557238], [-73.4540594, 41.055909], [-73.4539945, 41.0544345], [-73.4545728, 41.0542294], [-73.4552134, 41.054503], [-73.4571046, 41.0532771], [-73.4589586, 41.0528823], [-73.4589797, 41.0525369], [-73.4597244, 41.0523572], [-73.4601753, 41.0522981], [-73.4605368, 41.0530199]]], [[[-73.4023294, 41.0535868], [-73.4029993, 41.0558387], [-73.4018829, 41.0577328], [-73.4018829, 41.0582169], [-73.4036691, 41.0586798], [-73.4047576, 41.0597952], [-73.4054274, 41.0598794], [-73.4059298, 41.0596058], [-73.4063763, 41.0582169], [-73.4063205, 41.0600688], [-73.4053995, 41.0607212], [-73.4051204, 41.0616471], [-73.4046738, 41.0619838], [-73.4028039, 41.0614998], [-73.4000688, 41.0624047], [-73.399371, 41.0623415], [-73.3989803, 41.0619207], [-73.3989524, 41.0608895], [-73.4004595, 41.0581958], [-73.4020224, 41.0566805], [-73.4022178, 41.0557124], [-73.4017154, 41.0537341], [-73.4023294, 41.0535868]]], [[[-73.3936457, 41.0640126], [-73.3939836, 41.0639317], [-73.3945415, 41.0643888], [-73.3940708, 41.0659535], [-73.3943752, 41.0667184], [-73.3939364, 41.0673329], [-73.3920363, 41.0676204], [-73.3905236, 41.0686881], [-73.3878843, 41.0685506], [-73.3869079, 41.0681178], [-73.3866344, 41.0676851], [-73.3864955, 41.0664588], [-73.3867202, 41.0661118], [-73.3899174, 41.0644575], [-73.390942, 41.0642674], [-73.3912048, 41.0635839], [-73.3923381, 41.063331], [-73.3923636, 41.0636891], [-73.3926854, 41.0638144], [-73.3928625, 41.0635354], [-73.3931414, 41.0639601], [-73.3936457, 41.0640126]]], [[[-73.3836599, 41.0982437], [-73.38312, 41.099555], [-73.3829812, 41.0989076], [-73.3820691, 41.0986255], [-73.3819408, 41.0971606], [-73.3804623, 41.0968863], [-73.3816851, 41.0970064], [-73.3814653, 41.0964118], [-73.380776, 41.0964273], [-73.3810241, 41.0960384], [-73.3799977, 41.0955982], [-73.3809267, 41.0958865], [-73.3827146, 41.0955788], [-73.3830179, 41.0952682], [-73.3826692, 41.0947841], [-73.3834229, 41.0951035], [-73.3843055, 41.0943199], [-73.3848122, 41.0932636], [-73.3851064, 41.0932976], [-73.3857455, 41.093773], [-73.3857396, 41.0943124], [-73.3851106, 41.0944126], [-73.384691, 41.0949954], [-73.3836599, 41.0982437]]], [[[-73.3716939, 40.6341674], [-73.3714659, 40.6343311], [-73.3705046, 40.6332883], [-73.3705785, 40.6370667], [-73.3700299, 40.6380378], [-73.3693703, 40.6362162], [-73.3676854, 40.6344363], [-73.3675406, 40.6338775], [-73.3667611, 40.6340996], [-73.365655, 40.633812], [-73.3651097, 40.6345322], [-73.3651251, 40.6348151], [-73.3656304, 40.6347917], [-73.3649433, 40.6351681], [-73.3642408, 40.6333327], [-73.3704861, 40.6315229], [-73.3714474, 40.6320209], [-73.3716939, 40.6341674]]], [[[-73.357902, 40.6398368], [-73.356143, 40.6386874], [-73.3568933, 40.6370518], [-73.3570703, 40.6369041], [-73.3572593, 40.6373527], [-73.3573887, 40.6370792], [-73.3566909, 40.6359674], [-73.3554554, 40.6358517], [-73.356127, 40.6361475], [-73.3555186, 40.6363924], [-73.3540365, 40.6356126], [-73.358244, 40.6346225], [-73.3590057, 40.6362305], [-73.3607492, 40.6371709], [-73.3621654, 40.637004], [-73.3622619, 40.6365562], [-73.362101, 40.6362672], [-73.3603468, 40.6365643], [-73.3598748, 40.6360881], [-73.3589092, 40.6358275], [-73.3586088, 40.6352779], [-73.3589199, 40.6346307], [-73.362163, 40.634234], [-73.3639489, 40.634484], [-73.3639535, 40.6349092], [-73.3630204, 40.6348022], [-73.3628337, 40.635433], [-73.3626585, 40.6351956], [-73.3621857, 40.6354827], [-73.3625931, 40.6363143], [-73.3638272, 40.6365904], [-73.3657734, 40.6361861], [-73.3671252, 40.6352824], [-73.3677483, 40.6353967], [-73.3693246, 40.6393491], [-73.3669375, 40.640673], [-73.3652306, 40.6392235], [-73.3660163, 40.6390411], [-73.365853, 40.6388634], [-73.3650951, 40.6387839], [-73.3642509, 40.6394035], [-73.3641923, 40.6385478], [-73.363382, 40.6388517], [-73.362735, 40.6384776], [-73.3619062, 40.6384753], [-73.3589422, 40.6401353], [-73.3594598, 40.6404158], [-73.357902, 40.6398368]]], [[[-73.3404992, 40.6412914], [-73.339926, 40.6397737], [-73.3407472, 40.6396194], [-73.34241, 40.6404462], [-73.3435239, 40.6404462], [-73.3447172, 40.6399561], [-73.345436, 40.6388489], [-73.346141, 40.6387262], [-73.3478607, 40.6391175], [-73.3499529, 40.6400782], [-73.3515944, 40.6398584], [-73.3523025, 40.6390443], [-73.3521845, 40.6374811], [-73.3537775, 40.6358114], [-73.3551444, 40.6366757], [-73.3564506, 40.6364058], [-73.3569297, 40.6366162], [-73.3561041, 40.6378034], [-73.3556975, 40.6378898], [-73.3558236, 40.6386396], [-73.3552165, 40.6387282], [-73.3549596, 40.6390896], [-73.3550344, 40.640174], [-73.3565636, 40.641009], [-73.3556647, 40.6421873], [-73.3567061, 40.6411171], [-73.3565286, 40.6407468], [-73.3551943, 40.6400644], [-73.3550762, 40.6391415], [-73.3553286, 40.6388841], [-73.3563932, 40.6391539], [-73.3579808, 40.6405894], [-73.358789, 40.6408827], [-73.3613815, 40.6409673], [-73.362033, 40.6405508], [-73.3617566, 40.6403361], [-73.3622415, 40.6399682], [-73.3647853, 40.6411], [-73.3644031, 40.6412696], [-73.3644005, 40.6422925], [-73.3633725, 40.6428545], [-73.3628146, 40.6429848], [-73.361967, 40.6424719], [-73.3610604, 40.6424678], [-73.3607761, 40.6427976], [-73.3614002, 40.6427321], [-73.3596144, 40.6450487], [-73.357139, 40.6464975], [-73.3560018, 40.6464893], [-73.3555082, 40.6472098], [-73.3527241, 40.6452683], [-73.3492765, 40.645323], [-73.3483425, 40.6433564], [-73.3482724, 40.6440297], [-73.3488578, 40.6459077], [-73.348297, 40.646394], [-73.3463314, 40.6470729], [-73.3463682, 40.6476758], [-73.3457513, 40.6479607], [-73.3450056, 40.6482578], [-73.3409018, 40.6478752], [-73.3383913, 40.6484369], [-73.3370931, 40.6482741], [-73.3366639, 40.6476839], [-73.3386434, 40.6468821], [-73.3389599, 40.6454127], [-73.3387737, 40.6441428], [-73.3403162, 40.6426889], [-73.3409261, 40.6414056], [-73.3404992, 40.6412914]]], [[[-73.2913465, 40.6465216], [-73.2897488, 40.6450032], [-73.289317, 40.6438462], [-73.292402, 40.6425166], [-73.2967738, 40.6413274], [-73.3000675, 40.6411996], [-73.3051488, 40.6425032], [-73.3057484, 40.6436622], [-73.3052066, 40.6450054], [-73.3042851, 40.6458034], [-73.3020952, 40.6461085], [-73.3021304, 40.6456337], [-73.301768, 40.6453514], [-73.3019346, 40.6451106], [-73.3043461, 40.644841], [-73.3026467, 40.6448533], [-73.3024501, 40.6438731], [-73.3040427, 40.6434515], [-73.3038729, 40.643285], [-73.3045984, 40.6427506], [-73.3024253, 40.643669], [-73.3021174, 40.644856], [-73.3011978, 40.645175], [-73.3006952, 40.6448877], [-73.2999767, 40.6454811], [-73.2995582, 40.6442887], [-73.2978079, 40.644484], [-73.2975034, 40.644193], [-73.2980307, 40.6438768], [-73.2967126, 40.6435434], [-73.2972535, 40.6442045], [-73.296313, 40.6441008], [-73.2965625, 40.6445729], [-73.297725, 40.6447621], [-73.2977869, 40.6464871], [-73.2981471, 40.6468224], [-73.2977823, 40.6479377], [-73.2940129, 40.6489414], [-73.2957829, 40.6479796], [-73.2965686, 40.6479351], [-73.2969753, 40.6476499], [-73.2971271, 40.6470388], [-73.2975126, 40.6470244], [-73.2967312, 40.646888], [-73.2966764, 40.6476803], [-73.2956196, 40.6477832], [-73.2932977, 40.6489389], [-73.2928694, 40.6482273], [-73.2932064, 40.6482322], [-73.293213, 40.6479755], [-73.2924286, 40.647783], [-73.2922217, 40.6471906], [-73.2913465, 40.6465216]]], [[[-73.3540722, 40.6468917], [-73.3551536, 40.6478852], [-73.353607, 40.6478104], [-73.3528072, 40.6469322], [-73.3522038, 40.6468745], [-73.352195, 40.647186], [-73.351253, 40.647413], [-73.3506615, 40.6482417], [-73.3503164, 40.64796], [-73.3488801, 40.6480152], [-73.349864, 40.6483777], [-73.3494185, 40.6492362], [-73.3490221, 40.6493705], [-73.3469127, 40.6492738], [-73.3469219, 40.6484081], [-73.3463901, 40.6484358], [-73.3462057, 40.6488029], [-73.3459188, 40.6486055], [-73.3467154, 40.6481863], [-73.3471337, 40.647427], [-73.3488714, 40.6467772], [-73.3495554, 40.6459683], [-73.3505013, 40.6457228], [-73.3518076, 40.6456667], [-73.3535515, 40.64634], [-73.3540722, 40.6468917]]], [[[-73.3356716, 40.6481339], [-73.3364095, 40.6488001], [-73.3363908, 40.6491402], [-73.3353266, 40.6497361], [-73.3320281, 40.6503913], [-73.3305841, 40.6494891], [-73.3299754, 40.6477168], [-73.3318582, 40.6462452], [-73.3334013, 40.6462238], [-73.3333872, 40.6465567], [-73.3346816, 40.6470072], [-73.3356716, 40.6481339]]], [[[-73.234112, 40.6520578], [-73.2334016, 40.6524333], [-73.2320158, 40.6520227], [-73.2318178, 40.6516489], [-73.2320224, 40.6513452], [-73.2310567, 40.6508228], [-73.2298792, 40.650924], [-73.2294608, 40.6512521], [-73.2281356, 40.6511612], [-73.2278768, 40.6504398], [-73.227622, 40.6506046], [-73.2273399, 40.6501987], [-73.2280135, 40.6512391], [-73.2270266, 40.6512922], [-73.2268042, 40.6508449], [-73.2253701, 40.6503092], [-73.224555, 40.6492448], [-73.2256549, 40.6484064], [-73.233318, 40.6500935], [-73.2350667, 40.6508679], [-73.2351657, 40.651442], [-73.234112, 40.6520578]]], [[[-73.2829632, 40.6476751], [-73.2831932, 40.6482229], [-73.2836285, 40.6482202], [-73.2835471, 40.647906], [-73.2840322, 40.6474582], [-73.2863205, 40.6482979], [-73.285557, 40.6485849], [-73.2854368, 40.6494265], [-73.2849463, 40.6497634], [-73.2846164, 40.6494093], [-73.2847344, 40.6501073], [-73.2832952, 40.6506134], [-73.2832336, 40.6497999], [-73.2830303, 40.6502744], [-73.2826575, 40.6500641], [-73.2830364, 40.6503726], [-73.2830004, 40.6508785], [-73.2821756, 40.6506567], [-73.281553, 40.651026], [-73.2816141, 40.6521107], [-73.281122, 40.65296], [-73.2803599, 40.6526842], [-73.2806458, 40.6522126], [-73.2803494, 40.6522423], [-73.2802262, 40.6526829], [-73.2799197, 40.6526127], [-73.2804159, 40.6528396], [-73.2801655, 40.6529568], [-73.2804521, 40.6530678], [-73.2803668, 40.6537185], [-73.2807452, 40.6540345], [-73.2804017, 40.6541741], [-73.2805085, 40.65447], [-73.2793445, 40.6545346], [-73.2785639, 40.6539547], [-73.2780285, 40.6540795], [-73.2785575, 40.6531959], [-73.2770428, 40.6538191], [-73.2768227, 40.6535539], [-73.27715, 40.6523899], [-73.2793333, 40.6519097], [-73.2803648, 40.6498515], [-73.2787845, 40.6488875], [-73.2800613, 40.6471699], [-73.2800321, 40.6467634], [-73.2811062, 40.6464763], [-73.2827332, 40.6470577], [-73.2830926, 40.6473223], [-73.2829632, 40.6476751]]], [[[-73.2781296, 40.6484446], [-73.2791716, 40.6499771], [-73.279074, 40.6509517], [-73.2785603, 40.6509471], [-73.2778844, 40.6516064], [-73.2766934, 40.6508413], [-73.2759693, 40.6508698], [-73.2770153, 40.6519727], [-73.2765272, 40.652921], [-73.2762375, 40.6526402], [-73.2766344, 40.6524285], [-73.2765486, 40.6521803], [-73.2757995, 40.652062], [-73.2761821, 40.6515797], [-73.2758206, 40.6515288], [-73.2746993, 40.6501805], [-73.2758696, 40.6517713], [-73.275247, 40.6514098], [-73.2748511, 40.6515297], [-73.2748238, 40.6512773], [-73.2750016, 40.651325], [-73.2750901, 40.6513001], [-73.2751045, 40.6511381], [-73.2749776, 40.6510344], [-73.2747655, 40.651058], [-73.274746, 40.6509908], [-73.2747289, 40.6510898], [-73.2750768, 40.6512088], [-73.274791, 40.651239], [-73.2747795, 40.6515297], [-73.2748841, 40.6515833], [-73.2752256, 40.6514545], [-73.2757322, 40.6522405], [-73.2763652, 40.6523333], [-73.2758854, 40.6524582], [-73.2752783, 40.6520392], [-73.2763371, 40.6539519], [-73.2754961, 40.653253], [-73.2754471, 40.6526631], [-73.2749918, 40.6521423], [-73.2752078, 40.6530287], [-73.2746278, 40.6525899], [-73.2743735, 40.6530772], [-73.2748834, 40.6536082], [-73.2746303, 40.6540382], [-73.275158, 40.6536951], [-73.2754147, 40.653811], [-73.2753466, 40.6542537], [-73.273845, 40.6539952], [-73.2730306, 40.6541504], [-73.272815, 40.654771], [-73.2716008, 40.6547852], [-73.271607, 40.6544058], [-73.2723979, 40.6544863], [-73.2731963, 40.6534884], [-73.2731236, 40.6529641], [-73.2726838, 40.6528251], [-73.2726652, 40.6530574], [-73.2730838, 40.6530255], [-73.2731455, 40.653444], [-73.2726556, 40.6540721], [-73.2721372, 40.6537467], [-73.2721306, 40.6533487], [-73.2719949, 40.6534444], [-73.2722321, 40.6543875], [-73.2716923, 40.6542163], [-73.2712661, 40.6544732], [-73.2712696, 40.654949], [-73.2707776, 40.6547038], [-73.2705659, 40.6551194], [-73.2699087, 40.6546534], [-73.2703123, 40.6544097], [-73.2698448, 40.6538642], [-73.269118, 40.6539166], [-73.2688079, 40.653034], [-73.2685804, 40.6530452], [-73.2683629, 40.6531886], [-73.2687031, 40.6531353], [-73.2688638, 40.654013], [-73.2693436, 40.6542875], [-73.2691438, 40.6548357], [-73.2683697, 40.655024], [-73.2683799, 40.654674], [-73.2680567, 40.6550637], [-73.2687467, 40.6554893], [-73.2680882, 40.6552324], [-73.2683636, 40.6554598], [-73.2680972, 40.655923], [-73.2676803, 40.6553472], [-73.2668841, 40.6553429], [-73.2678157, 40.6555364], [-73.2677656, 40.6557419], [-73.2667958, 40.6555694], [-73.2670121, 40.656614], [-73.2667795, 40.6565258], [-73.2667707, 40.6557656], [-73.2665358, 40.6554654], [-73.2658943, 40.6553543], [-73.2667216, 40.6557527], [-73.2665999, 40.6567962], [-73.2675366, 40.6569926], [-73.2664182, 40.6574086], [-73.2658543, 40.6572006], [-73.2664243, 40.6577335], [-73.26607, 40.6579158], [-73.2679864, 40.6573595], [-73.2682298, 40.6574297], [-73.2681396, 40.6580709], [-73.2665774, 40.6587219], [-73.2664718, 40.6581838], [-73.2656312, 40.6582175], [-73.2648888, 40.6593132], [-73.2642794, 40.6594434], [-73.2635584, 40.6591504], [-73.2626481, 40.6576759], [-73.2614466, 40.6575849], [-73.2614588, 40.6570332], [-73.2608091, 40.6569472], [-73.2604791, 40.6561232], [-73.2606223, 40.654865], [-73.2602864, 40.6547014], [-73.2614306, 40.6545036], [-73.2600734, 40.6541495], [-73.2602129, 40.6537222], [-73.2593385, 40.6538158], [-73.2600305, 40.6533356], [-73.2593278, 40.6527353], [-73.2588718, 40.6527719], [-73.2588021, 40.653126], [-73.2583018, 40.6530362], [-73.2586504, 40.6525764], [-73.2595652, 40.6522771], [-73.2583525, 40.6523577], [-73.2582322, 40.6517132], [-73.2581669, 40.652232], [-73.2585125, 40.6524702], [-73.2581634, 40.6529556], [-73.2567905, 40.6528565], [-73.2570797, 40.6527807], [-73.2569537, 40.6525211], [-73.2566197, 40.6528214], [-73.2555716, 40.6526722], [-73.256224, 40.6531314], [-73.2559298, 40.6534458], [-73.2552596, 40.6534033], [-73.2547751, 40.6528409], [-73.254745, 40.6521549], [-73.2554357, 40.6508459], [-73.2566848, 40.6498553], [-73.2559391, 40.6498249], [-73.2560827, 40.6503036], [-73.2555158, 40.6506355], [-73.2552008, 40.649998], [-73.2586797, 40.6482597], [-73.2593691, 40.6474654], [-73.2551107, 40.649783], [-73.2558274, 40.6487302], [-73.255845, 40.6480708], [-73.2568452, 40.6467281], [-73.2567229, 40.646122], [-73.2548311, 40.6465305], [-73.2538462, 40.6470929], [-73.2535919, 40.6475956], [-73.2529381, 40.6471423], [-73.2520781, 40.6471066], [-73.2517589, 40.6464818], [-73.2512206, 40.6462818], [-73.2518447, 40.6452485], [-73.2544545, 40.6449758], [-73.256611, 40.6437893], [-73.2635268, 40.643587], [-73.2660063, 40.6438864], [-73.2699202, 40.6438148], [-73.2713535, 40.6445311], [-73.2730101, 40.6447461], [-73.2738083, 40.6455731], [-73.2795086, 40.6461277], [-73.2786412, 40.6463233], [-73.2779642, 40.6470346], [-73.2766116, 40.6465355], [-73.2760093, 40.6465846], [-73.2773773, 40.6471609], [-73.2762411, 40.6479008], [-73.2767618, 40.6473467], [-73.2751057, 40.6475419], [-73.274179, 40.6482924], [-73.27505, 40.6480089], [-73.2764384, 40.6482164], [-73.2773491, 40.6475008], [-73.2777393, 40.6475933], [-73.2781296, 40.6484446]]], [[[-73.2988391, 40.6509202], [-73.2993382, 40.6508173], [-73.3002595, 40.6517267], [-73.2986388, 40.6519674], [-73.2988237, 40.652283], [-73.2998298, 40.6524124], [-73.2995123, 40.652834], [-73.2984382, 40.6531281], [-73.2976069, 40.653989], [-73.2976547, 40.6543781], [-73.2961097, 40.6545897], [-73.2947686, 40.6539467], [-73.2934811, 40.6517978], [-73.2935562, 40.6513745], [-73.2946184, 40.650357], [-73.2969895, 40.6503163], [-73.2977834, 40.6512117], [-73.2988391, 40.6509202]]], [[[-73.2516741, 40.6507357], [-73.2518465, 40.6512839], [-73.2527369, 40.6515831], [-73.2528196, 40.652478], [-73.2530989, 40.6517962], [-73.2528528, 40.6513658], [-73.2519589, 40.6510115], [-73.2521986, 40.6505672], [-73.2518191, 40.650755], [-73.2522178, 40.6499452], [-73.2527489, 40.649816], [-73.2531606, 40.6503105], [-73.254415, 40.6506812], [-73.2539615, 40.6521078], [-73.2543743, 40.6535828], [-73.2556622, 40.6540947], [-73.2572736, 40.6539988], [-73.2578154, 40.6547488], [-73.256492, 40.6552145], [-73.2570343, 40.654748], [-73.2572301, 40.6543754], [-73.257429, 40.6546238], [-73.2575149, 40.6546712], [-73.2575621, 40.6546608], [-73.2572398, 40.6543546], [-73.2562969, 40.655063], [-73.2561498, 40.6548159], [-73.2559443, 40.654986], [-73.2561609, 40.6551033], [-73.2546653, 40.6555109], [-73.2535468, 40.6551769], [-73.2535833, 40.6549648], [-73.2529908, 40.6551206], [-73.2523608, 40.6548452], [-73.2519303, 40.6550375], [-73.2510154, 40.6544723], [-73.2504802, 40.6547306], [-73.2498603, 40.6545506], [-73.2501579, 40.6529236], [-73.2507279, 40.6527951], [-73.2501348, 40.652691], [-73.2501594, 40.6523579], [-73.2499006, 40.6525321], [-73.2494646, 40.6519818], [-73.2516741, 40.6507357]]], [[[-73.2483424, 40.6475283], [-73.2497923, 40.6470112], [-73.2506043, 40.6472982], [-73.2507471, 40.6476299], [-73.2495936, 40.6489876], [-73.2482397, 40.6496604], [-73.2484416, 40.6505916], [-73.2479185, 40.6514432], [-73.2463799, 40.6516813], [-73.2464665, 40.6515791], [-73.2463799, 40.65128], [-73.2474005, 40.6509054], [-73.2471141, 40.6508341], [-73.2465163, 40.6510363], [-73.2462876, 40.6513561], [-73.2463237, 40.6517018], [-73.2465621, 40.6522774], [-73.2471075, 40.652678], [-73.2472487, 40.653458], [-73.2483242, 40.6547941], [-73.2489155, 40.654933], [-73.2495388, 40.6546973], [-73.2491242, 40.6553074], [-73.2481191, 40.6548748], [-73.2489789, 40.6556282], [-73.2493034, 40.6557274], [-73.2490958, 40.655339], [-73.2493295, 40.6555289], [-73.2506038, 40.6577395], [-73.2514755, 40.6583092], [-73.2519927, 40.6579781], [-73.2514885, 40.6587676], [-73.2491393, 40.658354], [-73.2476046, 40.6565456], [-73.2440224, 40.6546727], [-73.2431818, 40.6533831], [-73.243462, 40.6511864], [-73.2458904, 40.6495141], [-73.2465594, 40.6485214], [-73.2483424, 40.6475283]]], [[[-73.1871171, 40.6585831], [-73.186661, 40.6587007], [-73.1862809, 40.6583801], [-73.1859039, 40.6587653], [-73.1850251, 40.6586408], [-73.1853484, 40.6574228], [-73.1847676, 40.658357], [-73.1839291, 40.6584353], [-73.183209, 40.6581372], [-73.1833578, 40.6578544], [-73.1829447, 40.6575423], [-73.1800319, 40.6568443], [-73.1782352, 40.6558941], [-73.1781859, 40.6563709], [-73.1795601, 40.6566842], [-73.179215, 40.657203], [-73.1794307, 40.6574415], [-73.1799483, 40.6569319], [-73.1832389, 40.6578744], [-73.1829289, 40.6585572], [-73.1823077, 40.6589683], [-73.1810519, 40.6587745], [-73.1808908, 40.6585162], [-73.1817148, 40.6584862], [-73.1820676, 40.6580896], [-73.1810134, 40.6578981], [-73.1808725, 40.6582636], [-73.1799117, 40.6580618], [-73.1800424, 40.6585623], [-73.1796137, 40.6585761], [-73.1789326, 40.6591943], [-73.1784461, 40.659139], [-73.1777315, 40.6589198], [-73.1778988, 40.6584908], [-73.1775977, 40.6580848], [-73.1770778, 40.6580917], [-73.1761534, 40.6571621], [-73.1761321, 40.6568208], [-73.1767099, 40.6563779], [-73.1756446, 40.6562341], [-73.1769343, 40.6544999], [-73.1780162, 40.6536206], [-73.1780459, 40.6531738], [-73.1787885, 40.65297], [-73.1818209, 40.6543866], [-73.1832743, 40.6540729], [-73.1846973, 40.6545227], [-73.1864913, 40.6554639], [-73.1909437, 40.6569678], [-73.1913511, 40.657616], [-73.1890936, 40.6588352], [-73.1881114, 40.6584239], [-73.1871171, 40.6585831]]], [[[-73.198749, 40.6540269], [-73.2007315, 40.6554494], [-73.2025528, 40.6562259], [-73.2037871, 40.6562592], [-73.2041307, 40.6570467], [-73.203848, 40.6581759], [-73.202236, 40.6593357], [-73.2014218, 40.6593071], [-73.2002997, 40.6586104], [-73.1979996, 40.6580569], [-73.1930805, 40.6559797], [-73.1961406, 40.6539169], [-73.1977416, 40.653711], [-73.198749, 40.6540269]]], [[[-73.3760436, 40.667948], [-73.373343, 40.661325], [-73.3754485, 40.6604875], [-73.3769015, 40.6604227], [-73.3775599, 40.6607771], [-73.3799903, 40.6670974], [-73.3760436, 40.667948]]], [[[-73.3674163, 40.6626935], [-73.3686693, 40.6621745], [-73.373294, 40.6620196], [-73.3755146, 40.6677953], [-73.3712186, 40.6669201], [-73.3680983, 40.667123], [-73.3667957, 40.6634756], [-73.3674163, 40.6626935]]], [[[-73.2366388, 40.7175971], [-73.2334065, 40.7176248], [-73.2335288, 40.7166607], [-73.2347769, 40.7136838], [-73.2357425, 40.7128218], [-73.2360429, 40.7129194], [-73.2362789, 40.7137652], [-73.238241, 40.7155294], [-73.2381028, 40.7163999], [-73.2386508, 40.7172028], [-73.2366388, 40.7175971]]], [[[-73.3583768, 41.0835311], [-73.3581603, 41.0838822], [-73.357979, 41.0835578], [-73.3564096, 41.0832733], [-73.3568532, 41.0834341], [-73.35645, 41.0834496], [-73.3562723, 41.0839646], [-73.3570822, 41.0839067], [-73.3565749, 41.0843383], [-73.3568294, 41.084858], [-73.3562378, 41.084438], [-73.3560957, 41.0850357], [-73.3575805, 41.085224], [-73.3578906, 41.0856718], [-73.3570619, 41.0863614], [-73.3560921, 41.086104], [-73.3557096, 41.0866079], [-73.3552753, 41.0865366], [-73.3552053, 41.0869476], [-73.3576337, 41.0864296], [-73.3596353, 41.0852441], [-73.3601569, 41.0852688], [-73.3580761, 41.0867987], [-73.3547721, 41.087171], [-73.3545525, 41.0856653], [-73.3550886, 41.0840486], [-73.3553706, 41.0834771], [-73.356214, 41.082954], [-73.3581168, 41.0821177], [-73.3600703, 41.0819544], [-73.3617646, 41.0832189], [-73.3613774, 41.0838486], [-73.3609737, 41.0829117], [-73.3599439, 41.0823295], [-73.3586524, 41.0829413], [-73.3583768, 41.0835311]]], [[[-73.2913717, 40.6249523], [-73.2877023, 40.6253289], [-73.2670527, 40.625497], [-73.2664471, 40.6254725], [-73.267008, 40.6252176], [-73.266429, 40.6248905], [-73.2656422, 40.6250461], [-73.2655716, 40.6253999], [-73.2660797, 40.6254609], [-73.2654937, 40.6254387], [-73.2655281, 40.6251072], [-73.2651003, 40.6250878], [-73.2650574, 40.6254219], [-73.2644172, 40.6254005], [-73.2649692, 40.6253874], [-73.2650271, 40.6250999], [-73.2643338, 40.624797], [-73.2635933, 40.6250453], [-73.2635481, 40.6253401], [-73.2640791, 40.6253874], [-73.2634694, 40.6253705], [-73.2632335, 40.6251665], [-73.2620181, 40.6251114], [-73.260472, 40.6255077], [-73.2605808, 40.6260584], [-73.2604275, 40.6257124], [-73.2591509, 40.6258646], [-73.2591727, 40.6262473], [-73.2590444, 40.6256842], [-73.2586719, 40.6256121], [-73.2557142, 40.6257149], [-73.2505416, 40.626894], [-73.2450695, 40.6293874], [-73.2349124, 40.6317908], [-73.225726, 40.6318092], [-73.2232588, 40.6320783], [-73.2162858, 40.6343812], [-73.2110719, 40.63539], [-73.207803, 40.6363994], [-73.2052032, 40.6379264], [-73.204901, 40.6374726], [-73.2031289, 40.6380762], [-73.201895, 40.6387008], [-73.2012877, 40.6395519], [-73.1947281, 40.6430856], [-73.1927503, 40.6431005], [-73.1928397, 40.6414347], [-73.194344, 40.6410522], [-73.1925226, 40.6385966], [-73.1919941, 40.6385349], [-73.191116, 40.6392012], [-73.190386, 40.6388953], [-73.1894247, 40.6390902], [-73.1846193, 40.6416377], [-73.1834676, 40.6419326], [-73.1781657, 40.6417123], [-73.1750131, 40.6429465], [-73.1746076, 40.6433744], [-73.1743846, 40.6426064], [-73.1728061, 40.6428132], [-73.1731805, 40.643647], [-73.1725192, 40.6437891], [-73.1721042, 40.642901], [-73.1714354, 40.6428056], [-73.1691351, 40.6434074], [-73.1681508, 40.6433269], [-73.1647418, 40.6450611], [-73.1622605, 40.646857], [-73.1618363, 40.6478174], [-73.1606172, 40.6486436], [-73.1568141, 40.6497512], [-73.1561229, 40.6495013], [-73.1540147, 40.6497183], [-73.1513617, 40.6492853], [-73.1506475, 40.6494994], [-73.1481537, 40.6490823], [-73.1436359, 40.6493816], [-73.1398757, 40.6503622], [-73.1400474, 40.6507937], [-73.1397255, 40.6508791], [-73.1400796, 40.6512251], [-73.1396236, 40.651335], [-73.1393875, 40.650814], [-73.1387328, 40.6509038], [-73.137397, 40.6516202], [-73.1375266, 40.6518677], [-73.1367404, 40.6518517], [-73.134988, 40.6528415], [-73.1298591, 40.6543004], [-73.1289594, 40.6538609], [-73.1275791, 40.6538329], [-73.1159081, 40.6565489], [-73.1067227, 40.6566487], [-73.1058644, 40.6568034], [-73.1054488, 40.657647], [-73.1051039, 40.657031], [-73.1040519, 40.6572032], [-73.1041722, 40.6578369], [-73.1039629, 40.6578829], [-73.1026887, 40.6571248], [-73.0962445, 40.6587066], [-73.0938105, 40.6597136], [-73.0886813, 40.6607819], [-73.0842135, 40.6622228], [-73.0840318, 40.6618732], [-73.083554, 40.661939], [-73.0810945, 40.6628651], [-73.0766523, 40.6652575], [-73.0735273, 40.6664357], [-73.0705623, 40.6666974], [-73.0691384, 40.6653477], [-73.068453, 40.6654964], [-73.0684242, 40.6658124], [-73.0693526, 40.665998], [-73.0699111, 40.6665982], [-73.0615667, 40.6681019], [-73.0564705, 40.6687244], [-73.0558593, 40.6684999], [-73.0525115, 40.6693307], [-73.0447707, 40.6716214], [-73.0418238, 40.6730475], [-73.0393561, 40.673044], [-73.0365243, 40.6740435], [-73.0351873, 40.6741456], [-73.0266407, 40.6774709], [-73.025777, 40.6774241], [-73.0230278, 40.6788033], [-73.0195038, 40.6800553], [-73.0115265, 40.6822754], [-73.0086365, 40.6834751], [-73.0056243, 40.6854159], [-73.0052403, 40.6854402], [-73.005048, 40.6850418], [-73.0021471, 40.6862618], [-73.0025655, 40.6871974], [-73.0041806, 40.6869597], [-73.0025804, 40.687359], [-73.0013654, 40.687262], [-72.9953772, 40.6898169], [-72.9933611, 40.6913386], [-72.9914347, 40.6939189], [-72.9900793, 40.6947753], [-72.9899018, 40.6934567], [-72.9913936, 40.6928307], [-72.9909307, 40.6921677], [-72.9898905, 40.6924107], [-72.9903272, 40.6917394], [-72.9894039, 40.6914878], [-72.9889498, 40.692429], [-72.9894546, 40.6935846], [-72.9889904, 40.6948151], [-72.9883774, 40.6946358], [-72.9877383, 40.693342], [-72.9877032, 40.694624], [-72.9864079, 40.6954462], [-72.984904, 40.6953464], [-72.9839225, 40.6949163], [-72.9803267, 40.6970754], [-72.9786923, 40.6974268], [-72.9770703, 40.6973559], [-72.9767467, 40.6968952], [-72.9777145, 40.696309], [-72.9771277, 40.695916], [-72.9774321, 40.6956517], [-72.9722996, 40.6972806], [-72.971795, 40.6978698], [-72.971895, 40.698606], [-72.9715405, 40.6989459], [-72.9756939, 40.7005082], [-72.9736299, 40.700796], [-72.9723567, 40.6996296], [-72.9703362, 40.6995547], [-72.9713991, 40.7018009], [-72.9712497, 40.7020986], [-72.9705368, 40.7020681], [-72.9682172, 40.7009088], [-72.9684677, 40.7007149], [-72.9665932, 40.7000227], [-72.9666653, 40.7012947], [-72.9650187, 40.7006915], [-72.9644699, 40.7010379], [-72.9643858, 40.7015341], [-72.9622901, 40.7027845], [-72.9612588, 40.7029962], [-72.9608859, 40.702755], [-72.9596002, 40.7034735], [-72.9587335, 40.703573], [-72.9569315, 40.7048848], [-72.9553696, 40.7050987], [-72.9552431, 40.7060097], [-72.9543079, 40.7060566], [-72.9544883, 40.7062534], [-72.9540872, 40.7062199], [-72.9518178, 40.7075651], [-72.9502115, 40.7078554], [-72.9481141, 40.7087826], [-72.9482047, 40.7091048], [-72.9501124, 40.7093256], [-72.9489484, 40.7097794], [-72.948564, 40.7107764], [-72.9470403, 40.710329], [-72.9455054, 40.7110677], [-72.9467584, 40.7113716], [-72.9474916, 40.7120913], [-72.9435058, 40.7123533], [-72.940915, 40.7121471], [-72.9395775, 40.7117019], [-72.938938, 40.7119212], [-72.9395106, 40.7125391], [-72.9388685, 40.7136845], [-72.9378166, 40.714161], [-72.9363705, 40.7135848], [-72.9355505, 40.7136646], [-72.9344808, 40.7151513], [-72.9328942, 40.7152175], [-72.9309651, 40.7143868], [-72.9297313, 40.7148544], [-72.9286256, 40.7163627], [-72.9286266, 40.7172289], [-72.9281073, 40.7178596], [-72.9276632, 40.717713], [-72.9278549, 40.7168336], [-72.9265269, 40.7165908], [-72.9263772, 40.7160832], [-72.92541, 40.7161279], [-72.9231176, 40.7175637], [-72.9231812, 40.7184183], [-72.9217003, 40.7196093], [-72.9215956, 40.7205107], [-72.921953, 40.7208889], [-72.9216449, 40.7215381], [-72.9184714, 40.720562], [-72.9196848, 40.7198558], [-72.9194943, 40.7189648], [-72.9204186, 40.7185725], [-72.9216214, 40.7185791], [-72.9214631, 40.71814], [-72.9204412, 40.7178981], [-72.9204802, 40.718353], [-72.9191725, 40.7189674], [-72.9192851, 40.7198639], [-72.9181633, 40.7203565], [-72.9181386, 40.7213186], [-72.9175471, 40.7215334], [-72.916992, 40.7229737], [-72.9145352, 40.7231057], [-72.9125216, 40.724339], [-72.9114763, 40.7246291], [-72.9099673, 40.7244435], [-72.9091945, 40.7247926], [-72.9087045, 40.7244171], [-72.910302, 40.7221782], [-72.9106545, 40.7204938], [-72.9089017, 40.7221445], [-72.9067049, 40.7225776], [-72.9045778, 40.7223877], [-72.9030231, 40.7229057], [-72.9029775, 40.7232259], [-72.9034401, 40.7233011], [-72.9036674, 40.7237534], [-72.9034347, 40.7246498], [-72.9022506, 40.7252748], [-72.9015559, 40.7253033], [-72.900805, 40.7248437], [-72.8993136, 40.7230633], [-72.8979242, 40.7237666], [-72.8941345, 40.7272123], [-72.8941897, 40.7305147], [-72.8932277, 40.7313003], [-72.8908308, 40.730976], [-72.8911458, 40.7307158], [-72.8899031, 40.7296338], [-72.8900233, 40.7301614], [-72.8895759, 40.7302318], [-72.8891946, 40.7297949], [-72.889357, 40.730313], [-72.8889672, 40.7304769], [-72.8886249, 40.7301715], [-72.8887972, 40.7305646], [-72.8883745, 40.7307969], [-72.8880617, 40.730504], [-72.8881937, 40.730886], [-72.8877205, 40.7311013], [-72.8874577, 40.7308333], [-72.8875166, 40.7311651], [-72.8872137, 40.7312873], [-72.8866918, 40.7309359], [-72.886875, 40.7313707], [-72.8865319, 40.7316174], [-72.8840297, 40.7317113], [-72.8801953, 40.7326392], [-72.8792575, 40.7325748], [-72.8793212, 40.7319687], [-72.8826954, 40.7305715], [-72.8817575, 40.730078], [-72.880763, 40.7300136], [-72.8792008, 40.7309469], [-72.8722337, 40.7319379], [-72.8700477, 40.7332454], [-72.8674661, 40.7369873], [-72.8653632, 40.7370978], [-72.8633204, 40.7368052], [-72.8592509, 40.7375481], [-72.8576384, 40.7369027], [-72.8549471, 40.7377364], [-72.8539738, 40.7376744], [-72.849142, 40.7397503], [-72.8434773, 40.7409462], [-72.8394658, 40.7436388], [-72.8370348, 40.742988], [-72.8353726, 40.7436256], [-72.8332746, 40.7438522], [-72.833054, 40.7443571], [-72.8307436, 40.7458889], [-72.8293602, 40.7457945], [-72.8273854, 40.7470249], [-72.8244832, 40.7475826], [-72.8217156, 40.7493522], [-72.8191815, 40.7487838], [-72.8156777, 40.7492718], [-72.8129752, 40.7505327], [-72.8114101, 40.7507303], [-72.8111688, 40.7514489], [-72.8105742, 40.7516312], [-72.8087975, 40.7512344], [-72.8072544, 40.7518135], [-72.8064333, 40.7517224], [-72.805775, 40.7521674], [-72.8058741, 40.7525642], [-72.8080684, 40.75228], [-72.8054211, 40.7534115], [-72.8030286, 40.7559369], [-72.8015138, 40.7555241], [-72.800353, 40.7559691], [-72.8011316, 40.7572345], [-72.8012193, 40.7583959], [-72.800576, 40.7591981], [-72.7993691, 40.7599314], [-72.7982649, 40.7599046], [-72.796559, 40.759229], [-72.7962596, 40.7594774], [-72.7962596, 40.7602695], [-72.7932779, 40.7615266], [-72.7904041, 40.76091], [-72.7901139, 40.7606902], [-72.7902838, 40.7601058], [-72.7896396, 40.7601969], [-72.7904324, 40.7611352], [-72.7919684, 40.7617303], [-72.7947007, 40.7617786], [-72.7946936, 40.7623576], [-72.7937876, 40.7631028], [-72.7919897, 40.7629688], [-72.7890804, 40.7639445], [-72.7865991, 40.7638432], [-72.784168, 40.7644201], [-72.7816623, 40.7645664], [-72.7812942, 40.7642769], [-72.7820906, 40.7642715], [-72.7821214, 40.7639496], [-72.7814499, 40.7633065], [-72.7796096, 40.7638695], [-72.7785124, 40.7632476], [-72.7784841, 40.7623737], [-72.7779037, 40.7618751], [-72.7786257, 40.7613014], [-72.7808554, 40.7608403], [-72.7819737, 40.7598645], [-72.7837787, 40.7593176], [-72.7859278, 40.7597496], [-72.785912, 40.7591035], [-72.7853147, 40.758492], [-72.7845361, 40.758256], [-72.7839415, 40.7587708], [-72.7829364, 40.7590335], [-72.7819808, 40.7587547], [-72.7794468, 40.7601165], [-72.7782859, 40.761103], [-72.776127, 40.7622557], [-72.7758708, 40.7626248], [-72.776219, 40.7629366], [-72.775579, 40.7631247], [-72.775618, 40.7633923], [-72.7736439, 40.7628885], [-72.7718465, 40.763809], [-72.7703179, 40.7634654], [-72.7679898, 40.7650988], [-72.7676572, 40.7664802], [-72.7670643, 40.7668107], [-72.7663165, 40.7667781], [-72.7657373, 40.765714], [-72.7642338, 40.7656394], [-72.7622865, 40.7666568], [-72.7606942, 40.7669758], [-72.75753, 40.7691931], [-72.7561022, 40.7693891], [-72.7544164, 40.7688706], [-72.755882, 40.7658103], [-72.7560249, 40.7637717], [-72.7562177, 40.7640302], [-72.7577866, 40.7637336], [-72.7654967, 40.7597762], [-72.7792865, 40.7572279], [-72.7903667, 40.7547841], [-72.8236843, 40.7444411], [-72.8481033, 40.7375653], [-72.8784036, 40.7275859], [-72.897023, 40.7218436], [-72.9107872, 40.718346], [-72.9661069, 40.6971107], [-72.973219, 40.693985], [-72.9809642, 40.6913933], [-72.9883418, 40.6884481], [-72.9955742, 40.6861443], [-73.0144384, 40.6787887], [-73.025693, 40.6753469], [-73.0277529, 40.6744274], [-73.039891, 40.6713092], [-73.0524042, 40.6673021], [-73.0618394, 40.664746], [-73.0654766, 40.6640671], [-73.0882598, 40.6581617], [-73.1271659, 40.6497288], [-73.1361075, 40.6477138], [-73.1380457, 40.6469938], [-73.1888797, 40.6361887], [-73.1986859, 40.6335833], [-73.2019689, 40.6330948], [-73.2054784, 40.6319927], [-73.2151344, 40.629835], [-73.2315511, 40.6264172], [-73.2429324, 40.6244145], [-73.2596054, 40.6220992], [-73.2804722, 40.6204216], [-73.3013724, 40.6206614], [-73.3055375, 40.6206324], [-73.3066226, 40.6202466], [-73.3066641, 40.6215495], [-73.3121565, 40.6243677], [-73.3129505, 40.6258457], [-73.3126351, 40.6266101], [-73.307452, 40.6271334], [-73.3024406, 40.628432], [-73.3036497, 40.6272636], [-73.3045337, 40.6269835], [-73.3052633, 40.6271855], [-73.3084125, 40.6261842], [-73.307388, 40.6248851], [-73.3061731, 40.6246188], [-73.3042827, 40.6258702], [-73.3025253, 40.6279216], [-73.3004822, 40.6287616], [-73.2988003, 40.6289605], [-73.2980289, 40.6286615], [-73.2979626, 40.6276373], [-73.2961764, 40.6259795], [-73.293361, 40.62517], [-73.2913717, 40.6249523]]], [[[-72.9157837, 40.7278051], [-72.9172428, 40.7284799], [-72.9159982, 40.7302442], [-72.9127787, 40.7304511], [-72.9118561, 40.7301828], [-72.9116737, 40.7292397], [-72.9107307, 40.7281586], [-72.9105608, 40.7274666], [-72.9108793, 40.7269248], [-72.9126347, 40.7273945], [-72.9139007, 40.728114], [-72.9157837, 40.7278051]]], [[[-74.0151887, 40.6819821], [-74.0127919, 40.6836257], [-74.0120615, 40.6829297], [-74.014104, 40.6817191], [-74.0135861, 40.6812105], [-74.0138642, 40.6810155], [-74.0130191, 40.6804089], [-74.009647, 40.6832793], [-74.0107655, 40.6843529], [-74.0117673, 40.683751], [-74.012124, 40.6841001], [-74.008378, 40.6863874], [-74.0078585, 40.6862271], [-74.0070383, 40.6864989], [-74.0058836, 40.6861441], [-74.0056293, 40.6867999], [-74.0078359, 40.6874238], [-74.0074468, 40.688243], [-74.0050609, 40.687571], [-74.0046221, 40.6882349], [-74.0067851, 40.6888296], [-74.006397, 40.6896478], [-74.0038381, 40.6889522], [-74.0034304, 40.689615], [-74.0057452, 40.6902412], [-74.0053555, 40.6910818], [-74.0009478, 40.690131], [-74.0007131, 40.6906126], [-74.004812, 40.6917348], [-74.0044448, 40.6925253], [-74.0020201, 40.6918525], [-74.0017311, 40.6924327], [-74.003981, 40.6932449], [-74.0034248, 40.6940525], [-74.0013187, 40.6933094], [-74.0009483, 40.6940628], [-74.003013, 40.6947726], [-74.0024059, 40.6957083], [-74.0002853, 40.6949655], [-73.9995811, 40.6960788], [-73.9994038, 40.6958874], [-73.9992407, 40.696554], [-73.9998046, 40.6965819], [-73.9988411, 40.6967823], [-73.9988357, 40.6971605], [-74.0010118, 40.6979251], [-74.0004417, 40.6987621], [-73.9983854, 40.6980464], [-73.9980098, 40.6986556], [-74.0000445, 40.6994575], [-73.9995002, 40.7003342], [-73.9973754, 40.6996101], [-73.9968361, 40.7009771], [-73.9981169, 40.7015461], [-73.9962412, 40.7033532], [-73.9951341, 40.7029803], [-73.9954304, 40.7032841], [-73.9952961, 40.7035518], [-73.9947519, 40.7033888], [-73.9950207, 40.7038028], [-73.9943474, 40.7044315], [-73.9921375, 40.7046879], [-73.9918326, 40.7041626], [-73.9909999, 40.7040187], [-73.9901338, 40.7049694], [-73.9884984, 40.7045766], [-73.9881377, 40.7051046], [-73.986916, 40.7051707], [-73.9864459, 40.7046593], [-73.9863986, 40.7054125], [-73.9825351, 40.7054878], [-73.982411, 40.7058241], [-73.9795451, 40.7057385], [-73.9790834, 40.7059662], [-73.9792586, 40.7055578], [-73.9784261, 40.705554], [-73.9785888, 40.7049761], [-73.9780215, 40.7042837], [-73.9772206, 40.704219], [-73.9775085, 40.7032255], [-73.9771329, 40.7030141], [-73.9763136, 40.7046369], [-73.9762578, 40.7043075], [-73.9760341, 40.7045733], [-73.976926, 40.7027924], [-73.9761617, 40.7021725], [-73.9755654, 40.7030718], [-73.9753184, 40.7029736], [-73.9759804, 40.7019526], [-73.9745489, 40.7015879], [-73.9757344, 40.6995999], [-73.975378, 40.6995959], [-73.9740981, 40.7013009], [-73.9723951, 40.7001687], [-73.9737174, 40.7014978], [-73.9731878, 40.701669], [-73.9711264, 40.699909], [-73.9707668, 40.6999822], [-73.9732998, 40.7023817], [-73.9728478, 40.7027162], [-73.9725029, 40.7024423], [-73.9720858, 40.7027058], [-73.9728285, 40.703362], [-73.9723481, 40.7033042], [-73.9719863, 40.7036288], [-73.9723224, 40.7038406], [-73.9721684, 40.7039812], [-73.9714439, 40.7035229], [-73.9711234, 40.7034816], [-73.9710888, 40.7038413], [-73.9734256, 40.7053006], [-73.973386, 40.7057322], [-73.9725531, 40.7061877], [-73.974617, 40.7077035], [-73.9742273, 40.7080085], [-73.9712068, 40.7057922], [-73.9710263, 40.7069288], [-73.9714474, 40.7073877], [-73.9717366, 40.7072208], [-73.9727751, 40.708372], [-73.9724753, 40.7085205], [-73.9727786, 40.7088472], [-73.9723138, 40.7090796], [-73.9702501, 40.7068987], [-73.970473, 40.7054047], [-73.9701723, 40.7053549], [-73.9702286, 40.7049732], [-73.9674974, 40.7034427], [-73.9674732, 40.7039559], [-73.9692907, 40.7050848], [-73.9692582, 40.7070246], [-73.969836, 40.7079839], [-73.9699337, 40.7093127], [-73.9695487, 40.7102955], [-73.969908, 40.7104999], [-73.969307, 40.7109628], [-73.968933, 40.7124352], [-73.9684713, 40.7129209], [-73.9688346, 40.7132101], [-73.9672054, 40.7164596], [-73.9672561, 40.7169869], [-73.9663391, 40.7182978], [-73.9650987, 40.7192268], [-73.9654004, 40.7195832], [-73.9651775, 40.7202602], [-73.9644794, 40.7200386], [-73.9630226, 40.7219992], [-73.9618087, 40.724143], [-73.9616552, 40.7248678], [-73.9620403, 40.7252246], [-73.9608729, 40.7252134], [-73.9583382, 40.7244038], [-73.9578989, 40.7246567], [-73.9584333, 40.7254351], [-73.9600957, 40.7253256], [-73.9602335, 40.725966], [-73.9616626, 40.7258864], [-73.9610285, 40.7285647], [-73.9610549, 40.7296949], [-73.9622328, 40.7329795], [-73.9620197, 40.734467], [-73.962978, 40.738393], [-73.9626653, 40.7386412], [-73.9624866, 40.7397851], [-73.9613027, 40.7403728], [-73.9619528, 40.7408521], [-73.9612005, 40.7411806], [-73.9611919, 40.7418934], [-73.961568, 40.741993], [-73.9607476, 40.7433386], [-73.9597482, 40.7436195], [-73.9585072, 40.7449981], [-73.9593526, 40.745431], [-73.9590267, 40.7457734], [-73.9583863, 40.74575], [-73.959143, 40.746009], [-73.9584559, 40.7471061], [-73.9570399, 40.7489289], [-73.9531658, 40.7477132], [-73.9530264, 40.7481358], [-73.9563227, 40.7490786], [-73.9553718, 40.7500273], [-73.9550865, 40.7496195], [-73.9544928, 40.7505957], [-73.9544842, 40.751242], [-73.9513568, 40.7545993], [-73.9413182, 40.7669756], [-73.9398157, 40.7680177], [-73.9389561, 40.7679395], [-73.9381138, 40.7687183], [-73.9368472, 40.76888], [-73.9364935, 40.7693631], [-73.9356839, 40.7693933], [-73.93503, 40.7699123], [-73.9347888, 40.7703684], [-73.935193, 40.7705587], [-73.9350292, 40.771162], [-73.9344914, 40.7711468], [-73.9343143, 40.7714464], [-73.9374726, 40.7725341], [-73.937885, 40.7740446], [-73.9376597, 40.775113], [-73.9363293, 40.7770142], [-73.9350844, 40.7779292], [-73.9341233, 40.7781113], [-73.9317642, 40.7778257], [-73.9299122, 40.7762365], [-73.9285563, 40.7765714], [-73.9263193, 40.7781882], [-73.9243032, 40.7790451], [-73.9191632, 40.7832982], [-73.9173178, 40.7841268], [-73.9169959, 40.7849513], [-73.9157407, 40.7861211], [-73.9152861, 40.7861803], [-73.9156119, 40.7864298], [-73.9125917, 40.789411], [-73.9123772, 40.7892851], [-73.9134983, 40.7882413], [-73.911771, 40.789744], [-73.9111152, 40.7897373], [-73.9111367, 40.7900926], [-73.9099029, 40.7908947], [-73.9004202, 40.7890995], [-73.8969081, 40.7866373], [-73.8958017, 40.7852199], [-73.8987434, 40.782745], [-73.9011103, 40.7827112], [-73.9021171, 40.7819427], [-73.9026089, 40.7803301], [-73.9021699, 40.7803656], [-73.9020188, 40.7812197], [-73.9013643, 40.7817604], [-73.9003339, 40.7821529], [-73.8986365, 40.7819892], [-73.8942994, 40.7843108], [-73.8941385, 40.7841442], [-73.8959731, 40.783145], [-73.894765, 40.7822463], [-73.8953834, 40.7815482], [-73.8940741, 40.7825601], [-73.8916483, 40.7808544], [-73.8915532, 40.7806119], [-73.892555, 40.7795561], [-73.8917149, 40.7795651], [-73.8911277, 40.7786101], [-73.8924401, 40.7774414], [-73.8914601, 40.7764786], [-73.8903878, 40.7777405], [-73.8900358, 40.7777251], [-73.8894915, 40.7755683], [-73.8901334, 40.773613], [-73.883877, 40.7741197], [-73.8846141, 40.7744524], [-73.8848448, 40.7750981], [-73.8842057, 40.7754467], [-73.8851638, 40.779421], [-73.8848687, 40.7799817], [-73.879668, 40.7806216], [-73.8796016, 40.7809298], [-73.8787062, 40.7806086], [-73.8790213, 40.7817442], [-73.8798437, 40.7821431], [-73.8788889, 40.7832824], [-73.8751361, 40.7815015], [-73.8708975, 40.7864458], [-73.8693633, 40.7857175], [-73.8698689, 40.7850805], [-73.8694065, 40.7835977], [-73.8704641, 40.7823259], [-73.8714508, 40.7821349], [-73.8725505, 40.7808211], [-73.8684454, 40.7785576], [-73.8550775, 40.7722626], [-73.8549906, 40.7719336], [-73.8563916, 40.7703473], [-73.8578325, 40.7707786], [-73.8580774, 40.7701999], [-73.8528416, 40.7676182], [-73.8512821, 40.7653263], [-73.8512559, 40.7650556], [-73.8516101, 40.7650084], [-73.8531228, 40.7672755], [-73.8562936, 40.7688594], [-73.8571932, 40.7687633], [-73.859479, 40.7670581], [-73.8608684, 40.7672531], [-73.8627649, 40.7667537], [-73.859461, 40.7624943], [-73.8588916, 40.7624089], [-73.858961, 40.7621006], [-73.8547341, 40.7601851], [-73.8528975, 40.7600048], [-73.8515808, 40.7593438], [-73.8502803, 40.7595555], [-73.8493084, 40.7602554], [-73.8487315, 40.7601279], [-73.8474963, 40.7608324], [-73.8430483, 40.7635769], [-73.8429021, 40.7643415], [-73.8423677, 40.7648199], [-73.840542, 40.7653935], [-73.839123, 40.7649823], [-73.8382149, 40.7643374], [-73.8373589, 40.762868], [-73.8375966, 40.7618253], [-73.8371421, 40.7611649], [-73.8378766, 40.7606561], [-73.8379302, 40.7602485], [-73.8382844, 40.7602143], [-73.8381832, 40.7594286], [-73.839266, 40.7569495], [-73.8389908, 40.7570429], [-73.8388996, 40.7567603], [-73.8406242, 40.7552208], [-73.8405669, 40.7537514], [-73.8394333, 40.7544511], [-73.8382806, 40.7561039], [-73.8379777, 40.7569012], [-73.8384653, 40.7572126], [-73.8378971, 40.7576704], [-73.8378182, 40.7583833], [-73.8372834, 40.758738], [-73.8360778, 40.7613801], [-73.8364381, 40.7631103], [-73.8381876, 40.7656279], [-73.839518, 40.7661155], [-73.8396235, 40.7671085], [-73.8403108, 40.7663013], [-73.8442897, 40.7654451], [-73.8472313, 40.7663633], [-73.8477796, 40.7668242], [-73.8486197, 40.7681274], [-73.8482726, 40.7683886], [-73.8489802, 40.7691349], [-73.8484449, 40.7697029], [-73.848541, 40.7706827], [-73.8496947, 40.7719257], [-73.8497139, 40.7722897], [-73.8486824, 40.7734797], [-73.8490526, 40.774901], [-73.8487384, 40.7753978], [-73.8490731, 40.7758116], [-73.8488794, 40.7779415], [-73.8497495, 40.7787447], [-73.8495458, 40.7794448], [-73.8498412, 40.779773], [-73.8494668, 40.7800687], [-73.8498047, 40.7814812], [-73.8491284, 40.7815965], [-73.8494999, 40.7818436], [-73.8491603, 40.7822873], [-73.8529379, 40.782319], [-73.8534339, 40.782022], [-73.8551841, 40.7819471], [-73.8555211, 40.7829604], [-73.8559135, 40.7832176], [-73.8566347, 40.7831659], [-73.8580349, 40.7837468], [-73.8579217, 40.7846673], [-73.8584853, 40.7852226], [-73.8589824, 40.7851947], [-73.8590882, 40.7855282], [-73.8581123, 40.7870622], [-73.8567822, 40.7866653], [-73.8558895, 40.7877164], [-73.8535299, 40.7878566], [-73.8530105, 40.7881835], [-73.8546397, 40.7883932], [-73.8547289, 40.7890897], [-73.8522288, 40.7891952], [-73.8547048, 40.7892307], [-73.8545079, 40.7902814], [-73.8528724, 40.7911908], [-73.8528708, 40.7915149], [-73.8538076, 40.7923586], [-73.8537605, 40.7938756], [-73.8527752, 40.7943724], [-73.8526109, 40.7949679], [-73.8514753, 40.7939975], [-73.8489372, 40.7932845], [-73.8488628, 40.7951752], [-73.8480282, 40.7957071], [-73.8462826, 40.7961522], [-73.8456142, 40.7960431], [-73.8445245, 40.7947992], [-73.8428134, 40.7949808], [-73.8429351, 40.7954026], [-73.8418998, 40.7956503], [-73.8414046, 40.7948866], [-73.8413067, 40.7961972], [-73.840615, 40.7968107], [-73.8390647, 40.7970629], [-73.8383976, 40.7967854], [-73.8366723, 40.792575], [-73.8366866, 40.7920728], [-73.8375736, 40.7912644], [-73.8373507, 40.7888946], [-73.8370123, 40.789439], [-73.8356235, 40.7894608], [-73.8340517, 40.789071], [-73.8337136, 40.7883049], [-73.8325823, 40.7884941], [-73.8314594, 40.7891707], [-73.8319042, 40.7893927], [-73.8321258, 40.7900295], [-73.8314606, 40.7912317], [-73.8307813, 40.7915872], [-73.8295317, 40.7915741], [-73.8284133, 40.7924511], [-73.8292475, 40.7929929], [-73.8283232, 40.7924874], [-73.8278022, 40.7930931], [-73.828124, 40.7949193], [-73.8290303, 40.7964582], [-73.8268509, 40.7969914], [-73.8271747, 40.7975866], [-73.8266331, 40.7977692], [-73.8263311, 40.7973253], [-73.8246565, 40.7975525], [-73.822485, 40.7989041], [-73.8207426, 40.8006195], [-73.8196698, 40.8009249], [-73.8160992, 40.7991055], [-73.8136828, 40.7975064], [-73.8138717, 40.7970874], [-73.8135241, 40.7969453], [-73.8126899, 40.7972639], [-73.8125426, 40.7980024], [-73.8120574, 40.7980834], [-73.8118045, 40.7973766], [-73.8060141, 40.7964998], [-73.8053675, 40.7961225], [-73.8037699, 40.7962184], [-73.8029872, 40.7966921], [-73.8029906, 40.7963289], [-73.8026419, 40.7962391], [-73.8010532, 40.796472], [-73.7985983, 40.7961424], [-73.7942724, 40.7949662], [-73.7940321, 40.7943749], [-73.7949211, 40.7914538], [-73.7937516, 40.7890477], [-73.7927079, 40.7887942], [-73.7901551, 40.7904011], [-73.7846644, 40.7905025], [-73.7825951, 40.7912848], [-73.7843297, 40.7917393], [-73.7816043, 40.7912506], [-73.7810386, 40.7917534], [-73.7807729, 40.7939957], [-73.7813228, 40.7946874], [-73.7832426, 40.7949753], [-73.782026, 40.7949819], [-73.7816609, 40.795616], [-73.7798185, 40.7962451], [-73.7794056, 40.796735], [-73.7779178, 40.7967537], [-73.7759759, 40.7959655], [-73.7751053, 40.7951466], [-73.773276, 40.7922294], [-73.7723748, 40.7913911], [-73.772159, 40.790156], [-73.7706828, 40.7885298], [-73.7710902, 40.7878313], [-73.7734899, 40.7869499], [-73.7751561, 40.7873041], [-73.7743329, 40.7866264], [-73.7742068, 40.7860173], [-73.7716236, 40.7829824], [-73.7681951, 40.7796307], [-73.7671089, 40.776847], [-73.7655125, 40.7742537], [-73.7599479, 40.7692852], [-73.7586199, 40.7673935], [-73.7571003, 40.766956], [-73.7564086, 40.7664231], [-73.7551429, 40.7662561], [-73.7530287, 40.7646185], [-73.7550182, 40.7674652], [-73.7547306, 40.7685799], [-73.7555294, 40.7715445], [-73.7535368, 40.7727444], [-73.7533451, 40.7731737], [-73.7543039, 40.7753412], [-73.7552771, 40.7765138], [-73.7549212, 40.7768333], [-73.7549535, 40.7776229], [-73.7543686, 40.7781929], [-73.7540697, 40.7797013], [-73.7530056, 40.7814364], [-73.7520467, 40.7822622], [-73.7510103, 40.7826317], [-73.7503509, 40.7825404], [-73.7481422, 40.7808095], [-73.7471925, 40.7791045], [-73.7465088, 40.7786988], [-73.7464786, 40.7790997], [-73.7472317, 40.7800955], [-73.7460891, 40.7805626], [-73.7459283, 40.7819339], [-73.7462005, 40.783238], [-73.7474326, 40.7841637], [-73.7482514, 40.7838146], [-73.7488646, 40.7843165], [-73.7487323, 40.784541], [-73.7489466, 40.784404], [-73.7523035, 40.7868063], [-73.7527878, 40.7875178], [-73.7527983, 40.7893744], [-73.7535721, 40.7909151], [-73.7530658, 40.7917827], [-73.7540049, 40.7960714], [-73.7538025, 40.7975512], [-73.7534637, 40.7980145], [-73.7512306, 40.7976389], [-73.7512164, 40.7979305], [-73.7516814, 40.7977635], [-73.7517651, 40.7988872], [-73.7531506, 40.7997922], [-73.7535397, 40.8008235], [-73.7551199, 40.8019889], [-73.7560167, 40.8023876], [-73.7578571, 40.8023453], [-73.7584195, 40.8026386], [-73.7605108, 40.8056047], [-73.7624279, 40.8062927], [-73.7634486, 40.807119], [-73.7636511, 40.807866], [-73.7632033, 40.8093357], [-73.7640684, 40.810863], [-73.7640788, 40.8117873], [-73.7645524, 40.8118613], [-73.764308, 40.8130577], [-73.7648843, 40.8132388], [-73.7644754, 40.8142066], [-73.7636511, 40.8145595], [-73.7617333, 40.816785], [-73.7583973, 40.8169434], [-73.7564489, 40.8179135], [-73.7541372, 40.8199956], [-73.7529464, 40.8219563], [-73.7523791, 40.8243238], [-73.753531, 40.8256149], [-73.7534338, 40.8277179], [-73.7539989, 40.8282338], [-73.7542817, 40.8280008], [-73.7565015, 40.8300951], [-73.7568889, 40.8332676], [-73.7566017, 40.8341599], [-73.7542491, 40.8353897], [-73.7537969, 40.8364068], [-73.7536136, 40.8381312], [-73.7528926, 40.8382561], [-73.7521837, 40.8378862], [-73.7500145, 40.8358012], [-73.7500511, 40.8349366], [-73.7495989, 40.8341738], [-73.7465253, 40.8329208], [-73.7435372, 40.8328977], [-73.7424984, 40.8325602], [-73.7414412, 40.8311038], [-73.7402008, 40.8302669], [-73.7398524, 40.8285377], [-73.7392108, 40.8281493], [-73.7361861, 40.8275112], [-73.7322875, 40.8276175], [-73.7297975, 40.8236377], [-73.7285345, 40.8234746], [-73.7261705, 40.823913], [-73.7215511, 40.821967], [-73.719999, 40.8204641], [-73.718013, 40.8181519], [-73.717518, 40.8160986], [-73.716577, 40.8155298], [-73.7178282, 40.8151009], [-73.7180512, 40.8144268], [-73.7172813, 40.8138626], [-73.7170135, 40.8118729], [-73.7158999, 40.8099595], [-73.7150624, 40.8092411], [-73.7149742, 40.8086457], [-73.7152292, 40.8080166], [-73.7155746, 40.8079226], [-73.7154477, 40.806689], [-73.7166743, 40.8061921], [-73.7166915, 40.8057366], [-73.7130046, 40.7997257], [-73.7124044, 40.7976431], [-73.7107239, 40.7969005], [-73.7103068, 40.7946017], [-73.7094561, 40.7933555], [-73.7091106, 40.7942119], [-73.7095183, 40.7952718], [-73.7092393, 40.7962465], [-73.7106881, 40.7981582], [-73.7105106, 40.7991694], [-73.7093418, 40.7993397], [-73.7091657, 40.7999141], [-73.7094646, 40.8002628], [-73.7105031, 40.8000997], [-73.7110089, 40.8004038], [-73.7113556, 40.8034531], [-73.7109841, 40.8048456], [-73.7111303, 40.8062928], [-73.7100896, 40.808124], [-73.7103444, 40.8089787], [-73.7093868, 40.8099999], [-73.7093707, 40.8111916], [-73.7086626, 40.8127628], [-73.7068815, 40.8142856], [-73.7070497, 40.8149933], [-73.7065587, 40.8156723], [-73.7047926, 40.8164494], [-73.7041255, 40.8172473], [-73.7052838, 40.8194148], [-73.7055593, 40.8217329], [-73.7052234, 40.824078], [-73.7055915, 40.8248587], [-73.7040157, 40.8287184], [-73.7043349, 40.829788], [-73.7031534, 40.829787], [-73.7029307, 40.8300706], [-73.7025767, 40.83189], [-73.7032157, 40.8319088], [-73.7031044, 40.8323456], [-73.7020731, 40.8321229], [-73.7017358, 40.833302], [-73.6993711, 40.8337092], [-73.7007042, 40.8354655], [-73.7015859, 40.8354401], [-73.7030006, 40.8372252], [-73.703678, 40.8370812], [-73.7044818, 40.8390918], [-73.7056893, 40.8391227], [-73.706031, 40.8395507], [-73.7058543, 40.8399636], [-73.7064897, 40.8396826], [-73.7056543, 40.8384979], [-73.7056271, 40.8369699], [-73.7044098, 40.8371071], [-73.7041192, 40.836536], [-73.7059074, 40.8357701], [-73.7058056, 40.8353159], [-73.7062605, 40.8351726], [-73.7064001, 40.8354929], [-73.7073344, 40.8351874], [-73.7083504, 40.8342113], [-73.7083152, 40.8336429], [-73.7066391, 40.8338118], [-73.7061333, 40.8341665], [-73.7071348, 40.8332907], [-73.7086681, 40.8328332], [-73.7113821, 40.8351659], [-73.7113036, 40.8358147], [-73.7128655, 40.8393449], [-73.7110855, 40.8396867], [-73.7084288, 40.8410315], [-73.7093892, 40.8413417], [-73.7104203, 40.8406647], [-73.7128055, 40.8401263], [-73.714118, 40.8384901], [-73.7158571, 40.8382569], [-73.7157312, 40.8377785], [-73.716053, 40.8376543], [-73.7165863, 40.8381575], [-73.717207, 40.8374433], [-73.7179282, 40.8372581], [-73.7182819, 40.8375171], [-73.7196203, 40.8375215], [-73.720374, 40.8374768], [-73.7204508, 40.8370759], [-73.7221157, 40.8371468], [-73.7221151, 40.8374959], [-73.7229087, 40.8376818], [-73.7237898, 40.8388527], [-73.7246016, 40.8387544], [-73.7254502, 40.839292], [-73.7264993, 40.8391627], [-73.7281415, 40.838092], [-73.7282258, 40.8371643], [-73.72766, 40.8352052], [-73.7268733, 40.8342854], [-73.7271221, 40.833189], [-73.7279979, 40.83352], [-73.7288905, 40.8347614], [-73.7298462, 40.8371631], [-73.7295052, 40.8417507], [-73.730663, 40.8430472], [-73.7320077, 40.8434466], [-73.7336757, 40.8446206], [-73.7340015, 40.8452657], [-73.736735, 40.8473427], [-73.7380201, 40.8487692], [-73.7375232, 40.8497725], [-73.7360622, 40.8497762], [-73.734161, 40.8502645], [-73.7319029, 40.851799], [-73.7318931, 40.8523283], [-73.7291509, 40.8536076], [-73.7276659, 40.8554999], [-73.7272508, 40.8571651], [-73.7282584, 40.8602734], [-73.7295302, 40.861427], [-73.729268, 40.8637135], [-73.7305214, 40.8653742], [-73.7303881, 40.8659897], [-73.7297314, 40.8666643], [-73.7244851, 40.8655485], [-73.7208582, 40.8654703], [-73.7199132, 40.8658076], [-73.7196772, 40.8669887], [-73.7184166, 40.8681055], [-73.717728, 40.8683304], [-73.7171006, 40.8693832], [-73.715381, 40.8695479], [-73.7145205, 40.8701903], [-73.7131446, 40.8690802], [-73.713391, 40.869464], [-73.7131919, 40.8698063], [-73.7117745, 40.8697359], [-73.7033488, 40.8657844], [-73.6906566, 40.8621738], [-73.6826712, 40.8594533], [-73.6803112, 40.8592388], [-73.677511, 40.8582488], [-73.6756388, 40.8571655], [-73.675376, 40.8565853], [-73.6757246, 40.8551734], [-73.6755154, 40.8545891], [-73.6731229, 40.8510508], [-73.6728279, 40.8501176], [-73.6697433, 40.8470823], [-73.6679329, 40.8431212], [-73.6660688, 40.8425774], [-73.66616, 40.8415324], [-73.6649323, 40.8397406], [-73.6635119, 40.8390739], [-73.663515, 40.8383827], [-73.663113, 40.8377541], [-73.6622493, 40.8378677], [-73.6616135, 40.8372857], [-73.6629118, 40.8366461], [-73.6626114, 40.8363072], [-73.6614447, 40.8366217], [-73.661324, 40.8363559], [-73.662185, 40.8361367], [-73.6617613, 40.8351193], [-73.6599641, 40.8350084], [-73.6597415, 40.8342697], [-73.655458, 40.8298151], [-73.6530252, 40.8290621], [-73.6510375, 40.8290536], [-73.6509128, 40.8285566], [-73.6498522, 40.8278018], [-73.6499675, 40.8275623], [-73.6509063, 40.8277693], [-73.6519435, 40.8274012], [-73.6549013, 40.8271487], [-73.6555679, 40.8260929], [-73.6569424, 40.8262015], [-73.6572685, 40.8256687], [-73.6570056, 40.8251937], [-73.6557021, 40.8250679], [-73.6548023, 40.8245832], [-73.6551495, 40.824045], [-73.6542912, 40.8225552], [-73.6548706, 40.8218326], [-73.6540659, 40.8194577], [-73.6544951, 40.8180531], [-73.6529608, 40.8171965], [-73.6530681, 40.8168067], [-73.6538513, 40.8163561], [-73.653277, 40.8159103], [-73.6535961, 40.8155583], [-73.652846, 40.8151344], [-73.6537568, 40.8148764], [-73.6539897, 40.8122089], [-73.6534514, 40.8120215], [-73.6535025, 40.8111435], [-73.6520435, 40.8097544], [-73.6519009, 40.8080065], [-73.653367, 40.8067737], [-73.6529969, 40.8065443], [-73.6533918, 40.8054008], [-73.6527471, 40.8047085], [-73.6528065, 40.8042614], [-73.6516264, 40.8040567], [-73.6498901, 40.8009219], [-73.6494384, 40.8006861], [-73.6508377, 40.8040269], [-73.6503376, 40.8056925], [-73.6494638, 40.8055491], [-73.649236, 40.8060972], [-73.6486681, 40.8060444], [-73.6469234, 40.8098489], [-73.6474327, 40.8108046], [-73.6474564, 40.8117064], [-73.6469886, 40.8136911], [-73.647436, 40.8139548], [-73.6471225, 40.8139475], [-73.646408, 40.8172075], [-73.647162, 40.819665], [-73.647209, 40.8208501], [-73.644543, 40.821907], [-73.6447186, 40.8225606], [-73.6439051, 40.8226978], [-73.6445434, 40.8231719], [-73.6443809, 40.8234501], [-73.6457477, 40.8229421], [-73.64638, 40.822296], [-73.6473818, 40.8224095], [-73.647642, 40.8227221], [-73.6468836, 40.8234383], [-73.6476796, 40.8233404], [-73.6482616, 40.8273142], [-73.6481349, 40.8284832], [-73.6483092, 40.8290946], [-73.6489643, 40.8295645], [-73.6488634, 40.8305308], [-73.6497194, 40.8305995], [-73.6510147, 40.8324831], [-73.6511099, 40.8326626], [-73.6500166, 40.8330228], [-73.6514221, 40.8351332], [-73.6529009, 40.8349806], [-73.65338, 40.8378988], [-73.6529947, 40.8387551], [-73.6530782, 40.8418144], [-73.6537775, 40.844631], [-73.6532326, 40.8454949], [-73.6530843, 40.8483563], [-73.6527092, 40.8496855], [-73.6488401, 40.8535564], [-73.6477323, 40.855745], [-73.6472744, 40.8557131], [-73.6468907, 40.854531], [-73.6471939, 40.8539592], [-73.6464928, 40.8535956], [-73.6452091, 40.8542452], [-73.6459709, 40.8551071], [-73.6464508, 40.8551722], [-73.6454329, 40.8557947], [-73.6455644, 40.8562104], [-73.6434004, 40.8573344], [-73.6426789, 40.8565522], [-73.6430419, 40.856207], [-73.6407185, 40.8566601], [-73.6423248, 40.8581729], [-73.6419885, 40.8585349], [-73.636905, 40.860808], [-73.6356175, 40.8617249], [-73.644136, 40.857943], [-73.6456669, 40.857569], [-73.649116, 40.8554163], [-73.6515188, 40.8566943], [-73.6524147, 40.8575839], [-73.6531724, 40.8592287], [-73.6529505, 40.8607283], [-73.6532902, 40.8623746], [-73.6562956, 40.8637384], [-73.6556221, 40.8648255], [-73.6558903, 40.8651552], [-73.6547124, 40.8685959], [-73.6547417, 40.8688952], [-73.6551503, 40.8689245], [-73.6547533, 40.8689458], [-73.6547148, 40.8698304], [-73.6550855, 40.8707781], [-73.6557715, 40.8707787], [-73.6568293, 40.8710174], [-73.6551046, 40.8708518], [-73.6550366, 40.8721601], [-73.6555856, 40.8728057], [-73.6557147, 40.8740297], [-73.6568967, 40.8740415], [-73.655944, 40.8741089], [-73.6555534, 40.874701], [-73.6543501, 40.8782107], [-73.6547505, 40.8787096], [-73.6561714, 40.8783437], [-73.654759, 40.878741], [-73.6540883, 40.8785712], [-73.6503375, 40.8805145], [-73.6490071, 40.8817718], [-73.6475336, 40.8841947], [-73.6470797, 40.8843362], [-73.6449287, 40.8867994], [-73.6451192, 40.886931], [-73.6445948, 40.887078], [-73.644686, 40.8873446], [-73.6441804, 40.887736], [-73.6443628, 40.88788], [-73.6438251, 40.8878472], [-73.6436132, 40.8881821], [-73.6438425, 40.8883098], [-73.6434495, 40.8882561], [-73.642669, 40.889931], [-73.6436574, 40.8906741], [-73.6422654, 40.8900607], [-73.6411858, 40.8914564], [-73.6413145, 40.8918491], [-73.6418451, 40.8920467], [-73.6411781, 40.8921334], [-73.641175, 40.8931326], [-73.6384478, 40.8955105], [-73.6379186, 40.8951971], [-73.6365885, 40.8954384], [-73.636245, 40.8963301], [-73.6341276, 40.8979566], [-73.6331053, 40.9010338], [-73.6331768, 40.9028134], [-73.6287755, 40.900366], [-73.624895, 40.89894], [-73.6220907, 40.8986456], [-73.621403, 40.8989686], [-73.6215881, 40.8981641], [-73.6212817, 40.8981161], [-73.62083, 40.8988749], [-73.6208083, 40.8985992], [-73.619295, 40.898162], [-73.617892, 40.8981458], [-73.615115, 40.8992741], [-73.6136694, 40.9003036], [-73.6131724, 40.9009503], [-73.6130836, 40.9019759], [-73.6136271, 40.9022424], [-73.6145466, 40.9019681], [-73.6140026, 40.9022941], [-73.6106157, 40.9025997], [-73.6096678, 40.9028327], [-73.6087185, 40.903573], [-73.6077066, 40.9023002], [-73.605786, 40.90207], [-73.603676, 40.902321], [-73.600931, 40.90335], [-73.5968011, 40.9059352], [-73.5957982, 40.9069371], [-73.595501, 40.908313], [-73.5939575, 40.9089248], [-73.590862, 40.909295], [-73.5828523, 40.9093238], [-73.580181, 40.91], [-73.577436, 40.911417], [-73.575053, 40.912171], [-73.5741938, 40.9130589], [-73.5741537, 40.9138936], [-73.570406, 40.915509], [-73.566033, 40.915781], [-73.555694, 40.910834], [-73.55069, 40.909137], [-73.547554, 40.908952], [-73.540042, 40.911326], [-73.531988, 40.913035], [-73.528155, 40.915045], [-73.52752, 40.916623], [-73.525016, 40.917101], [-73.523144, 40.918289], [-73.5225838, 40.9183507], [-73.521755, 40.9178237], [-73.522085, 40.9163279], [-73.5218409, 40.9154503], [-73.520556, 40.914603], [-73.5127429, 40.9118603], [-73.5117973, 40.9111089], [-73.5114042, 40.9090962], [-73.5082923, 40.9081683], [-73.5080086, 40.9076944], [-73.5086658, 40.9063744], [-73.508077, 40.9053769], [-73.5077255, 40.901226], [-73.5082475, 40.9010497], [-73.5106718, 40.9022351], [-73.5125198, 40.9024693], [-73.5163936, 40.9012817], [-73.5172087, 40.9005956], [-73.5185947, 40.8973514], [-73.5200894, 40.8952676], [-73.5201467, 40.8934577], [-73.5208565, 40.8921087], [-73.5206634, 40.890963], [-73.5209846, 40.8891619], [-73.5198453, 40.8865001], [-73.5220259, 40.8865204], [-73.5257435, 40.8857032], [-73.5286161, 40.8859992], [-73.5329702, 40.8851249], [-73.5333687, 40.8854661], [-73.5335024, 40.8865356], [-73.5331927, 40.8871206], [-73.5322747, 40.8872863], [-73.5325409, 40.8878485], [-73.5334448, 40.8880386], [-73.5333408, 40.8870663], [-73.53365, 40.8866765], [-73.533951, 40.8888664], [-73.5337526, 40.8900101], [-73.532854, 40.890592], [-73.5292599, 40.8915673], [-73.5280701, 40.8923867], [-73.5254037, 40.8949055], [-73.523811, 40.8976987], [-73.522445, 40.903669], [-73.5221934, 40.9072133], [-73.5230627, 40.9089292], [-73.5264132, 40.9108607], [-73.527058, 40.9115558], [-73.5265964, 40.9119883], [-73.5247913, 40.911662], [-73.5245528, 40.9111758], [-73.5241467, 40.9112333], [-73.5244031, 40.9117533], [-73.5262182, 40.9124038], [-73.5266985, 40.9135149], [-73.5274141, 40.9140014], [-73.5288818, 40.9136071], [-73.5307626, 40.9122172], [-73.5308246, 40.9118766], [-73.5302195, 40.9119963], [-73.5308345, 40.9114028], [-73.5302235, 40.9117034], [-73.5303179, 40.9111974], [-73.5320444, 40.9100165], [-73.5323658, 40.909423], [-73.5340687, 40.9085128], [-73.5345785, 40.9076944], [-73.5353886, 40.9077516], [-73.5354984, 40.9080858], [-73.5356571, 40.9080865], [-73.5355172, 40.907867], [-73.5359144, 40.907374], [-73.5352137, 40.9075753], [-73.5354432, 40.9071925], [-73.5351356, 40.9071386], [-73.5350954, 40.9065704], [-73.5340526, 40.9071386], [-73.5341908, 40.9075226], [-73.5336604, 40.9070982], [-73.5343423, 40.9068725], [-73.5362182, 40.9048657], [-73.5381872, 40.9043846], [-73.5439957, 40.9037666], [-73.5449551, 40.9041724], [-73.5463743, 40.9035908], [-73.5485571, 40.903442], [-73.5485676, 40.9019712], [-73.5476623, 40.9009268], [-73.5490595, 40.895375], [-73.5468077, 40.8895202], [-73.5482146, 40.8861689], [-73.5472445, 40.884469], [-73.5443148, 40.8824399], [-73.5441592, 40.8808735], [-73.5434207, 40.8791137], [-73.5420101, 40.8769642], [-73.5411267, 40.8766896], [-73.539943, 40.8771831], [-73.5378763, 40.8768456], [-73.5360711, 40.8778636], [-73.5350966, 40.877583], [-73.5304872, 40.877959], [-73.5308735, 40.8777165], [-73.5308895, 40.8766346], [-73.5306805, 40.8761785], [-73.5299927, 40.8761669], [-73.5299601, 40.8774087], [-73.5301962, 40.8774127], [-73.5301574, 40.8779493], [-73.5279283, 40.8775539], [-73.5260263, 40.8765374], [-73.5250656, 40.8770111], [-73.5248799, 40.8767819], [-73.525899, 40.8762805], [-73.5257845, 40.8756839], [-73.5253615, 40.8757512], [-73.525744, 40.8755916], [-73.5256014, 40.8750659], [-73.5236985, 40.8750588], [-73.5192234, 40.873556], [-73.5149461, 40.8738271], [-73.5116532, 40.8753272], [-73.510862, 40.8754162], [-73.5089283, 40.8745474], [-73.506573, 40.8724403], [-73.5059427, 40.8725397], [-73.5048832, 40.8733246], [-73.5049503, 40.8751142], [-73.5054105, 40.8754713], [-73.5047052, 40.8775605], [-73.5048213, 40.8785842], [-73.5060744, 40.8798471], [-73.5068608, 40.879948], [-73.5073298, 40.8793588], [-73.5072216, 40.8806871], [-73.5084358, 40.8825171], [-73.5106972, 40.8873365], [-73.5103876, 40.8883678], [-73.5082286, 40.8907575], [-73.5092264, 40.8923634], [-73.5091966, 40.8930956], [-73.5071932, 40.894027], [-73.5012216, 40.8943965], [-73.4967625, 40.8953731], [-73.4949104, 40.8951391], [-73.4942493, 40.8948099], [-73.4930164, 40.8933742], [-73.4927121, 40.8928348], [-73.4927435, 40.8913356], [-73.4910856, 40.8898205], [-73.4910893, 40.8888966], [-73.4905421, 40.8879314], [-73.4903611, 40.8867056], [-73.4895899, 40.8856806], [-73.4896073, 40.8847742], [-73.4903289, 40.8843169], [-73.4914862, 40.8842905], [-73.4914596, 40.8839937], [-73.4908572, 40.8841227], [-73.4903653, 40.8837679], [-73.4901585, 40.8832888], [-73.4908345, 40.8825942], [-73.4907288, 40.8818952], [-73.4898578, 40.88084], [-73.488882, 40.8778648], [-73.4879533, 40.8767264], [-73.4851653, 40.8747281], [-73.4826695, 40.8744244], [-73.4821886, 40.8733227], [-73.4788456, 40.8727822], [-73.4782911, 40.8723396], [-73.476751, 40.8720912], [-73.4732524, 40.8683882], [-73.4723673, 40.8678933], [-73.4688536, 40.8667817], [-73.4658621, 40.8677795], [-73.4644601, 40.8680677], [-73.4635383, 40.8678977], [-73.4644737, 40.8654393], [-73.464856, 40.8666837], [-73.4658824, 40.8668682], [-73.4699735, 40.8659072], [-73.4697501, 40.8645672], [-73.4667452, 40.8595186], [-73.4647062, 40.8592238], [-73.4643299, 40.8587131], [-73.4639729, 40.8589949], [-73.4642278, 40.8595752], [-73.463484, 40.8596317], [-73.4633199, 40.8593137], [-73.4630999, 40.8596669], [-73.4626081, 40.8593257], [-73.4632144, 40.8609988], [-73.4626712, 40.8626538], [-73.4629268, 40.8647791], [-73.4623076, 40.8656009], [-73.4625656, 40.8656337], [-73.4621853, 40.8674303], [-73.4625057, 40.868326], [-73.4618525, 40.8690783], [-73.462256, 40.8695713], [-73.461208, 40.8705776], [-73.4632327, 40.870506], [-73.464022, 40.870884], [-73.4663294, 40.8739026], [-73.4676645, 40.8748502], [-73.4686531, 40.8740117], [-73.466567, 40.8722392], [-73.4652704, 40.8718304], [-73.4656185, 40.8714244], [-73.4666042, 40.8715393], [-73.4676272, 40.8727202], [-73.4697993, 40.8739727], [-73.4698598, 40.8755055], [-73.4706839, 40.8752974], [-73.4701248, 40.874788], [-73.4703728, 40.8745974], [-73.4708324, 40.8747289], [-73.4712195, 40.8754843], [-73.470654, 40.8772848], [-73.4717356, 40.8800194], [-73.471762, 40.8808299], [-73.4724741, 40.8816946], [-73.4719449, 40.8829159], [-73.4721189, 40.8848316], [-73.4724668, 40.8853959], [-73.4721677, 40.8855521], [-73.4720805, 40.8863115], [-73.4726411, 40.8880574], [-73.4722012, 40.8888624], [-73.4722093, 40.890446], [-73.472393, 40.8908931], [-73.47268, 40.8908637], [-73.472448, 40.8912074], [-73.4728517, 40.8912185], [-73.4723488, 40.8918299], [-73.4727699, 40.8920559], [-73.4730609, 40.8928406], [-73.4738186, 40.8931924], [-73.4732097, 40.8943572], [-73.4733395, 40.8949327], [-73.4744717, 40.8954805], [-73.4742304, 40.8956399], [-73.4748942, 40.89729], [-73.4767717, 40.8990812], [-73.4782781, 40.899041], [-73.4797014, 40.9000865], [-73.481131, 40.9023493], [-73.4813044, 40.9031757], [-73.4840304, 40.9068152], [-73.4852911, 40.909341], [-73.4869782, 40.9146213], [-73.4883515, 40.9153875], [-73.4890059, 40.9168286], [-73.4898991, 40.9178704], [-73.4901298, 40.919279], [-73.4971139, 40.9228381], [-73.497374, 40.923217], [-73.497405, 40.923766], [-73.4969238, 40.9242342], [-73.4967092, 40.9252212], [-73.497015, 40.925813], [-73.496599, 40.927802], [-73.4956306, 40.9296084], [-73.4958607, 40.9299075], [-73.4937594, 40.9332665], [-73.4927557, 40.9377828], [-73.4925823, 40.9373432], [-73.4932926, 40.9340848], [-73.4932289, 40.9331383], [-73.4913996, 40.9340454], [-73.4905559, 40.9348749], [-73.4896498, 40.9359508], [-73.4889717, 40.9377992], [-73.4878707, 40.9385327], [-73.4868488, 40.9385691], [-73.4878559, 40.9393176], [-73.487768, 40.9398845], [-73.4872646, 40.9396268], [-73.4854085, 40.9397747], [-73.4833861, 40.9392094], [-73.4827504, 40.9393249], [-73.4826082, 40.9404048], [-73.4822917, 40.9406419], [-73.4827638, 40.9404352], [-73.4826968, 40.9398375], [-73.483496, 40.9394404], [-73.484644, 40.9400867], [-73.486586, 40.9399348], [-73.4871251, 40.9401637], [-73.4873683, 40.940639], [-73.4869579, 40.9411824], [-73.4873531, 40.9432221], [-73.4880418, 40.9434668], [-73.4902499, 40.9415253], [-73.4923286, 40.9409559], [-73.4921518, 40.9402992], [-73.4911403, 40.9397626], [-73.4907487, 40.9383706], [-73.4899602, 40.9371772], [-73.4906363, 40.937075], [-73.4908123, 40.9366495], [-73.4916797, 40.9367005], [-73.4921194, 40.937163], [-73.4917285, 40.9381031], [-73.4920442, 40.9394526], [-73.4928516, 40.9398193], [-73.4936589, 40.9395903], [-73.4924654, 40.9417907], [-73.4911859, 40.9420277], [-73.4895602, 40.943153], [-73.4853011, 40.9477775], [-73.481026, 40.9441992], [-73.47834, 40.942519], [-73.4644451, 40.9373254], [-73.4608423, 40.9368602], [-73.4587475, 40.9378899], [-73.455676, 40.936749], [-73.4479018, 40.9348121], [-73.445749, 40.9352408], [-73.4453962, 40.9357281], [-73.4422992, 40.9360019], [-73.4397237, 40.9350216], [-73.4373816, 40.9345588], [-73.4355582, 40.9336948], [-73.4331357, 40.9313458], [-73.4307219, 40.9297632], [-73.4293778, 40.9277106], [-73.4299035, 40.9236859], [-73.4289808, 40.9223077], [-73.4287609, 40.9196852], [-73.4297538, 40.9184776], [-73.4303461, 40.918311], [-73.4308698, 40.9182634], [-73.4321861, 40.9191785], [-73.4330068, 40.918842], [-73.4342269, 40.9169775], [-73.43418, 40.9149229], [-73.4352549, 40.9145698], [-73.4355771, 40.9135986], [-73.4357749, 40.9140485], [-73.4351163, 40.9154679], [-73.4349782, 40.918232], [-73.4341038, 40.9193751], [-73.4335969, 40.9207654], [-73.4337578, 40.9201473], [-73.4328593, 40.9199913], [-73.4315785, 40.9211741], [-73.4311413, 40.9225973], [-73.4314599, 40.9233212], [-73.4309871, 40.9239068], [-73.4314827, 40.9247785], [-73.4324143, 40.9246821], [-73.4316691, 40.9240054], [-73.4324137, 40.9231927], [-73.4323118, 40.9228705], [-73.4334324, 40.9221551], [-73.433267, 40.9217078], [-73.4353169, 40.9211268], [-73.4389304, 40.9212475], [-73.4406658, 40.9204624], [-73.4410649, 40.9209196], [-73.4424001, 40.9209788], [-73.4427622, 40.9202642], [-73.4438778, 40.92005], [-73.447484, 40.9179987], [-73.4475793, 40.9173321], [-73.4485395, 40.9159031], [-73.4519244, 40.9144701], [-73.4556366, 40.9135702], [-73.4577435, 40.9146465], [-73.4605673, 40.9144513], [-73.4615876, 40.9149707], [-73.4636096, 40.9142602], [-73.4666489, 40.9142041], [-73.4687711, 40.913483], [-73.4694812, 40.9140002], [-73.4737357, 40.9136423], [-73.4750736, 40.9139105], [-73.4753616, 40.9138339], [-73.4754631, 40.9118871], [-73.4686017, 40.9121829], [-73.4659678, 40.9127707], [-73.4632319, 40.9125032], [-73.4621269, 40.9119599], [-73.4623911, 40.9115012], [-73.4613383, 40.9118991], [-73.4587203, 40.9111731], [-73.4561241, 40.9110721], [-73.4521651, 40.9116072], [-73.4501374, 40.9126694], [-73.4484425, 40.912891], [-73.4470984, 40.9124883], [-73.4429458, 40.9084055], [-73.440627, 40.9073626], [-73.4383547, 40.9077988], [-73.4353152, 40.907331], [-73.4344337, 40.9075945], [-73.4337223, 40.9088903], [-73.4333812, 40.9085773], [-73.4337352, 40.9076602], [-73.4346724, 40.9067602], [-73.4358767, 40.9033795], [-73.4361696, 40.9031063], [-73.4378229, 40.9034161], [-73.4370805, 40.902267], [-73.4370643, 40.9016113], [-73.4387648, 40.9009423], [-73.4400362, 40.9008815], [-73.440409, 40.900403], [-73.4414175, 40.9005977], [-73.4418355, 40.9001319], [-73.4440989, 40.9005718], [-73.4447633, 40.8996644], [-73.4418386, 40.8989068], [-73.4402534, 40.8989555], [-73.4385889, 40.8980088], [-73.4372333, 40.8981831], [-73.4352887, 40.8973802], [-73.4348863, 40.8976113], [-73.4293579, 40.896871], [-73.4287108, 40.8960959], [-73.4266284, 40.8961095], [-73.4256155, 40.8956753], [-73.4247687, 40.8950306], [-73.4240632, 40.8928225], [-73.4227071, 40.8901728], [-73.4237499, 40.8876252], [-73.4211905, 40.8860103], [-73.419225, 40.8855937], [-73.4197808, 40.8845462], [-73.4191681, 40.8848439], [-73.418666, 40.8856414], [-73.4187427, 40.8861216], [-73.417473, 40.8875664], [-73.4170151, 40.887437], [-73.4164457, 40.8880064], [-73.4164921, 40.8883967], [-73.4169427, 40.8885074], [-73.4170049, 40.8890535], [-73.4163526, 40.8889947], [-73.4171991, 40.8900963], [-73.4168545, 40.8902368], [-73.4167681, 40.8913109], [-73.4187384, 40.8930249], [-73.4191947, 40.8940003], [-73.4190236, 40.8952334], [-73.4196139, 40.8958747], [-73.4214378, 40.8961969], [-73.4209811, 40.896459], [-73.4213724, 40.8970326], [-73.4211852, 40.8974279], [-73.4224885, 40.8985653], [-73.422655, 40.8995849], [-73.4230954, 40.899726], [-73.4243346, 40.8992508], [-73.4243527, 40.8988914], [-73.4254421, 40.8982924], [-73.425047, 40.8984076], [-73.4250936, 40.8981257], [-73.4256811, 40.8981805], [-73.4260605, 40.8987628], [-73.4260131, 40.9002004], [-73.4264557, 40.9008956], [-73.4274261, 40.9013963], [-73.429525, 40.9015603], [-73.4305233, 40.8997633], [-73.429699, 40.8997472], [-73.4298824, 40.8996216], [-73.4321924, 40.9000262], [-73.4332849, 40.9021553], [-73.4321822, 40.9029326], [-73.4309381, 40.9044149], [-73.4309108, 40.9050616], [-73.4317415, 40.9055424], [-73.432889, 40.9048854], [-73.4320854, 40.9047326], [-73.4328742, 40.904775], [-73.4328748, 40.904543], [-73.4338943, 40.905436], [-73.4332463, 40.9061609], [-73.4324219, 40.9064632], [-73.4306034, 40.9060221], [-73.4260689, 40.9063874], [-73.4203912, 40.9049075], [-73.4154382, 40.9042564], [-73.4089162, 40.9045688], [-73.4046885, 40.905333], [-73.4008337, 40.9068992], [-73.3975415, 40.9089511], [-73.3964, 40.9092531], [-73.3952219, 40.9088988], [-73.3935149, 40.9077776], [-73.3884688, 40.9061504], [-73.3848062, 40.9039121], [-73.3842128, 40.9031522], [-73.3840699, 40.9007292], [-73.3830565, 40.9001489], [-73.3799135, 40.899516], [-73.3793471, 40.8984966], [-73.3765297, 40.8964266], [-73.3763559, 40.8953585], [-73.3753044, 40.8947466], [-73.3753483, 40.893905], [-73.3748406, 40.8934143], [-73.3743771, 40.8934816], [-73.3744308, 40.8928147], [-73.3739804, 40.8926132], [-73.3719414, 40.8936231], [-73.3720487, 40.8955361], [-73.3730777, 40.8963937], [-73.3735817, 40.8964472], [-73.3745325, 40.8975572], [-73.3748796, 40.896996], [-73.3745835, 40.8964891], [-73.3748965, 40.8965743], [-73.3754086, 40.8983442], [-73.3748482, 40.8988361], [-73.3745934, 40.8999672], [-73.3753391, 40.9011422], [-73.375912, 40.9015643], [-73.3766443, 40.901554], [-73.378103, 40.9034938], [-73.3793381, 40.9031448], [-73.3790244, 40.9030025], [-73.3791556, 40.9026059], [-73.380452, 40.9009927], [-73.3810885, 40.9016012], [-73.3813256, 40.9025456], [-73.3784688, 40.9052576], [-73.3777622, 40.9065194], [-73.3773762, 40.9095997], [-73.376216, 40.912782], [-73.374837, 40.9138568], [-73.3743004, 40.9138037], [-73.3726153, 40.9119577], [-73.3713895, 40.911649], [-73.3714526, 40.9108519], [-73.3707451, 40.9102357], [-73.3702743, 40.9089234], [-73.3668181, 40.9072064], [-73.3648894, 40.9055025], [-73.3621431, 40.9041728], [-73.3593728, 40.9013825], [-73.3584912, 40.8988925], [-73.3589398, 40.8987416], [-73.3594532, 40.8995201], [-73.3598898, 40.8996535], [-73.3610848, 40.899127], [-73.3612618, 40.8987179], [-73.3609502, 40.8979004], [-73.3638246, 40.8954158], [-73.3637367, 40.8941944], [-73.3640207, 40.8935565], [-73.3636511, 40.8922561], [-73.3639746, 40.8907818], [-73.3637446, 40.8904495], [-73.3641905, 40.8897953], [-73.3632166, 40.8884925], [-73.3625393, 40.8883494], [-73.3616834, 40.8897355], [-73.3599813, 40.8910008], [-73.3583529, 40.8910768], [-73.3578701, 40.891458], [-73.3579667, 40.8919365], [-73.3570894, 40.8908421], [-73.3542475, 40.8907722], [-73.3542963, 40.8920854], [-73.3549278, 40.892104], [-73.3552841, 40.8925739], [-73.3561902, 40.8919146], [-73.357125, 40.8919448], [-73.3576418, 40.8927526], [-73.3568321, 40.8936069], [-73.3544361, 40.8945558], [-73.3533706, 40.8954163], [-73.3533139, 40.8963846], [-73.3528184, 40.897184], [-73.3533924, 40.897793], [-73.352806, 40.898191], [-73.3531697, 40.8982409], [-73.3531925, 40.8987921], [-73.3526837, 40.8995722], [-73.3530028, 40.8998248], [-73.3525964, 40.8998881], [-73.3529987, 40.8999685], [-73.3530588, 40.9006827], [-73.3537729, 40.9018639], [-73.3535308, 40.9023842], [-73.3545171, 40.9041265], [-73.3550124, 40.9044701], [-73.3557334, 40.9043917], [-73.3565196, 40.9049463], [-73.3568654, 40.9055336], [-73.3568725, 40.9067558], [-73.3586668, 40.9099797], [-73.3586026, 40.911046], [-73.3581143, 40.9117689], [-73.3557471, 40.9128746], [-73.3549905, 40.9127771], [-73.3543869, 40.9119725], [-73.3500076, 40.9097255], [-73.3495264, 40.9099469], [-73.3498332, 40.9103422], [-73.3507119, 40.9104845], [-73.3529296, 40.9116439], [-73.3527204, 40.9119971], [-73.353648, 40.912424], [-73.3543244, 40.9135755], [-73.3525681, 40.9194883], [-73.3522498, 40.9203385], [-73.3518047, 40.9205649], [-73.3520407, 40.9224858], [-73.3525552, 40.9235348], [-73.3537336, 40.9245338], [-73.3554863, 40.9247508], [-73.357175, 40.9253762], [-73.3585526, 40.9254208], [-73.3601142, 40.9261945], [-73.3603449, 40.9259189], [-73.3588616, 40.925144], [-73.3577833, 40.9250998], [-73.3590168, 40.9249283], [-73.3597077, 40.9252533], [-73.3599239, 40.9252063], [-73.3596809, 40.9246899], [-73.3600376, 40.9246989], [-73.3644281, 40.928617], [-73.3675681, 40.9298698], [-73.3700695, 40.930279], [-73.3727802, 40.9302112], [-73.3769886, 40.9287232], [-73.3773785, 40.9282664], [-73.3774285, 40.9273861], [-73.3774752, 40.9263221], [-73.3771356, 40.9255346], [-73.377761, 40.9250218], [-73.3786617, 40.9250847], [-73.380718, 40.9272803], [-73.380637, 40.9287479], [-73.3765906, 40.9295925], [-73.3756867, 40.9307545], [-73.3744244, 40.9337796], [-73.3735119, 40.9328789], [-73.3724627, 40.930781], [-73.3710913, 40.9311666], [-73.3697381, 40.9308716], [-73.3694715, 40.9311277], [-73.3699642, 40.9322182], [-73.3759477, 40.9370934], [-73.3761748, 40.9377813], [-73.3783504, 40.9401685], [-73.3816323, 40.9424586], [-73.3824086, 40.9423144], [-73.3817045, 40.9412525], [-73.380712, 40.9407771], [-73.3801541, 40.9395128], [-73.3814746, 40.9380648], [-73.3800737, 40.9370038], [-73.379175, 40.9370569], [-73.3785111, 40.9366768], [-73.3782165, 40.9339991], [-73.3773217, 40.9334503], [-73.3789525, 40.9334503], [-73.3817131, 40.9342224], [-73.38409, 40.9364764], [-73.3857594, 40.9370312], [-73.3859263, 40.9364298], [-73.3844838, 40.9337786], [-73.3849618, 40.9306856], [-73.3848824, 40.9292545], [-73.3843759, 40.9282892], [-73.3824521, 40.9285338], [-73.3821352, 40.9283583], [-73.3822838, 40.9279891], [-73.384427, 40.9264509], [-73.3883084, 40.9253727], [-73.3882496, 40.9235926], [-73.3880121, 40.9231195], [-73.3875614, 40.9230385], [-73.3876313, 40.9227165], [-73.3907168, 40.923432], [-73.3921663, 40.9240995], [-73.3936401, 40.9258792], [-73.3984092, 40.9282163], [-73.3982852, 40.9292361], [-73.3987669, 40.9298539], [-73.4001309, 40.9303524], [-73.4019989, 40.9300898], [-73.4025827, 40.9290809], [-73.4018466, 40.9276875], [-73.4013976, 40.9276433], [-73.401228, 40.9281441], [-73.4009953, 40.9277044], [-73.4024221, 40.9264218], [-73.4025962, 40.9243714], [-73.4030777, 40.9236899], [-73.4035323, 40.9237607], [-73.4053107, 40.920401], [-73.405621, 40.9190729], [-73.4053953, 40.9153563], [-73.4063897, 40.9157883], [-73.4066089, 40.9169803], [-73.4062266, 40.9193348], [-73.4036426, 40.9239551], [-73.4028789, 40.9272293], [-73.4029422, 40.9308403], [-73.4038969, 40.9339051], [-73.4028207, 40.9384078], [-73.4034529, 40.940746], [-73.4034936, 40.9425788], [-73.401967, 40.9462477], [-73.39986, 40.9475672], [-73.3987104, 40.9472232], [-73.3983699, 40.9480961], [-73.3973483, 40.9486401], [-73.3975575, 40.9491182], [-73.3982268, 40.9492502], [-73.398857, 40.9503782], [-73.3990233, 40.9517109], [-73.3984647, 40.9535128], [-73.3987323, 40.9538244], [-73.3982101, 40.9541944], [-73.3992587, 40.9544353], [-73.4005165, 40.9543448], [-73.401025, 40.9537933], [-73.4022476, 40.9506533], [-73.4023084, 40.9497158], [-73.4018956, 40.9491238], [-73.4018831, 40.9482557], [-73.402389, 40.9485229], [-73.4025151, 40.9511623], [-73.4021385, 40.9535917], [-73.4011966, 40.9547183], [-73.3997041, 40.9552092], [-73.3970869, 40.9547921], [-73.3935284, 40.9548659], [-73.3925037, 40.9544238], [-73.3911934, 40.9534893], [-73.3844613, 40.9459438], [-73.3807681, 40.942989], [-73.3795663, 40.9424448], [-73.3756744, 40.9382609], [-73.3708199, 40.9341308], [-73.3669924, 40.9319978], [-73.3588188, 40.928652], [-73.3500158, 40.9257025], [-73.3463251, 40.925152], [-73.3456054, 40.9239615], [-73.3463575, 40.9235624], [-73.3463377, 40.9226396], [-73.3455261, 40.9220857], [-73.3457046, 40.9211089], [-73.3449655, 40.9208465], [-73.3440298, 40.920939], [-73.343484, 40.9214358], [-73.3440885, 40.9229301], [-73.3438186, 40.9229922], [-73.3439313, 40.9234453], [-73.3442076, 40.9233873], [-73.3442948, 40.9237371], [-73.343991, 40.9238342], [-73.3447703, 40.925531], [-73.34451, 40.928214], [-73.3443044, 40.9275306], [-73.3412001, 40.9272664], [-73.3310308, 40.9297768], [-73.3305804, 40.9301142], [-73.3306399, 40.9308105], [-73.3292075, 40.9308645], [-73.3301027, 40.9303081], [-73.3295685, 40.9299675], [-73.3258594, 40.9294036], [-73.3241448, 40.9302775], [-73.3221079, 40.9305047], [-73.3221267, 40.9290749], [-73.3213677, 40.9287225], [-73.3181217, 40.927617], [-73.3133202, 40.926588], [-73.3113614, 40.9267995], [-73.3048611, 40.9256399], [-73.3014595, 40.9256461], [-73.2984699, 40.9245837], [-73.29725, 40.9244514], [-73.2945576, 40.924855], [-73.2939878, 40.9243169], [-73.2908966, 40.9231759], [-73.2882365, 40.9225686], [-73.2805207, 40.9199647], [-73.2673195, 40.9151555], [-73.2613234, 40.9141232], [-73.2591581, 40.9143869], [-73.2592435, 40.9137733], [-73.258688, 40.9135903], [-73.2497757, 40.9113415], [-73.2402403, 40.9095963], [-73.2355346, 40.9092913], [-73.2339523, 40.908368], [-73.2340529, 40.9078506], [-73.2358155, 40.9081972], [-73.23482, 40.9068402], [-73.2337017, 40.9061512], [-73.2321529, 40.9061922], [-73.2291405, 40.9075924], [-73.2171085, 40.9086806], [-73.2143424, 40.9093839], [-73.2111592, 40.9108486], [-73.2028271, 40.9137679], [-73.1920742, 40.9168675], [-73.1722094, 40.9214809], [-73.1618198, 40.9251761], [-73.1530214, 40.929288], [-73.1500524, 40.9297723], [-73.1481649, 40.9292856], [-73.148117, 40.928911], [-73.1505008, 40.9270349], [-73.1507799, 40.9260485], [-73.1515074, 40.9255566], [-73.1551815, 40.924515], [-73.1561975, 40.9237282], [-73.1559462, 40.9234779], [-73.1561599, 40.923233], [-73.1565616, 40.9234442], [-73.1577549, 40.922862], [-73.1591267, 40.9231105], [-73.1618092, 40.9222533], [-73.1604985, 40.9216658], [-73.1603199, 40.9212859], [-73.1618679, 40.9221592], [-73.1622978, 40.9218521], [-73.1624058, 40.9212274], [-73.1628451, 40.9218912], [-73.1647759, 40.9216729], [-73.165406, 40.921896], [-73.1653977, 40.9213147], [-73.166995, 40.9214594], [-73.1669986, 40.9218756], [-73.1676339, 40.9218667], [-73.1676849, 40.9207568], [-73.1657319, 40.920754], [-73.1655304, 40.9200395], [-73.1636372, 40.9198425], [-73.1634305, 40.9195479], [-73.1638415, 40.919042], [-73.1655751, 40.9189515], [-73.1658992, 40.9197556], [-73.1677361, 40.9201531], [-73.1678935, 40.9213672], [-73.1684995, 40.9216334], [-73.1706982, 40.9211826], [-73.1708626, 40.9206927], [-73.1717528, 40.9201514], [-73.1716401, 40.919791], [-73.1719807, 40.9193757], [-73.1752791, 40.9177156], [-73.1749925, 40.9172861], [-73.1743219, 40.917374], [-73.1739027, 40.9165034], [-73.173264, 40.9162486], [-73.1732921, 40.9155961], [-73.1740437, 40.9155855], [-73.1744759, 40.9159405], [-73.176139, 40.9180208], [-73.1724887, 40.9196396], [-73.1726578, 40.9200975], [-73.1783235, 40.9176622], [-73.1799996, 40.9176787], [-73.1808218, 40.9171852], [-73.1789802, 40.9172243], [-73.1784303, 40.9165283], [-73.1788788, 40.9160463], [-73.1814699, 40.9149016], [-73.1825828, 40.9137921], [-73.1829515, 40.9121126], [-73.1819782, 40.9108524], [-73.1810148, 40.9073024], [-73.1815928, 40.9064312], [-73.1819207, 40.9065592], [-73.1820337, 40.9070864], [-73.1826665, 40.9071392], [-73.1833425, 40.9069019], [-73.1833143, 40.9064801], [-73.1817024, 40.9063007], [-73.1813869, 40.9056755], [-73.1815928, 40.9036167], [-73.1812108, 40.9028359], [-73.1764571, 40.8990395], [-73.1762977, 40.8981179], [-73.1770052, 40.8973998], [-73.1763375, 40.8966992], [-73.1751516, 40.8957551], [-73.1733445, 40.8949741], [-73.1714642, 40.8933243], [-73.1698332, 40.8935579], [-73.1691223, 40.8933093], [-73.1694246, 40.8938743], [-73.1702318, 40.8939597], [-73.168903, 40.8952679], [-73.1686007, 40.8965461], [-73.1687403, 40.8971788], [-73.1693914, 40.8978468], [-73.1689728, 40.8999534], [-73.1703713, 40.901013], [-73.1701753, 40.9017236], [-73.1707633, 40.9026903], [-73.1700823, 40.9031447], [-73.1685409, 40.9026049], [-73.1692851, 40.903436], [-73.1709294, 40.9034611], [-73.1709128, 40.9041239], [-73.1698457, 40.9048098], [-73.1676759, 40.9074241], [-73.165878, 40.9087083], [-73.1655524, 40.9098332], [-73.1629297, 40.9119587], [-73.1610823, 40.9130687], [-73.1594804, 40.9130286], [-73.1579659, 40.9136322], [-73.1566161, 40.9136367], [-73.153746, 40.9155341], [-73.1509467, 40.9179127], [-73.1487759, 40.9178906], [-73.1481156, 40.9152855], [-73.1473189, 40.9150388], [-73.1479256, 40.9153997], [-73.1481424, 40.9160956], [-73.1479158, 40.9173125], [-73.1482716, 40.9181778], [-73.1490317, 40.9185589], [-73.1512098, 40.9187853], [-73.151317, 40.919299], [-73.1509463, 40.9200004], [-73.1506787, 40.9200335], [-73.149977, 40.9190339], [-73.1491535, 40.9193689], [-73.1498722, 40.9204625], [-73.1507061, 40.9205949], [-73.1474919, 40.9233122], [-73.1472166, 40.9253297], [-73.1459107, 40.9268631], [-73.145806, 40.9277136], [-73.1435524, 40.9280946], [-73.1435444, 40.9303161], [-73.1433394, 40.9312129], [-73.1425469, 40.9322541], [-73.142621, 40.9326315], [-73.1417523, 40.9330844], [-73.1407546, 40.9329344], [-73.1409702, 40.9323734], [-73.1399639, 40.9318501], [-73.1404004, 40.9316428], [-73.140126, 40.9308293], [-73.1392492, 40.9304608], [-73.140092, 40.9308984], [-73.1396503, 40.9319844], [-73.1404239, 40.9325965], [-73.1402227, 40.9335146], [-73.1370367, 40.9348217], [-73.1410956, 40.9339451], [-73.1420208, 40.9345927], [-73.1430088, 40.9346875], [-73.1439132, 40.935605], [-73.1438194, 40.9359851], [-73.1433266, 40.9360557], [-73.1418218, 40.9356564], [-73.140218, 40.9379319], [-73.1403242, 40.9383949], [-73.1396655, 40.9401363], [-73.1403372, 40.9404008], [-73.1392406, 40.9411979], [-73.1396865, 40.943258], [-73.1387341, 40.9455033], [-73.1379947, 40.9461032], [-73.1386271, 40.9466203], [-73.1396479, 40.9459546], [-73.1400811, 40.9444934], [-73.1428521, 40.9435212], [-73.1426081, 40.9429626], [-73.1408223, 40.9434461], [-73.1407714, 40.9429936], [-73.1414385, 40.9422797], [-73.1406272, 40.9424621], [-73.1405387, 40.9414163], [-73.1412948, 40.9409708], [-73.1407666, 40.9407475], [-73.1412832, 40.9400812], [-73.140191, 40.9395819], [-73.1405042, 40.9389994], [-73.1409809, 40.9389713], [-73.1405529, 40.9389157], [-73.1412575, 40.9373991], [-73.1419652, 40.9369716], [-73.1414922, 40.9371131], [-73.142029, 40.9360853], [-73.1433221, 40.936348], [-73.143523, 40.936741], [-73.1437144, 40.9362752], [-73.1444637, 40.9360188], [-73.1444708, 40.9352007], [-73.1433669, 40.9344679], [-73.1431859, 40.9338388], [-73.143382, 40.9323162], [-73.1443933, 40.9301529], [-73.1442758, 40.9281546], [-73.1465026, 40.9281312], [-73.1470308, 40.9274033], [-73.1472541, 40.9259042], [-73.1476947, 40.9259216], [-73.1480182, 40.9267788], [-73.1460101, 40.9335821], [-73.1465835, 40.9361168], [-73.1456347, 40.9388966], [-73.1446629, 40.9450366], [-73.1439828, 40.9531179], [-73.144092, 40.9554008], [-73.1448666, 40.9568836], [-73.1471976, 40.9592721], [-73.1498252, 40.959819], [-73.1515593, 40.960963], [-73.1541736, 40.9618685], [-73.1575919, 40.9656915], [-73.1588642, 40.9666998], [-73.1588396, 40.9673005], [-73.15788, 40.9676401], [-73.1522473, 40.9663094], [-73.145819, 40.9658139], [-73.1398565, 40.9662976], [-73.1382271, 40.9668777], [-73.1380851, 40.9672344], [-73.1377405, 40.9669072], [-73.1377039, 40.9671475], [-73.1371567, 40.9671394], [-73.1371989, 40.9674539], [-73.1367141, 40.9668822], [-73.1349197, 40.9670382], [-73.132748, 40.9677506], [-73.1292226, 40.9696813], [-73.1209037, 40.9752313], [-73.1202583, 40.9758224], [-73.1198729, 40.9769672], [-73.1185336, 40.9775698], [-73.1149123, 40.9747842], [-73.1107604, 40.9721834], [-73.1026343, 40.9691504], [-73.0986619, 40.9686322], [-73.0949582, 40.968987], [-73.0934085, 40.9694599], [-73.0931598, 40.9705098], [-73.0933874, 40.9690229], [-73.0926095, 40.9675083], [-73.0899832, 40.9663868], [-73.0900613, 40.9660249], [-73.0911106, 40.9655727], [-73.0922942, 40.9658573], [-73.0933656, 40.9656952], [-73.0941401, 40.9663718], [-73.0962488, 40.9666602], [-73.0970379, 40.9672553], [-73.0985462, 40.9673182], [-73.0993246, 40.9677898], [-73.101088, 40.9675661], [-73.1029295, 40.9681036], [-73.1053111, 40.9682385], [-73.106827, 40.9694575], [-73.1090561, 40.9697574], [-73.1095213, 40.9706391], [-73.1103132, 40.971009], [-73.1135062, 40.9711057], [-73.1133519, 40.9728966], [-73.1155138, 40.9743802], [-73.1140197, 40.9716299], [-73.1149129, 40.9708056], [-73.1154976, 40.9708826], [-73.1149692, 40.9711944], [-73.1152348, 40.9715104], [-73.1159136, 40.9710384], [-73.117426, 40.966563], [-73.1202087, 40.9646631], [-73.1221661, 40.9637625], [-73.122358, 40.9639346], [-73.1239563, 40.962485], [-73.1253426, 40.9620213], [-73.1255204, 40.9612079], [-73.126468, 40.960833], [-73.128322, 40.959301], [-73.12707, 40.956736], [-73.126147, 40.95581], [-73.12627, 40.95533], [-73.1257717, 40.9546796], [-73.1257222, 40.9535822], [-73.1261462, 40.9529281], [-73.1256159, 40.9528816], [-73.1233116, 40.9542511], [-73.1197389, 40.9534274], [-73.1193628, 40.9530743], [-73.1195946, 40.9521731], [-73.1191494, 40.9500959], [-73.1183953, 40.949385], [-73.1185111, 40.9490043], [-73.1180723, 40.9489852], [-73.1180395, 40.9482029], [-73.117631, 40.9476644], [-73.116491, 40.9470902], [-73.1161518, 40.9470613], [-73.1165907, 40.9473514], [-73.1162069, 40.9475434], [-73.1167617, 40.9474392], [-73.1168432, 40.9477321], [-73.116963, 40.9474638], [-73.1176847, 40.9480939], [-73.1174407, 40.9487561], [-73.1172722, 40.9484746], [-73.1171349, 40.9487549], [-73.1181223, 40.9507619], [-73.118409, 40.9521942], [-73.1176939, 40.9539486], [-73.1161612, 40.9555962], [-73.1156791, 40.9573783], [-73.1172502, 40.9611908], [-73.1175291, 40.961211], [-73.1188086, 40.9635403], [-73.1174545, 40.9648728], [-73.115, 40.9652717], [-73.115271, 40.9664684], [-73.1150776, 40.9675059], [-73.1141198, 40.9677239], [-73.1140467, 40.9684838], [-73.1125059, 40.9690321], [-73.1126878, 40.9701084], [-73.111749, 40.96992], [-73.1108526, 40.9691822], [-73.1082963, 40.9681765], [-73.1081873, 40.9677651], [-73.1087452, 40.9663068], [-73.1085746, 40.9655818], [-73.1079391, 40.9651908], [-73.1072701, 40.9652111], [-73.1065786, 40.962249], [-73.1059447, 40.9615414], [-73.1054826, 40.9617664], [-73.1050857, 40.9613414], [-73.1045063, 40.961914], [-73.1021931, 40.9619831], [-73.1015507, 40.9618572], [-73.0999493, 40.960689], [-73.0995832, 40.9591924], [-73.1002293, 40.9579565], [-73.1013867, 40.9570509], [-73.1015786, 40.9562779], [-73.1001625, 40.9541347], [-73.1008845, 40.9534772], [-73.1005273, 40.9530983], [-73.1014328, 40.9519747], [-73.1021848, 40.951618], [-73.1060268, 40.9507266], [-73.1075341, 40.9499943], [-73.1078721, 40.9501356], [-73.1079306, 40.9507835], [-73.1081934, 40.9503317], [-73.1086467, 40.9505586], [-73.1089337, 40.9515492], [-73.1092556, 40.9513365], [-73.1093226, 40.9506396], [-73.1100629, 40.9515553], [-73.1094299, 40.9503398], [-73.1112994, 40.9513547], [-73.110661, 40.9504533], [-73.1096954, 40.9500461], [-73.1111304, 40.9498475], [-73.1103338, 40.9496814], [-73.1103419, 40.9493715], [-73.109497, 40.9497017], [-73.1091724, 40.9497199], [-73.1091751, 40.9494322], [-73.1085716, 40.9495234], [-73.1086839, 40.9490112], [-73.1065596, 40.9491536], [-73.1055519, 40.9466743], [-73.1046531, 40.9464804], [-73.1034267, 40.9456515], [-73.1026966, 40.9446143], [-73.1021187, 40.9450249], [-73.1015674, 40.943494], [-73.1017302, 40.9458038], [-73.1025236, 40.9466136], [-73.1027184, 40.9473986], [-73.1017224, 40.9485761], [-73.1012718, 40.9483168], [-73.0999469, 40.9498824], [-73.0973257, 40.9512293], [-73.0968895, 40.9512952], [-73.0950455, 40.9503065], [-73.0943952, 40.9507811], [-73.0973109, 40.9529685], [-73.0973753, 40.9542826], [-73.09789, 40.9557879], [-73.0986678, 40.9563218], [-73.0978012, 40.9574181], [-73.0957347, 40.958263], [-73.0950216, 40.9582793], [-73.0928114, 40.9570638], [-73.0904711, 40.956723], [-73.087121, 40.9555066], [-73.0856533, 40.9541462], [-73.0827936, 40.953815], [-73.0802654, 40.9519765], [-73.0777986, 40.9513872], [-73.074733, 40.9493961], [-73.0746524, 40.9488593], [-73.0741348, 40.9487144], [-73.0725106, 40.946912], [-73.0731971, 40.946534], [-73.0727902, 40.9460521], [-73.0722368, 40.9460547], [-73.0720313, 40.9465283], [-73.0698224, 40.9474732], [-73.0704179, 40.9480186], [-73.0702176, 40.9481602], [-73.0695291, 40.9475213], [-73.0690497, 40.9478391], [-73.0670363, 40.9507833], [-73.0669349, 40.9517297], [-73.0706175, 40.9545174], [-73.0707167, 40.9556072], [-73.0714712, 40.9564097], [-73.0723744, 40.958204], [-73.0740435, 40.9598648], [-73.0750351, 40.9620593], [-73.077951, 40.9657885], [-73.0780953, 40.9667922], [-73.0771622, 40.9673959], [-73.0735596, 40.968534], [-73.0744209, 40.9701409], [-73.0743658, 40.9707568], [-73.0748895, 40.9713343], [-73.0763672, 40.9715258], [-73.0770144, 40.9713112], [-73.0765273, 40.9709775], [-73.0770584, 40.970618], [-73.0772293, 40.9695235], [-73.0790048, 40.9688923], [-73.0782039, 40.9688309], [-73.0786823, 40.9682712], [-73.0801344, 40.9680218], [-73.0821652, 40.9696194], [-73.0836571, 40.9701556], [-73.0856241, 40.9697672], [-73.0881421, 40.9699714], [-73.0895236, 40.9692778], [-73.0913842, 40.9714316], [-73.0915045, 40.9724647], [-73.0880532, 40.9721092], [-73.0802473, 40.973311], [-73.0771109, 40.9729828], [-73.058849, 40.9665215], [-73.052135, 40.9647727], [-73.0507619, 40.9649347], [-73.0487404, 40.9641561], [-73.0451622, 40.9640811], [-73.0446174, 40.9628264], [-73.0420265, 40.9620151], [-73.0425628, 40.9616013], [-73.0426645, 40.960956], [-73.040401, 40.958135], [-73.040508, 40.957613], [-73.0417802, 40.9573419], [-73.0412463, 40.9567101], [-73.0397013, 40.9564346], [-73.0392185, 40.9566047], [-73.0382422, 40.9577877], [-73.0381778, 40.9590273], [-73.0371371, 40.9594406], [-73.0372766, 40.9597565], [-73.0339147, 40.9605994], [-73.0322555, 40.9600968], [-73.030178, 40.9604659], [-73.0287322, 40.9600434], [-73.0275885, 40.9602346], [-73.0266765, 40.9597241], [-73.0237153, 40.9600644], [-73.0228785, 40.9614823], [-73.0219129, 40.9610529], [-73.0213657, 40.961142], [-73.0202092, 40.9625695], [-73.0202035, 40.9631769], [-73.0225995, 40.9637994], [-73.0245844, 40.9639371], [-73.0300668, 40.9637913], [-73.0322233, 40.9633781], [-73.0424039, 40.9633993], [-73.0429358, 40.963952], [-73.0426815, 40.9657168], [-73.0424483, 40.9652801], [-73.0418729, 40.9651207], [-73.036566, 40.9651574], [-73.0089193, 40.9658616], [-73.000724, 40.9665547], [-72.9840604, 40.966127], [-72.9698868, 40.9667573], [-72.9572577, 40.966062], [-72.955125, 40.9664933], [-72.9259118, 40.9631092], [-72.918426, 40.962658], [-72.9157543, 40.9628175], [-72.913836, 40.962466], [-72.9074492, 40.9628631], [-72.8981063, 40.9629194], [-72.8960886, 40.9626858], [-72.8776828, 40.963946], [-72.8698267, 40.9650314], [-72.8682067, 40.9656079], [-72.8681447, 40.9665288], [-72.8675649, 40.9634926], [-72.8673107, 40.9629237], [-72.8668618, 40.9629158], [-72.8665994, 40.9625333], [-72.8656655, 40.9627134], [-72.8670817, 40.9639634], [-72.8674653, 40.9664837], [-72.8672255, 40.9664761], [-72.8670176, 40.965567], [-72.8663335, 40.9653397], [-72.864588, 40.9656513], [-72.8644716, 40.9649674], [-72.8635228, 40.9638893], [-72.8631216, 40.9639025], [-72.8634446, 40.9645745], [-72.8642486, 40.9648565], [-72.8641967, 40.9657203], [-72.8630113, 40.9654652], [-72.8599881, 40.965823], [-72.8567757, 40.9666791], [-72.8560125, 40.9665609], [-72.8491491, 40.9680169], [-72.84222, 40.968868], [-72.837147, 40.969844], [-72.8297055, 40.9704226], [-72.8142782, 40.9679141], [-72.8017648, 40.9667655], [-72.7931726, 40.9664606], [-72.7885397, 40.9667586], [-72.7836466, 40.9662275], [-72.7807566, 40.9653722], [-72.7735851, 40.965277], [-72.738638, 40.9702778], [-72.73167, 40.9718597], [-72.7243879, 40.974062], [-72.7241686, 40.9737309], [-72.7218398, 40.9745858], [-72.7211636, 40.9741573], [-72.717658, 40.9747338], [-72.7081686, 40.9778373], [-72.6998572, 40.9794964], [-72.6938119, 40.9802638], [-72.6847235, 40.9806878], [-72.6723212, 40.9789638], [-72.6484079, 40.9815833], [-72.6432075, 40.981043], [-72.6383071, 40.9814273], [-72.627363, 40.9840538], [-72.6203529, 40.9863129], [-72.6106851, 40.9901344], [-72.6022273, 40.9918581], [-72.5978694, 40.993585], [-72.5965964, 40.9944465], [-72.596258, 40.9942777], [-72.5949104, 40.9950181], [-72.5944199, 40.9945245], [-72.5931118, 40.9947057], [-72.5854721, 40.9977764], [-72.5801217, 41.0002393], [-72.5675706, 41.0078722], [-72.5628703, 41.0126171], [-72.5610756, 41.0155096], [-72.5577718, 41.0123588], [-72.5541988, 41.0136454], [-72.5542929, 41.0139089], [-72.5538178, 41.0140959], [-72.5525388, 41.0134918], [-72.5511757, 41.0133284], [-72.5508778, 41.0131336], [-72.5512224, 41.0126349], [-72.5499935, 41.0128824], [-72.5498451, 41.0119572], [-72.5502161, 41.0113144], [-72.5495565, 41.009645], [-72.5488283, 41.0089711], [-72.5481401, 41.0093744], [-72.5490556, 41.0097361], [-72.5494903, 41.0105605], [-72.5496539, 41.0110594], [-72.5490451, 41.0118841], [-72.5490211, 41.0125726], [-72.5499719, 41.0135881], [-72.5536628, 41.0146484], [-72.5549242, 41.0144326], [-72.5556537, 41.0136231], [-72.5560067, 41.0138425], [-72.5570485, 41.0136879], [-72.5572525, 41.0133477], [-72.558097, 41.01415], [-72.555197, 41.015397], [-72.5526384, 41.0171156], [-72.549856, 41.019845], [-72.546591, 41.021443], [-72.542609, 41.024388], [-72.526839, 41.0345778], [-72.5242893, 41.0356595], [-72.518668, 41.040037], [-72.513868, 41.040166], [-72.5076617, 41.041754], [-72.503048, 41.043973], [-72.494909, 41.046613], [-72.490635, 41.048932], [-72.479129, 41.051366], [-72.4769431, 41.0528708], [-72.4752554, 41.0551233], [-72.4738264, 41.0547041], [-72.4724677, 41.0553693], [-72.466656, 41.061532], [-72.459866, 41.067701], [-72.451976, 41.077187], [-72.449186, 41.0820445], [-72.448445, 41.0841], [-72.4477898, 41.0848037], [-72.4459455, 41.0857219], [-72.441995, 41.0867772], [-72.4352465, 41.0857856], [-72.4329486, 41.0866385], [-72.4294317, 41.0871021], [-72.4258629, 41.0865365], [-72.4192778, 41.0878147], [-72.4176073, 41.0877976], [-72.4151228, 41.0888484], [-72.410353, 41.0925501], [-72.40808, 41.092117], [-72.4070801, 41.0923068], [-72.4021229, 41.0952743], [-72.398924, 41.095484], [-72.3953403, 41.0970892], [-72.3939114, 41.0986441], [-72.392043, 41.099925], [-72.3871143, 41.1051646], [-72.3857931, 41.1082302], [-72.383905, 41.111206], [-72.382555, 41.114534], [-72.38077, 41.115343], [-72.379137, 41.116597], [-72.377435, 41.117131], [-72.376125, 41.118673], [-72.373001, 41.118762], [-72.371578, 41.119386], [-72.369778, 41.120875], [-72.36775, 41.121688], [-72.36592, 41.1236], [-72.362679, 41.125492], [-72.361371, 41.127027], [-72.359934, 41.129797], [-72.357466, 41.131789], [-72.355964, 41.134584], [-72.355711, 41.137808], [-72.354761, 41.139427], [-72.353848, 41.14009], [-72.352689, 41.140094], [-72.349995, 41.141139], [-72.348491, 41.140666], [-72.346398, 41.141006], [-72.343848, 41.140173], [-72.341133, 41.140936], [-72.339645, 41.140936], [-72.339095, 41.140857], [-72.3371029, 41.1390461], [-72.3319902, 41.1378651], [-72.3288204, 41.1377183], [-72.3249451, 41.138108], [-72.3228118, 41.1389176], [-72.3195318, 41.1409513], [-72.314772, 41.145266], [-72.3127335, 41.1481766], [-72.311461, 41.148193], [-72.309859, 41.1472], [-72.307525, 41.147011], [-72.301445, 41.150992], [-72.300054, 41.15264], [-72.297996, 41.1530324], [-72.2964993, 41.1538766], [-72.293188, 41.154804], [-72.2901961, 41.1563566], [-72.2888711, 41.1565141], [-72.2860387, 41.1575117], [-72.2844061, 41.1575236], [-72.2830159, 41.1570629], [-72.2791721, 41.1584888], [-72.2777799, 41.1585355], [-72.2762878, 41.156816], [-72.2726029, 41.154744], [-72.270269, 41.1540615], [-72.2675054, 41.1540105], [-72.2614425, 41.1559052], [-72.2559889, 41.1586263], [-72.2541259, 41.1589654], [-72.250913, 41.160449], [-72.24503, 41.16112], [-72.242757, 41.159793], [-72.23821, 41.159491], [-72.2330973, 41.1604883], [-72.2405431, 41.1540839], [-72.2408703, 41.1543303], [-72.2419164, 41.1533165], [-72.2423992, 41.1538658], [-72.2420183, 41.1542374], [-72.2424099, 41.1548433], [-72.2431824, 41.154605], [-72.2430161, 41.154201], [-72.243295, 41.154096], [-72.2429249, 41.154092], [-72.2425869, 41.1535306], [-72.2434667, 41.1528075], [-72.2444269, 41.1545524], [-72.2448346, 41.1544434], [-72.2445445, 41.1537643], [-72.2441343, 41.1538103], [-72.2444352, 41.1535259], [-72.2441963, 41.1529772], [-72.2435203, 41.1526944], [-72.2442392, 41.1519108], [-72.2448004, 41.1499066], [-72.246983, 41.147074], [-72.251043, 41.143027], [-72.253286, 41.139937], [-72.2536931, 41.1365661], [-72.2542092, 41.1349987], [-72.2551416, 41.1336507], [-72.2567149, 41.1321146], [-72.2586462, 41.1308669], [-72.2608855, 41.1284528], [-72.263208, 41.1279951], [-72.266561, 41.128691], [-72.269468, 41.1284215], [-72.2734804, 41.1262394], [-72.2788247, 41.1226463], [-72.2892636, 41.1184635], [-72.2946162, 41.1141237], [-72.2959065, 41.1134714], [-72.2983539, 41.1123425], [-72.306284, 41.1101872], [-72.3069492, 41.1102478], [-72.3071263, 41.1107853], [-72.3004017, 41.1125745], [-72.2955735, 41.1155975], [-72.2885394, 41.1210786], [-72.2862834, 41.1244272], [-72.2849265, 41.1255308], [-72.2839692, 41.1256688], [-72.2832463, 41.1248102], [-72.2827872, 41.1247595], [-72.2815331, 41.1252145], [-72.2784861, 41.1253761], [-72.2730753, 41.1278623], [-72.2680618, 41.129714], [-72.266341, 41.1307745], [-72.2648163, 41.132276], [-72.2619455, 41.1340831], [-72.2599567, 41.1348889], [-72.2592109, 41.1359101], [-72.2613437, 41.1368722], [-72.2630482, 41.1394818], [-72.2638195, 41.1399483], [-72.2653428, 41.1397588], [-72.2673483, 41.1408667], [-72.269103, 41.1410708], [-72.2731718, 41.1404147], [-72.2740395, 41.1396422], [-72.2758328, 41.1397734], [-72.277144, 41.1381406], [-72.2779153, 41.1380823], [-72.279053, 41.1385488], [-72.2800368, 41.1397743], [-72.280094, 41.1403674], [-72.2805638, 41.1406066], [-72.2810356, 41.1419672], [-72.2808188, 41.1438206], [-72.2813721, 41.1439924], [-72.281367, 41.1448753], [-72.2817503, 41.14485], [-72.2824231, 41.1417485], [-72.2828639, 41.1412618], [-72.2826976, 41.1403857], [-72.2837196, 41.1400212], [-72.2838738, 41.1394381], [-72.2822734, 41.1393943], [-72.2823505, 41.1371639], [-72.2810778, 41.1356332], [-72.2796239, 41.1316719], [-72.2792741, 41.1297143], [-72.2800083, 41.1306811], [-72.2813299, 41.1314881], [-72.2812171, 41.1319892], [-72.2828989, 41.1334602], [-72.2829795, 41.1343379], [-72.2834825, 41.1334674], [-72.2847785, 41.1339206], [-72.2853476, 41.1335789], [-72.2844851, 41.1337001], [-72.2830332, 41.1327884], [-72.2827797, 41.1314377], [-72.283006, 41.1308866], [-72.283797, 41.1305797], [-72.288059, 41.1325518], [-72.2887349, 41.1334121], [-72.2888261, 41.1330002], [-72.2875447, 41.1312], [-72.2878043, 41.1309416], [-72.2870548, 41.1302281], [-72.2869815, 41.1292651], [-72.2875213, 41.1293507], [-72.2871731, 41.1287846], [-72.2857367, 41.1290611], [-72.283778, 41.1288636], [-72.2831512, 41.1275603], [-72.2832635, 41.1266873], [-72.2853761, 41.1275123], [-72.2875155, 41.1276189], [-72.293258, 41.130161], [-72.299964, 41.132109], [-72.3018866, 41.1333219], [-72.304741, 41.136276], [-72.3051749, 41.1367319], [-72.3052393, 41.1375359], [-72.3068433, 41.1389459], [-72.3067521, 41.1391479], [-72.3080342, 41.1397175], [-72.312002, 41.14061], [-72.315162, 41.140448], [-72.316687, 41.1398468], [-72.318323, 41.1386934], [-72.3187492, 41.1377094], [-72.3205035, 41.1362979], [-72.3244446, 41.1341507], [-72.3269314, 41.1316961], [-72.3274417, 41.1315503], [-72.3270308, 41.1311826], [-72.3294402, 41.1271514], [-72.3352266, 41.1205526], [-72.336026, 41.1179293], [-72.337018, 41.1182414], [-72.3373315, 41.1186429], [-72.3364134, 41.1193818], [-72.336494, 41.1197766], [-72.3369642, 41.1200988], [-72.3373628, 41.1201831], [-72.336644, 41.1197513], [-72.3366955, 41.1192013], [-72.3372038, 41.1189905], [-72.3381321, 41.1194329], [-72.3383862, 41.1191654], [-72.3380361, 41.1190128], [-72.3381766, 41.1188174], [-72.3384726, 41.119129], [-72.3410084, 41.1195033], [-72.3393446, 41.1182583], [-72.3368747, 41.1179698], [-72.337486, 41.1170707], [-72.3382003, 41.1169138], [-72.3384108, 41.1159033], [-72.3396133, 41.1142263], [-72.3401194, 41.1142803], [-72.341632, 41.1134995], [-72.3424762, 41.1126829], [-72.3455261, 41.1131806], [-72.3466927, 41.1130271], [-72.3474966, 41.1126407], [-72.348314, 41.1115795], [-72.3486275, 41.1116808], [-72.3486924, 41.1124973], [-72.3494426, 41.1127369], [-72.3501659, 41.1135231], [-72.3496464, 41.1137897], [-72.3502666, 41.1138909], [-72.3505421, 41.1147041], [-72.3509631, 41.1149537], [-72.3511758, 41.1154615], [-72.3504883, 41.1168786], [-72.3508197, 41.1174033], [-72.3513549, 41.1174151], [-72.3508735, 41.1167926], [-72.3513348, 41.1157264], [-72.3519327, 41.1153941], [-72.3527925, 41.1162612], [-72.3549288, 41.1169731], [-72.3554707, 41.117906], [-72.3557394, 41.1178014], [-72.3551998, 41.1168027], [-72.3530725, 41.1161094], [-72.3518924, 41.1149774], [-72.3512474, 41.1122983], [-72.3504704, 41.1115509], [-72.3506787, 41.1107545], [-72.3502174, 41.110547], [-72.3495635, 41.1116757], [-72.3487175, 41.1115799], [-72.3493002, 41.1104561], [-72.3496279, 41.1054261], [-72.3505321, 41.1060477], [-72.3550464, 41.1075916], [-72.3567976, 41.1073518], [-72.3561263, 41.1079519], [-72.3552301, 41.1080581], [-72.3536546, 41.1073983], [-72.3523055, 41.1074067], [-72.3525177, 41.1079304], [-72.3539222, 41.1082669], [-72.3545951, 41.1089445], [-72.355067, 41.1089409], [-72.3547819, 41.109473], [-72.3557557, 41.110134], [-72.3563305, 41.1102747], [-72.3563305, 41.1097104], [-72.3567517, 41.1096567], [-72.3585489, 41.1101053], [-72.3586518, 41.1104143], [-72.3577018, 41.1120272], [-72.3583779, 41.1123207], [-72.3589273, 41.1112339], [-72.3585362, 41.1109368], [-72.3589435, 41.110498], [-72.3597839, 41.1117051], [-72.3596351, 41.1121322], [-72.3590777, 41.111902], [-72.3586629, 41.1126106], [-72.3591775, 41.1129697], [-72.3590144, 41.1133001], [-72.3592852, 41.1138191], [-72.3596129, 41.1128504], [-72.3604917, 41.112298], [-72.3614449, 41.1133419], [-72.3619965, 41.1130315], [-72.3608558, 41.1118133], [-72.3600104, 41.1099431], [-72.3603413, 41.1096746], [-72.3620736, 41.1101292], [-72.3617711, 41.1097558], [-72.3620039, 41.1095207], [-72.3598204, 41.1086188], [-72.3580881, 41.1073279], [-72.357526, 41.1072885], [-72.3569956, 41.1068519], [-72.357773, 41.1064653], [-72.3574405, 41.1060275], [-72.356994, 41.1061205], [-72.3569354, 41.1067767], [-72.3563891, 41.1066622], [-72.3560455, 41.1059857], [-72.3564382, 41.1058437], [-72.3560598, 41.1058413], [-72.3560107, 41.1051648], [-72.3565094, 41.1042497], [-72.3570114, 41.1043237], [-72.3572394, 41.1038429], [-72.3560661, 41.1034456], [-72.3574342, 41.1034885], [-72.3575688, 41.1032356], [-72.3560993, 41.1028776], [-72.3563764, 41.1023395], [-72.3575197, 41.1026092], [-72.3576273, 41.1019398], [-72.3582275, 41.1018443], [-72.3580074, 41.1011344], [-72.3582591, 41.1016212], [-72.3585869, 41.1015496], [-72.3584412, 41.1005796], [-72.3590667, 41.1015449], [-72.3591268, 41.100465], [-72.3595955, 41.1017477], [-72.3603356, 41.1012774], [-72.3606209, 41.1014765], [-72.3605102, 41.1012422], [-72.3613536, 41.1010397], [-72.3619524, 41.100496], [-72.3617906, 41.099993], [-72.3624449, 41.0997223], [-72.362722, 41.0989526], [-72.3625019, 41.0972093], [-72.3629848, 41.0969623], [-72.3635279, 41.0975291], [-72.3632307, 41.0966285], [-72.3635379, 41.0960293], [-72.3627363, 41.0954522], [-72.3640971, 41.0940018], [-72.3643479, 41.0933513], [-72.3641598, 41.0929479], [-72.3649838, 41.0931606], [-72.3649928, 41.0923783], [-72.36725, 41.0934086], [-72.3669387, 41.0940837], [-72.3675189, 41.0934646], [-72.3680417, 41.0936223], [-72.3679894, 41.0940413], [-72.369387, 41.0944121], [-72.373429, 41.0947271], [-72.3772539, 41.0935864], [-72.3794148, 41.0918874], [-72.3807221, 41.0896399], [-72.3823505, 41.0884881], [-72.3833567, 41.0884442], [-72.3824393, 41.0859251], [-72.3790474, 41.0850499], [-72.3758762, 41.0816516], [-72.3739865, 41.0784392], [-72.373963, 41.0775846], [-72.3744342, 41.0768266], [-72.375512, 41.076485], [-72.3780807, 41.0773994], [-72.3781101, 41.0777364], [-72.3777068, 41.0779427], [-72.3776828, 41.0773884], [-72.3767148, 41.077384], [-72.3764951, 41.0770158], [-72.3754326, 41.0767744], [-72.3755495, 41.0772587], [-72.3750713, 41.0772837], [-72.3753845, 41.0773338], [-72.3746064, 41.0785159], [-72.3751084, 41.0793601], [-72.3758889, 41.0795058], [-72.3767265, 41.0791948], [-72.3755884, 41.0790641], [-72.3756839, 41.0786804], [-72.376949, 41.0779828], [-72.3772522, 41.0780805], [-72.3772232, 41.0790738], [-72.3780289, 41.0795758], [-72.3779718, 41.0785119], [-72.3788297, 41.0777331], [-72.3800932, 41.077917], [-72.3847604, 41.07965], [-72.384429, 41.0799642], [-72.3847355, 41.0805335], [-72.3851329, 41.079055], [-72.386407, 41.079621], [-72.3878398, 41.0796981], [-72.3881211, 41.0796058], [-72.3876534, 41.0792236], [-72.3895632, 41.0788077], [-72.3915046, 41.0778433], [-72.3950475, 41.0771615], [-72.3954579, 41.0773993], [-72.3951109, 41.0775639], [-72.3955955, 41.0784803], [-72.3960119, 41.0784014], [-72.3953932, 41.0765808], [-72.3969041, 41.0759463], [-72.3976459, 41.0771761], [-72.3973022, 41.0774007], [-72.3970655, 41.0767467], [-72.3961179, 41.077808], [-72.396732, 41.0783734], [-72.3975552, 41.0775887], [-72.3974806, 41.0781258], [-72.3988124, 41.0765429], [-72.3971125, 41.0758694], [-72.3997446, 41.0766273], [-72.3989284, 41.0767751], [-72.3974617, 41.0785404], [-72.3979978, 41.0786485], [-72.3997119, 41.0775922], [-72.3997414, 41.0772121], [-72.4006533, 41.0765004], [-72.4011391, 41.0766743], [-72.4006398, 41.0762618], [-72.400847, 41.0760926], [-72.4011928, 41.0759278], [-72.4014602, 41.0762407], [-72.4013317, 41.0758974], [-72.4016304, 41.0759355], [-72.4022879, 41.0765842], [-72.4029316, 41.0762241], [-72.4022883, 41.075575], [-72.4017382, 41.0755774], [-72.4021836, 41.0753279], [-72.4033321, 41.0753614], [-72.4035189, 41.0756075], [-72.404265, 41.0753135], [-72.4039549, 41.0756245], [-72.4043597, 41.0760295], [-72.4049854, 41.0756407], [-72.4046538, 41.0752463], [-72.4053002, 41.0746437], [-72.4048189, 41.0739505], [-72.4054842, 41.0731891], [-72.4063627, 41.0731478], [-72.4065117, 41.0738045], [-72.4067667, 41.0736523], [-72.4068395, 41.0730527], [-72.4065439, 41.0728593], [-72.4054839, 41.0730057], [-72.404691, 41.0738665], [-72.4041926, 41.0736547], [-72.4045308, 41.0740812], [-72.4038661, 41.0737733], [-72.4036381, 41.0732327], [-72.4039446, 41.072808], [-72.4036776, 41.0724204], [-72.4041034, 41.0718094], [-72.404322, 41.070466], [-72.406793, 41.066773], [-72.4078876, 41.0672691], [-72.4080398, 41.0669558], [-72.4084481, 41.0670438], [-72.4115595, 41.0640023], [-72.4126109, 41.0624977], [-72.4131688, 41.0609283], [-72.413065, 41.060243], [-72.4134907, 41.0601841], [-72.4137696, 41.0596825], [-72.4140486, 41.0600384], [-72.4150142, 41.0600708], [-72.4152502, 41.0609283], [-72.4155935, 41.060362], [-72.4161514, 41.06054], [-72.4194407, 41.0624089], [-72.4205262, 41.0627036], [-72.4200901, 41.0631639], [-72.4200901, 41.0638045], [-72.4207492, 41.0643014], [-72.4206238, 41.0634506], [-72.4214468, 41.062764], [-72.4242788, 41.062957], [-72.424651, 41.0625828], [-72.4205859, 41.061518], [-72.4185655, 41.060027], [-72.418349, 41.0594068], [-72.4190846, 41.0584934], [-72.4213681, 41.0581361], [-72.4249987, 41.0594625], [-72.4229866, 41.058637], [-72.4231138, 41.0572684], [-72.4235897, 41.0566813], [-72.4262778, 41.0559187], [-72.4264404, 41.0555566], [-72.4305076, 41.0552237], [-72.4324023, 41.0557868], [-72.4344477, 41.0556134], [-72.4340579, 41.0552006], [-72.4325344, 41.0555323], [-72.4303671, 41.0545614], [-72.4286613, 41.0549417], [-72.4283287, 41.054699], [-72.4269876, 41.0548284], [-72.4252709, 41.055686], [-72.4219235, 41.0561067], [-72.4203357, 41.0574335], [-72.4185864, 41.0569808], [-72.4182892, 41.0572978], [-72.4174325, 41.0569414], [-72.416825, 41.0561837], [-72.4165122, 41.0545703], [-72.4161743, 41.0544949], [-72.4166348, 41.0561773], [-72.4164958, 41.0564455], [-72.4161241, 41.0562804], [-72.4157051, 41.054488], [-72.41585, 41.053925], [-72.4149452, 41.0514379], [-72.4145202, 41.0520882], [-72.4135126, 41.0524939], [-72.4100367, 41.0516499], [-72.405852, 41.0514363], [-72.4053315, 41.0517309], [-72.3988589, 41.0494615], [-72.3964922, 41.0489925], [-72.3963162, 41.048612], [-72.3908666, 41.0481056], [-72.3896228, 41.0482646], [-72.389472, 41.0479178], [-72.3872975, 41.0482175], [-72.38337, 41.049717], [-72.383432, 41.049317], [-72.386728, 41.045606], [-72.38833, 41.042645], [-72.389275, 41.038934], [-72.38884, 41.037141], [-72.3865006, 41.0349491], [-72.3864718, 41.0343844], [-72.3869832, 41.0328413], [-72.3899772, 41.0308079], [-72.3900512, 41.0302782], [-72.3914748, 41.0305256], [-72.3911509, 41.0302134], [-72.3915264, 41.0297238], [-72.3936775, 41.0295943], [-72.402216, 41.029763], [-72.4149689, 41.0316986], [-72.4158326, 41.0321234], [-72.4198023, 41.0324634], [-72.4203387, 41.0328599], [-72.4227795, 41.0330461], [-72.4254726, 41.0343733], [-72.4249581, 41.0346262], [-72.4246148, 41.0342681], [-72.4227641, 41.03374], [-72.4217127, 41.0339161], [-72.4202535, 41.0334952], [-72.4189285, 41.0336186], [-72.4170698, 41.0340496], [-72.4159111, 41.0349054], [-72.4152941, 41.0358058], [-72.4166406, 41.0357491], [-72.416249, 41.0367526], [-72.4168337, 41.0357835], [-72.4175096, 41.0357511], [-72.4180971, 41.0373231], [-72.4191914, 41.0380676], [-72.4194006, 41.0388445], [-72.4184377, 41.0389153], [-72.4195401, 41.0391358], [-72.4194274, 41.0379523], [-72.4200738, 41.0371936], [-72.4210368, 41.0369205], [-72.4228848, 41.0370561], [-72.4229626, 41.0354173], [-72.4239469, 41.0353546], [-72.4245263, 41.0358968], [-72.4236734, 41.0373171], [-72.4231235, 41.0377864], [-72.422005, 41.0380049], [-72.422579, 41.0388364], [-72.4237183, 41.0390741], [-72.4246785, 41.038277], [-72.4253678, 41.0390802], [-72.4247328, 41.0396396], [-72.424647, 41.0407118], [-72.4255724, 41.0392694], [-72.4262671, 41.0396173], [-72.4259612, 41.0409453], [-72.4264025, 41.0396497], [-72.4272783, 41.0397772], [-72.4259452, 41.0393179], [-72.4254188, 41.0387444], [-72.4260196, 41.0384955], [-72.4269369, 41.0392259], [-72.4279106, 41.039329], [-72.4281037, 41.0400695], [-72.428262, 41.0393048], [-72.4305499, 41.0394079], [-72.4304345, 41.0390782], [-72.4296567, 41.0392198], [-72.4290452, 41.0389042], [-72.4304453, 41.0389568], [-72.4315772, 41.0394201], [-72.4312902, 41.0389527], [-72.4292624, 41.0387666], [-72.4278388, 41.0381951], [-72.426825, 41.0371936], [-72.4268223, 41.0355589], [-72.4258191, 41.035304], [-72.4259184, 41.0349884], [-72.4292336, 41.0351239], [-72.4299015, 41.0341346], [-72.4294911, 41.0340415], [-72.4286033, 41.0345777], [-72.4281848, 41.0343045], [-72.4262644, 41.0347173], [-72.4258339, 41.034557], [-72.4286401, 41.0335802], [-72.4311039, 41.0339541], [-72.4334124, 41.0347516], [-72.4372518, 41.0344836], [-72.4375238, 41.034187], [-72.4368199, 41.033737], [-72.4376272, 41.0330326], [-72.4382196, 41.0312729], [-72.443598, 41.027395], [-72.44646, 41.02466], [-72.447161, 41.023188], [-72.4479387, 41.0195047], [-72.4485879, 41.0183388], [-72.4497187, 41.0186147], [-72.4499884, 41.018994], [-72.4504384, 41.0187132], [-72.4513991, 41.0188797], [-72.449842, 41.0195329], [-72.4499408, 41.0199164], [-72.4512157, 41.0192158], [-72.4510627, 41.0197672], [-72.4516439, 41.0199927], [-72.4516154, 41.0203804], [-72.4522316, 41.0203502], [-72.4524194, 41.0198399], [-72.4533515, 41.0202593], [-72.4534417, 41.0211353], [-72.4541009, 41.0212452], [-72.454521, 41.0204991], [-72.4543761, 41.0199851], [-72.4538772, 41.0195561], [-72.4530136, 41.0194306], [-72.4524557, 41.0182083], [-72.4514901, 41.0178521], [-72.4510234, 41.017071], [-72.450562, 41.0169981], [-72.4504762, 41.0173118], [-72.4516449, 41.0184923], [-72.4481448, 41.018093], [-72.4444556, 41.0087981], [-72.4356763, 40.9906296], [-72.4313886, 40.9793947], [-72.4355381, 40.9878567], [-72.4390674, 40.9905652], [-72.4414461, 40.9921113], [-72.4432831, 40.9928971], [-72.4430326, 40.9930446], [-72.4455342, 40.9946817], [-72.4471619, 40.995027], [-72.4469449, 40.9955558], [-72.4502914, 40.9975587], [-72.4529013, 40.9983415], [-72.4536669, 40.9998429], [-72.4559181, 41.0010202], [-72.4565674, 41.0023222], [-72.4563583, 41.003114], [-72.455221, 41.0034134], [-72.4539264, 41.0024359], [-72.4535056, 41.0002289], [-72.4532701, 41.0002249], [-72.4535914, 41.0022669], [-72.4529883, 41.0033266], [-72.4537304, 41.004996], [-72.4556282, 41.006385], [-72.459989, 41.0078357], [-72.4598888, 41.0088494], [-72.455375, 41.0075805], [-72.4550922, 41.0078864], [-72.4553919, 41.0080144], [-72.4553173, 41.0084648], [-72.4540809, 41.0092137], [-72.4538283, 41.0105612], [-72.4532765, 41.0108526], [-72.4534268, 41.0118736], [-72.4531968, 41.0122783], [-72.451984, 41.0119247], [-72.451812, 41.0122067], [-72.4508153, 41.0121473], [-72.4507694, 41.0114078], [-72.4504277, 41.0112364], [-72.4506344, 41.0120632], [-72.4494169, 41.0117358], [-72.4480367, 41.0119961], [-72.4477527, 41.0126959], [-72.448261, 41.0140579], [-72.4504019, 41.0154925], [-72.4511408, 41.0151701], [-72.4530249, 41.0151628], [-72.4531903, 41.0155223], [-72.4537715, 41.0153314], [-72.4535821, 41.0149373], [-72.4522215, 41.0150534], [-72.4527803, 41.0147985], [-72.4522695, 41.0148995], [-72.4521123, 41.0143739], [-72.4513574, 41.013962], [-72.4511868, 41.0135181], [-72.45225, 41.0128733], [-72.4524331, 41.0131458], [-72.4525727, 41.0128425], [-72.4533641, 41.0130635], [-72.4541216, 41.0128088], [-72.4556058, 41.0117381], [-72.455887, 41.0118638], [-72.4557622, 41.0115612], [-72.4562241, 41.0114118], [-72.4564713, 41.011703], [-72.4563714, 41.0113384], [-72.4567659, 41.0111627], [-72.4565741, 41.0113556], [-72.4568702, 41.0113717], [-72.4568141, 41.011095], [-72.4574529, 41.010788], [-72.4591489, 41.011265], [-72.4586745, 41.0121139], [-72.4589401, 41.0125764], [-72.4585047, 41.0128824], [-72.4592801, 41.0132326], [-72.4605753, 41.0163275], [-72.4612545, 41.0164483], [-72.4613524, 41.0160591], [-72.4609646, 41.0154877], [-72.4612034, 41.0137633], [-72.4608937, 41.0135595], [-72.4608351, 41.0125303], [-72.4602318, 41.0119754], [-72.4619011, 41.0112147], [-72.462415, 41.0105459], [-72.4640857, 41.0110537], [-72.463876, 41.0114802], [-72.4642059, 41.0110669], [-72.4651133, 41.0112885], [-72.4658381, 41.0117393], [-72.4656423, 41.0118763], [-72.4660849, 41.0123382], [-72.4651279, 41.012537], [-72.4653711, 41.0130105], [-72.4662013, 41.0125159], [-72.4664922, 41.0130147], [-72.4673459, 41.0131776], [-72.4672609, 41.014468], [-72.4681752, 41.0157102], [-72.4679953, 41.0158258], [-72.4683033, 41.0158598], [-72.4680546, 41.0160551], [-72.4683778, 41.0160199], [-72.468038, 41.0163293], [-72.4684365, 41.0163286], [-72.468521, 41.0168319], [-72.4703024, 41.0185851], [-72.4702766, 41.0192876], [-72.4705572, 41.0192776], [-72.4687126, 41.0213767], [-72.4709292, 41.0191936], [-72.4712215, 41.0197598], [-72.4709886, 41.0201386], [-72.4719049, 41.0206061], [-72.4717536, 41.0216301], [-72.4722449, 41.0210854], [-72.4732403, 41.0213424], [-72.4734046, 41.021687], [-72.4740148, 41.0219423], [-72.4746244, 41.0219637], [-72.474743, 41.0217519], [-72.4734687, 41.0215936], [-72.473569, 41.020671], [-72.4726472, 41.0208127], [-72.4726162, 41.0204037], [-72.4716754, 41.0198185], [-72.4713937, 41.0184181], [-72.4705627, 41.0176516], [-72.4708183, 41.0167886], [-72.469715, 41.0154887], [-72.4712669, 41.0143154], [-72.4735601, 41.0144017], [-72.4718771, 41.0140134], [-72.4712334, 41.0141694], [-72.4693636, 41.0132697], [-72.4691708, 41.0123222], [-72.4680242, 41.0118101], [-72.4676926, 41.0105674], [-72.4688205, 41.0096465], [-72.4684787, 41.0095466], [-72.4678083, 41.0100794], [-72.4668887, 41.0100183], [-72.4666768, 41.0103214], [-72.4655207, 41.0099061], [-72.4636324, 41.0102042], [-72.4625754, 41.0095874], [-72.4621934, 41.0082782], [-72.4607195, 41.0086296], [-72.4601892, 41.0076236], [-72.466304, 41.0050105], [-72.4684042, 41.0037718], [-72.4683553, 41.003255], [-72.4698846, 41.0038837], [-72.4711557, 41.0037635], [-72.4702522, 41.0042063], [-72.4704955, 41.004406], [-72.4716602, 41.0039807], [-72.4718436, 41.0043439], [-72.4711573, 41.0047343], [-72.4713765, 41.0048683], [-72.4723757, 41.0044966], [-72.4746039, 41.0053064], [-72.4744978, 41.0056154], [-72.4733868, 41.0057064], [-72.473121, 41.0060783], [-72.4743058, 41.0066662], [-72.4745726, 41.007121], [-72.4750126, 41.0096672], [-72.4768251, 41.0100977], [-72.478107, 41.0094104], [-72.4777592, 41.0091444], [-72.47857, 41.008367], [-72.4788905, 41.0072428], [-72.4786861, 41.0069495], [-72.4765408, 41.006664], [-72.4754861, 41.0051995], [-72.4724621, 41.0040701], [-72.472366, 41.0034087], [-72.4719246, 41.0035746], [-72.4710041, 41.0031343], [-72.4707669, 41.0034312], [-72.469802, 41.003379], [-72.4686185, 41.0026349], [-72.4703835, 41.0001295], [-72.4720875, 40.9954519], [-72.4721985, 40.9945798], [-72.4714858, 40.9944819], [-72.471733, 40.9938757], [-72.4712358, 40.9927306], [-72.4701705, 40.9924804], [-72.4699582, 40.9922249], [-72.4698826, 40.9919752], [-72.4702113, 40.9924417], [-72.4707994, 40.9924757], [-72.47038, 40.9918105], [-72.4697686, 40.9918016], [-72.4697035, 40.9914853], [-72.4702952, 40.9916602], [-72.4705923, 40.9911929], [-72.4706818, 40.9907831], [-72.4704025, 40.9906668], [-72.4711494, 40.9907338], [-72.4707808, 40.9903689], [-72.4713072, 40.9903707], [-72.4707176, 40.9901204], [-72.4700782, 40.990546], [-72.4703869, 40.9896091], [-72.4799022, 40.9883204], [-72.4836344, 40.9892751], [-72.4843157, 40.9905452], [-72.4856546, 40.9901579], [-72.491512, 40.9908158], [-72.4954405, 40.9905834], [-72.4990093, 40.988499], [-72.5044955, 40.9868518], [-72.5043836, 40.9861561], [-72.5049844, 40.985343], [-72.5068702, 40.9845797], [-72.5275601, 40.9795958], [-72.5283217, 40.9798531], [-72.5287333, 40.9796733], [-72.5277408, 40.9791218], [-72.5323649, 40.9766457], [-72.534985, 40.9746355], [-72.5352594, 40.9739406], [-72.538317, 40.9713732], [-72.5430569, 40.9648422], [-72.5451227, 40.9600981], [-72.5476989, 40.9559823], [-72.5520108, 40.9539264], [-72.5541561, 40.9521062], [-72.5554859, 40.950406], [-72.5564066, 40.9499301], [-72.5570561, 40.9487838], [-72.5585951, 40.947709], [-72.5623294, 40.9468756], [-72.5673576, 40.943157], [-72.5686879, 40.9412971], [-72.5704334, 40.9396828], [-72.5710637, 40.9394923], [-72.5696978, 40.9439], [-72.5700425, 40.9443594], [-72.5695077, 40.9452927], [-72.5697602, 40.9457039], [-72.5696261, 40.9453924], [-72.5703, 40.9441662], [-72.5708123, 40.9442635], [-72.5710912, 40.9437306], [-72.5719636, 40.9397078], [-72.5709162, 40.9387707], [-72.569956, 40.9386269], [-72.5714574, 40.9376225], [-72.5721228, 40.9366301], [-72.5753483, 40.9347124], [-72.5760771, 40.9334335], [-72.5769548, 40.9333667], [-72.5790472, 40.9347394], [-72.581438, 40.9351042], [-72.5855268, 40.933795], [-72.5878439, 40.9317901], [-72.5897621, 40.9312913], [-72.590248, 40.9303818], [-72.5904938, 40.9288151], [-72.5924023, 40.9307984], [-72.5940318, 40.9319195], [-72.6003432, 40.9342577], [-72.6025296, 40.9342635], [-72.6037641, 40.9336], [-72.6043466, 40.9341568], [-72.6047651, 40.9337297], [-72.6041674, 40.9332952], [-72.6065664, 40.9322334], [-72.6089944, 40.9339339], [-72.6093815, 40.9346636], [-72.6091335, 40.9346617], [-72.6090405, 40.9356952], [-72.6093516, 40.936607], [-72.6081929, 40.9366313], [-72.6088573, 40.9383847], [-72.6101617, 40.9376647], [-72.6098884, 40.9349752], [-72.610685, 40.932959], [-72.611542, 40.9326033], [-72.6115407, 40.9313177], [-72.6119645, 40.9303166], [-72.614995, 40.9289474], [-72.6149414, 40.9298471], [-72.6157138, 40.9308644], [-72.6161644, 40.9321977], [-72.6155636, 40.9335838], [-72.6166526, 40.9342768], [-72.6171476, 40.9349955], [-72.6172044, 40.935979], [-72.6177517, 40.937229], [-72.6181993, 40.9372942], [-72.6186629, 40.9391325], [-72.6190987, 40.9387232], [-72.619366, 40.9365224], [-72.6196991, 40.936373], [-72.6189392, 40.9365176], [-72.6186206, 40.9355436], [-72.6188996, 40.9349521], [-72.6182699, 40.9337695], [-72.6170657, 40.9334541], [-72.6167277, 40.9320478], [-72.6169584, 40.9299484], [-72.6180027, 40.9300366], [-72.6186405, 40.9328781], [-72.6199058, 40.9333185], [-72.620456, 40.932988], [-72.6203648, 40.931683], [-72.621207, 40.9310305], [-72.6210568, 40.9305158], [-72.6215771, 40.9301511], [-72.6226393, 40.9305847], [-72.6241351, 40.9306812], [-72.6252786, 40.9318249], [-72.6262388, 40.9314642], [-72.6285723, 40.9314804], [-72.6305196, 40.9321532], [-72.6320016, 40.9319322], [-72.6258987, 40.9306168], [-72.6255768, 40.9302723], [-72.6219258, 40.9292067], [-72.6201609, 40.9291662], [-72.6198659, 40.9286555], [-72.6193241, 40.9284853], [-72.6192329, 40.9278287], [-72.618616, 40.927618], [-72.6194689, 40.9273789], [-72.620295, 40.9264061], [-72.6192007, 40.9258427], [-72.6176772, 40.927314], [-72.6178167, 40.927999], [-72.6173553, 40.9284286], [-72.6159767, 40.9286596], [-72.6147524, 40.9280492], [-72.6143566, 40.9270749], [-72.6156334, 40.9259562], [-72.6180634, 40.9259927], [-72.6188198, 40.9238121], [-72.6202253, 40.9225961], [-72.6236049, 40.9217814], [-72.6255683, 40.9224623], [-72.6259545, 40.9229406], [-72.6266036, 40.9228717], [-72.6283129, 40.9237272], [-72.6283725, 40.9240788], [-72.6286197, 40.9238633], [-72.6296447, 40.9242556], [-72.6326821, 40.9243451], [-72.6338777, 40.9239945], [-72.6341284, 40.9236096], [-72.6314477, 40.9238931], [-72.6291141, 40.9235446], [-72.6265553, 40.9221948], [-72.6256863, 40.922057], [-72.6254878, 40.9215503], [-72.627352, 40.9208876], [-72.6290126, 40.9196057], [-72.6316238, 40.9185175], [-72.6318995, 40.9192166], [-72.6397979, 40.9180301], [-72.6427991, 40.9185245], [-72.644524, 40.9181074], [-72.6456179, 40.9184427], [-72.6465465, 40.9174224], [-72.647754, 40.9170904], [-72.6494818, 40.9170357], [-72.6504701, 40.9174458], [-72.6506484, 40.9165546], [-72.6499603, 40.9165249], [-72.6497624, 40.9159801], [-72.6496708, 40.9165359], [-72.6472154, 40.9163867], [-72.645615, 40.9170995], [-72.6425006, 40.9174751], [-72.6429429, 40.9169718], [-72.6444862, 40.9166794], [-72.6448309, 40.9156334], [-72.6438534, 40.9164957], [-72.6414972, 40.9168669], [-72.6391909, 40.9166437], [-72.6391299, 40.9161261], [-72.6341199, 40.9161494], [-72.6341382, 40.9156363], [-72.6334451, 40.9155714], [-72.6300255, 40.9168542], [-72.628802, 40.9181575], [-72.6275224, 40.9187626], [-72.6232654, 40.9187868], [-72.6177931, 40.9193895], [-72.6134539, 40.9188043], [-72.6142714, 40.9185277], [-72.6171507, 40.9188781], [-72.6182, 40.9187306], [-72.6184214, 40.9180586], [-72.6195147, 40.9176455], [-72.6204656, 40.916371], [-72.6202514, 40.9160328], [-72.6183716, 40.9155758], [-72.618729, 40.9154919], [-72.6188124, 40.9149341], [-72.6196875, 40.9145384], [-72.6207812, 40.9151167], [-72.6218397, 40.9146094], [-72.6221228, 40.914259], [-72.6213505, 40.9134317], [-72.621431, 40.9131123], [-72.6218704, 40.9128664], [-72.622699, 40.9130995], [-72.6248469, 40.9120238], [-72.6256277, 40.9120071], [-72.6258418, 40.9115521], [-72.6270621, 40.9108972], [-72.6256717, 40.9113811], [-72.6243704, 40.9105459], [-72.6225373, 40.9118148], [-72.6217747, 40.9100346], [-72.6202649, 40.9097036], [-72.6198908, 40.9103733], [-72.6193579, 40.9106017], [-72.6180912, 40.9101717], [-72.617751, 40.9094874], [-72.6180159, 40.9083198], [-72.6176582, 40.9081091], [-72.6190351, 40.9058883], [-72.6190441, 40.9050552], [-72.619514, 40.9048162], [-72.6208783, 40.9054717], [-72.6210635, 40.9052293], [-72.620282, 40.9044406], [-72.6192339, 40.904304], [-72.6190532, 40.9046284], [-72.618123, 40.9048321], [-72.6174449, 40.9039148], [-72.6172706, 40.9041758], [-72.6181813, 40.9053352], [-72.6176816, 40.9057255], [-72.6162989, 40.9050156], [-72.6161665, 40.9039472], [-72.6158421, 40.903893], [-72.6155723, 40.9046196], [-72.6161106, 40.905863], [-72.6146804, 40.9063019], [-72.6141443, 40.9070095], [-72.6125342, 40.9073872], [-72.6123233, 40.9060945], [-72.6128248, 40.9051671], [-72.6122866, 40.905187], [-72.6121966, 40.9058951], [-72.6115771, 40.9064926], [-72.6122752, 40.9068211], [-72.6120071, 40.9076178], [-72.6123631, 40.9077576], [-72.6119793, 40.9082153], [-72.6126257, 40.9098951], [-72.6111601, 40.9100282], [-72.6118233, 40.9116472], [-72.611593, 40.9120908], [-72.610602, 40.9127424], [-72.6085909, 40.9130589], [-72.6083076, 40.9119532], [-72.6080752, 40.9119831], [-72.6082745, 40.9132217], [-72.6073093, 40.9136573], [-72.6064576, 40.9099723], [-72.6069663, 40.9099801], [-72.6069247, 40.9096036], [-72.6062341, 40.9096359], [-72.6069897, 40.9145135], [-72.6034037, 40.9145554], [-72.6020719, 40.915317], [-72.6013979, 40.9150698], [-72.6013957, 40.9147], [-72.6035209, 40.9140823], [-72.6034613, 40.9138582], [-72.6010064, 40.9144743], [-72.6006843, 40.9140437], [-72.6015028, 40.9138739], [-72.601736, 40.9132976], [-72.6030871, 40.913161], [-72.6031205, 40.91288], [-72.6019389, 40.912919], [-72.6014551, 40.9119322], [-72.6004253, 40.9121156], [-72.6003032, 40.9108296], [-72.6008377, 40.9100706], [-72.5998234, 40.9100494], [-72.6002363, 40.9077979], [-72.6000323, 40.9067483], [-72.6006338, 40.9061914], [-72.601285, 40.9042591], [-72.6007805, 40.9043962], [-72.6007011, 40.904739], [-72.6009959, 40.9048332], [-72.6003157, 40.9061099], [-72.5996943, 40.9064233], [-72.599427, 40.9078535], [-72.5996638, 40.9082049], [-72.599148, 40.9089439], [-72.5987852, 40.9107218], [-72.5990062, 40.9115657], [-72.5984867, 40.9121518], [-72.5990176, 40.9127866], [-72.598651, 40.914389], [-72.5984319, 40.9133198], [-72.5966027, 40.9108288], [-72.5968295, 40.9103555], [-72.5964587, 40.9099246], [-72.5951082, 40.9094378], [-72.5948908, 40.9089503], [-72.5938875, 40.9082863], [-72.5961152, 40.9070782], [-72.5932469, 40.9083848], [-72.5932583, 40.9081406], [-72.5927091, 40.9081895], [-72.592673, 40.9079202], [-72.5934453, 40.9076308], [-72.5935927, 40.9070225], [-72.5917618, 40.9060499], [-72.5916371, 40.9055915], [-72.5921132, 40.9053002], [-72.5931392, 40.9059814], [-72.5925616, 40.9050205], [-72.5917901, 40.9051417], [-72.5905516, 40.9044652], [-72.5901434, 40.9035843], [-72.5892761, 40.9032159], [-72.5898089, 40.9020462], [-72.5894038, 40.9014589], [-72.5895255, 40.9011122], [-72.5891825, 40.9007651], [-72.5893413, 40.9004566], [-72.5899195, 40.9005038], [-72.5890295, 40.9002595], [-72.5892251, 40.9014378], [-72.5896439, 40.9020346], [-72.588987, 40.9032459], [-72.5900508, 40.9040172], [-72.589174, 40.9046104], [-72.5898143, 40.9068022], [-72.5893462, 40.9069136], [-72.5892477, 40.9075923], [-72.5895355, 40.908736], [-72.5901728, 40.9089758], [-72.5905062, 40.9089053], [-72.5903701, 40.9080956], [-72.5906989, 40.9077208], [-72.5903815, 40.9076308], [-72.5904892, 40.9073995], [-72.591141, 40.9074509], [-72.5913394, 40.9081792], [-72.59109, 40.9091045], [-72.5901717, 40.9097986], [-72.5894291, 40.9090446], [-72.5887092, 40.9090103], [-72.587944, 40.9080935], [-72.5887999, 40.9076137], [-72.5878589, 40.9074509], [-72.5873091, 40.9087104], [-72.5877002, 40.9094644], [-72.587071, 40.9096615], [-72.5864361, 40.9092802], [-72.5852004, 40.9091988], [-72.5839419, 40.9083291], [-72.5865948, 40.9083955], [-72.5856482, 40.9077572], [-72.5849339, 40.9081513], [-72.5851169, 40.9073306], [-72.5847185, 40.9068961], [-72.5830916, 40.9067804], [-72.5827118, 40.9072174], [-72.5820059, 40.9068532], [-72.5820711, 40.9045633], [-72.5831564, 40.9031561], [-72.5824735, 40.9019112], [-72.5827966, 40.9017013], [-72.5823488, 40.9015642], [-72.5821674, 40.9007715], [-72.5821221, 40.8997775], [-72.5824339, 40.8995633], [-72.5825191, 40.8986807], [-72.5821788, 40.8992548], [-72.5816799, 40.898882], [-72.5823261, 40.8994904], [-72.581935, 40.8998675], [-72.5820947, 40.9011558], [-72.5813625, 40.9012942], [-72.5811746, 40.9005222], [-72.5808977, 40.9004545], [-72.580926, 40.8992548], [-72.5802918, 40.8987802], [-72.5807673, 40.8992848], [-72.5808388, 40.9012345], [-72.5803591, 40.9013328], [-72.5793445, 40.9007587], [-72.5777913, 40.9006391], [-72.5770618, 40.8994924], [-72.577645, 40.9006618], [-72.5771419, 40.9010511], [-72.5768446, 40.9006816], [-72.5764365, 40.9005916], [-72.5762097, 40.9006901], [-72.5772862, 40.9011345], [-72.5775067, 40.9007754], [-72.5793943, 40.9009159], [-72.5801692, 40.9015518], [-72.5815168, 40.9017088], [-72.5820405, 40.9028701], [-72.5813474, 40.9035028], [-72.5815751, 40.9037942], [-72.5809175, 40.9040427], [-72.5810592, 40.9044669], [-72.5800885, 40.9058703], [-72.5789305, 40.9058239], [-72.5783156, 40.9063391], [-72.5784743, 40.9072002], [-72.5753113, 40.906986], [-72.5715344, 40.9063764], [-72.5718865, 40.9059982], [-72.574038, 40.9059424], [-72.5722288, 40.9058196], [-72.5705604, 40.9048943], [-72.5695718, 40.905313], [-72.5682962, 40.90514], [-72.5689823, 40.9046233], [-72.5694301, 40.9047989], [-72.5692827, 40.9043148], [-72.5686138, 40.9038478], [-72.5684324, 40.9032951], [-72.5686875, 40.9033551], [-72.5686591, 40.9027767], [-72.5671683, 40.9025153], [-72.5676161, 40.9021126], [-72.5684314, 40.9023981], [-72.5673608, 40.9012341], [-72.566621, 40.8996667], [-72.565915, 40.8991277], [-72.5656284, 40.8977329], [-72.565922, 40.8974846], [-72.564194, 40.8966267], [-72.5649154, 40.8976906], [-72.5633567, 40.8984937], [-72.5631679, 40.8990379], [-72.5622461, 40.8986648], [-72.5643353, 40.8999731], [-72.5642319, 40.9011073], [-72.5652296, 40.9017846], [-72.5663265, 40.9034986], [-72.5676246, 40.9041327], [-72.5679931, 40.9040213], [-72.5672165, 40.9051374], [-72.5672562, 40.905573], [-72.5666269, 40.905343], [-72.5663709, 40.905701], [-72.5666171, 40.9064091], [-72.5671829, 40.9065575], [-72.5663497, 40.907348], [-72.5657285, 40.9071681], [-72.5655301, 40.9068339], [-72.5659042, 40.9066112], [-72.5656741, 40.9063255], [-72.5653487, 40.9068082], [-72.5655698, 40.9073052], [-72.5646401, 40.9080035], [-72.5648839, 40.9083891], [-72.5652977, 40.9082948], [-72.5657196, 40.907403], [-72.5662271, 40.9076618], [-72.5667318, 40.9074808], [-72.5669746, 40.9068922], [-72.5675651, 40.9067825], [-72.5675167, 40.9060627], [-72.5687102, 40.906307], [-72.5712429, 40.9054675], [-72.5716546, 40.9058196], [-72.5690113, 40.9075062], [-72.5655771, 40.9108712], [-72.5639636, 40.9149317], [-72.5645193, 40.915986], [-72.5657853, 40.9163508], [-72.5673786, 40.9161988], [-72.5681752, 40.9165697], [-72.5693017, 40.9178061], [-72.566531, 40.9171899], [-72.5597825, 40.9142672], [-72.5567758, 40.914026], [-72.5551048, 40.9142733], [-72.5536456, 40.913501], [-72.5518244, 40.9142043], [-72.551111, 40.9141192], [-72.5466228, 40.9120673], [-72.542411, 40.9112452], [-72.5372543, 40.909243], [-72.5265362, 40.9035703], [-72.5242339, 40.903087], [-72.5241633, 40.9024271], [-72.5226238, 40.9016347], [-72.5093952, 40.8972718], [-72.5072682, 40.8968582], [-72.5040937, 40.8967705], [-72.5035577, 40.8969248], [-72.5036516, 40.8973654], [-72.5028211, 40.8974576], [-72.5023619, 40.8955342], [-72.5011696, 40.8951937], [-72.4954262, 40.8947754], [-72.4908474, 40.8950433], [-72.4855596, 40.8960115], [-72.4788367, 40.8979369], [-72.4766762, 40.8974296], [-72.4744845, 40.8975456], [-72.4716352, 40.8970318], [-72.4698984, 40.8961014], [-72.4693275, 40.8951568], [-72.4689801, 40.8952855], [-72.4692868, 40.8958076], [-72.4689994, 40.8964558], [-72.4701482, 40.8969266], [-72.4701737, 40.8976348], [-72.4696955, 40.8980423], [-72.4677879, 40.8975853], [-72.4666975, 40.898026], [-72.4647012, 40.8969359], [-72.4638139, 40.8968749], [-72.4616901, 40.8980153], [-72.4621426, 40.8970681], [-72.4618053, 40.8965091], [-72.4610806, 40.897027], [-72.4583266, 40.8967648], [-72.4556211, 40.8979636], [-72.4520269, 40.901977], [-72.4526782, 40.9027652], [-72.4538181, 40.9024356], [-72.4572302, 40.9025379], [-72.4598617, 40.9017005], [-72.4608967, 40.9016907], [-72.4613028, 40.9022971], [-72.4624425, 40.9027616], [-72.4651864, 40.9028724], [-72.4656382, 40.9037747], [-72.4654731, 40.9040478], [-72.4661244, 40.9044571], [-72.4665718, 40.9040391], [-72.4662459, 40.9038994], [-72.4662877, 40.903313], [-72.4671986, 40.9034561], [-72.4674727, 40.9032098], [-72.4670001, 40.9024632], [-72.4684152, 40.9022762], [-72.4690287, 40.9016703], [-72.4682795, 40.8999799], [-72.4697869, 40.8987488], [-72.472041, 40.8977743], [-72.4746913, 40.8980747], [-72.4775583, 40.8979288], [-72.4773164, 40.898447], [-72.4736691, 40.9001017], [-72.470627, 40.9020611], [-72.4654203, 40.9058531], [-72.457981, 40.9122569], [-72.4534505, 40.9169014], [-72.451952, 40.9175373], [-72.4510195, 40.9174204], [-72.4490548, 40.9218835], [-72.4482436, 40.9232375], [-72.4475954, 40.9233887], [-72.4482184, 40.9237234], [-72.4484895, 40.9245957], [-72.4473655, 40.927061], [-72.4425066, 40.9457021], [-72.4400634, 40.9465154], [-72.4392041, 40.9471921], [-72.437819, 40.9474577], [-72.4179827, 40.9480941], [-72.4157219, 40.9478253], [-72.4139666, 40.9485689], [-72.4097107, 40.9495677], [-72.4051532, 40.9518048], [-72.401586, 40.9545849], [-72.4009378, 40.9566476], [-72.401247, 40.9576696], [-72.3992398, 40.9583484], [-72.3991952, 40.9591177], [-72.3985786, 40.9599984], [-72.3916669, 40.9664041], [-72.3833597, 40.9766506], [-72.3765607, 40.9858619], [-72.3727011, 40.991768], [-72.3717912, 40.9939889], [-72.3708314, 40.9999676], [-72.3717166, 41.0062222], [-72.3744618, 41.0122703], [-72.3751708, 41.0144726], [-72.3757694, 41.0180072], [-72.3771796, 41.0217479], [-72.3762698, 41.0205175], [-72.3749184, 41.0172742], [-72.3711759, 41.0121443], [-72.3701133, 41.0077495], [-72.3681871, 41.0034156], [-72.36736, 40.9968162], [-72.3666352, 40.9960952], [-72.3649851, 40.9960763], [-72.3644829, 40.9964196], [-72.3610679, 40.9961877], [-72.3598528, 40.9969338], [-72.3575492, 40.9968832], [-72.3501737, 40.9979367], [-72.3498228, 40.9974716], [-72.3503211, 40.9967096], [-72.3514834, 40.9964925], [-72.3505957, 40.9947535], [-72.3495178, 40.9941433], [-72.3492867, 40.9936856], [-72.3490394, 40.9941875], [-72.3483375, 40.9943751], [-72.3484513, 40.9947671], [-72.347414, 40.9948736], [-72.3466465, 40.9955271], [-72.34585, 40.9955767], [-72.3461295, 40.9969608], [-72.3464987, 40.9969006], [-72.3466021, 40.9974023], [-72.3461701, 40.9980829], [-72.3461803, 40.9995783], [-72.3466462, 41.0001877], [-72.3482139, 41.000023], [-72.3479051, 40.9984393], [-72.3485107, 40.9978242], [-72.3474941, 40.9976931], [-72.3475688, 40.9971547], [-72.3479121, 40.996419], [-72.3489809, 40.9959514], [-72.3494116, 40.9963298], [-72.3495947, 40.9982785], [-72.3490672, 40.9999554], [-72.3483179, 41.0005972], [-72.347316, 41.000883], [-72.3438353, 41.0011213], [-72.3420478, 41.00033], [-72.3412232, 40.9995394], [-72.3382454, 40.9986743], [-72.3364627, 40.9967549], [-72.3342749, 40.995401], [-72.3326448, 40.9951002], [-72.3300272, 40.9953724], [-72.3256236, 40.997171], [-72.3217971, 41.0000756], [-72.3178135, 41.0048118], [-72.3167092, 41.0082341], [-72.3164694, 41.0099796], [-72.3174079, 41.0106586], [-72.3177926, 41.0119074], [-72.3207994, 41.0141959], [-72.3235123, 41.0180376], [-72.3243809, 41.0186395], [-72.3262462, 41.0223867], [-72.3283548, 41.0235171], [-72.3301228, 41.0252494], [-72.3322211, 41.0303852], [-72.3326782, 41.0329354], [-72.3325123, 41.0335004], [-72.3316641, 41.0347658], [-72.3296719, 41.034769], [-72.3280527, 41.0353348], [-72.326048, 41.0370812], [-72.3242182, 41.0374825], [-72.3209705, 41.0374581], [-72.3197386, 41.0386985], [-72.319217, 41.0382939], [-72.3173931, 41.0385755], [-72.3157145, 41.0395284], [-72.3144598, 41.0398063], [-72.3129771, 41.0408566], [-72.3105408, 41.0396076], [-72.3095411, 41.038609], [-72.3104517, 41.0376925], [-72.3103798, 41.0374186], [-72.3100047, 41.0374217], [-72.3096919, 41.0383946], [-72.3092092, 41.0385972], [-72.306504, 41.0353257], [-72.3057491, 41.0306152], [-72.3037596, 41.0250279], [-72.3029639, 41.0239073], [-72.3019088, 41.0237383], [-72.3020159, 41.0229102], [-72.2992211, 41.020232], [-72.2977832, 41.0183745], [-72.2976326, 41.0145173], [-72.2979989, 41.0141659], [-72.2982805, 41.0121459], [-72.3000942, 41.0094983], [-72.3006358, 41.0094425], [-72.3002013, 41.0102894], [-72.3014538, 41.0106919], [-72.3012784, 41.0109907], [-72.3000117, 41.0110293], [-72.299439, 41.0113928], [-72.2999391, 41.0122994], [-72.3021971, 41.0125715], [-72.3033324, 41.0122564], [-72.3043278, 41.0126041], [-72.3048863, 41.0119935], [-72.3042851, 41.0115697], [-72.3044529, 41.0112466], [-72.3041231, 41.0109319], [-72.3028979, 41.0106851], [-72.3027415, 41.0103873], [-72.3017685, 41.0105401], [-72.3004573, 41.009872], [-72.3006911, 41.0095632], [-72.3006075, 41.0088518], [-72.2992247, 41.0050933], [-72.2996204, 41.0045112], [-72.2990494, 41.00372], [-72.2990449, 41.0029905], [-72.3004614, 41.003206], [-72.3009281, 41.0043116], [-72.3025421, 41.005623], [-72.3044988, 41.0065312], [-72.3096163, 41.0073281], [-72.3109468, 41.0070078], [-72.3133882, 41.0070572], [-72.3132637, 41.0073493], [-72.3136385, 41.0071986], [-72.3145167, 41.0075288], [-72.3149677, 41.0081159], [-72.3142493, 41.0086219], [-72.3136572, 41.0084172], [-72.3154287, 41.0092459], [-72.3163844, 41.0077726], [-72.3165568, 41.0067674], [-72.3154136, 41.0067529], [-72.3122197, 41.004666], [-72.3111434, 41.0054909], [-72.3102046, 41.0051127], [-72.3098368, 41.0044372], [-72.3100545, 41.0040016], [-72.3110465, 41.0039041], [-72.3119227, 41.0043704], [-72.3123041, 41.0041235], [-72.3103134, 41.001601], [-72.3116456, 41.0010858], [-72.3139639, 41.0007532], [-72.3159728, 40.9997703], [-72.316722, 41.0002153], [-72.316873, 41.0016677], [-72.3174703, 41.0029982], [-72.3174787, 41.0019746], [-72.3182703, 41.0016866], [-72.3209106, 40.9991073], [-72.3221172, 40.9971799], [-72.3260369, 40.9950622], [-72.3291347, 40.9944281], [-72.3286626, 40.9924343], [-72.3279198, 40.9917892], [-72.3280805, 40.9913421], [-72.3264614, 40.9899958], [-72.3257298, 40.9905215], [-72.3266953, 40.99152], [-72.3270372, 40.9933352], [-72.3267221, 40.9939148], [-72.3235765, 40.9950285], [-72.3225095, 40.9958598], [-72.3215912, 40.9959019], [-72.3203343, 40.9951667], [-72.3204964, 40.9943804], [-72.3196727, 40.9941736], [-72.3191363, 40.9932304], [-72.3188961, 40.9930324], [-72.3185705, 40.9932749], [-72.319266, 40.9935874], [-72.3196241, 40.9942392], [-72.3179364, 40.9942689], [-72.3165235, 40.9934541], [-72.3151857, 40.9932717], [-72.3138027, 40.9917974], [-72.310608, 40.9905385], [-72.310652, 40.9902971], [-72.3094952, 40.9896356], [-72.3084303, 40.9895852], [-72.3074425, 40.9890866], [-72.3047212, 40.9893568], [-72.3047841, 40.989756], [-72.3039206, 40.9897482], [-72.3049742, 40.9900007], [-72.3052203, 40.9895313], [-72.3069782, 40.9893278], [-72.3076369, 40.9895491], [-72.3076222, 40.9898917], [-72.3079449, 40.9896081], [-72.3084837, 40.9898548], [-72.3084576, 40.9902454], [-72.3089571, 40.9899948], [-72.3104738, 40.9911782], [-72.3106103, 40.9916957], [-72.3117845, 40.9928201], [-72.3103634, 40.9924446], [-72.3092902, 40.9912193], [-72.3087397, 40.9911026], [-72.3068916, 40.9918029], [-72.3063623, 40.99269], [-72.3070312, 40.9933789], [-72.3088296, 40.9933192], [-72.3086212, 40.9944564], [-72.3066978, 40.9941284], [-72.3054115, 40.9942959], [-72.3045649, 40.9928599], [-72.3050578, 40.9926318], [-72.3050224, 40.9923369], [-72.3013228, 40.9935232], [-72.3005017, 40.9931001], [-72.3010833, 40.993725], [-72.3013452, 40.9936146], [-72.3015492, 40.9953975], [-72.3026243, 40.996507], [-72.3054302, 40.9982258], [-72.3067377, 40.9982258], [-72.3075931, 40.9977311], [-72.3075832, 40.9968458], [-72.308177, 40.9964034], [-72.3086827, 40.9962194], [-72.3089951, 40.9967183], [-72.3086556, 40.9970168], [-72.3092516, 40.997044], [-72.3088934, 40.9961052], [-72.3101661, 40.9959339], [-72.3105301, 40.9964517], [-72.3109249, 40.996237], [-72.3107708, 40.9959392], [-72.3127074, 40.9952025], [-72.3128139, 40.9947731], [-72.3123966, 40.9944866], [-72.3128605, 40.993551], [-72.3147333, 40.9946674], [-72.3149374, 40.996348], [-72.3144895, 40.9973989], [-72.3150503, 40.997849], [-72.3152173, 40.9984416], [-72.3149302, 40.9995183], [-72.3141283, 40.9999422], [-72.3130312, 40.9994229], [-72.3118989, 40.9994114], [-72.3093724, 40.998674], [-72.3075899, 40.9992873], [-72.3073624, 40.9985145], [-72.3067255, 40.9983373], [-72.3068603, 40.9996567], [-72.3051032, 41.0009842], [-72.303597, 41.0016534], [-72.3029595, 41.0013863], [-72.3017008, 41.0015268], [-72.3024874, 41.0012392], [-72.3024217, 41.0008522], [-72.3017101, 41.0009655], [-72.3016931, 41.0013375], [-72.3002498, 41.0005717], [-72.299134, 41.0007918], [-72.2984817, 41.0012561], [-72.2987802, 41.0016233], [-72.2979786, 41.0020461], [-72.2978078, 41.0032254], [-72.2959515, 41.0030279], [-72.2956811, 41.0047537], [-72.295328, 41.0047377], [-72.2954154, 41.0031702], [-72.2941693, 41.002938], [-72.2943713, 41.0026332], [-72.2923398, 41.0020323], [-72.2931426, 41.0018532], [-72.2922977, 41.0015332], [-72.2922603, 41.0019807], [-72.2889977, 41.0020981], [-72.2884481, 41.0026364], [-72.2881611, 41.0021763], [-72.2865595, 41.0015541], [-72.2818714, 41.000413], [-72.2784561, 41.0002939], [-72.2751062, 41.0006771], [-72.2717688, 41.0022199], [-72.2706139, 41.0021748], [-72.2676507, 41.004672], [-72.2658166, 41.0083665], [-72.2657629, 41.0099488], [-72.2653919, 41.0107398], [-72.2640258, 41.0123989], [-72.2627965, 41.0128586], [-72.2601867, 41.013093], [-72.2538128, 41.0123607], [-72.2525859, 41.0118963], [-72.2540898, 41.0112201], [-72.2537782, 41.0105932], [-72.2541359, 41.0095426], [-72.2550782, 41.0089245], [-72.2554282, 41.0082221], [-72.2554533, 41.0076234], [-72.2546903, 41.0064695], [-72.2550705, 41.006025], [-72.2549079, 41.0051931], [-72.2562032, 41.003362], [-72.2572484, 41.0035289], [-72.2575258, 41.0034605], [-72.2561386, 41.0031643], [-72.2560843, 41.0010511], [-72.2550081, 41.0004392], [-72.2550006, 40.9989557], [-72.2540453, 40.9975143], [-72.2548408, 40.9970638], [-72.2560261, 40.9974372], [-72.2558337, 40.9970786], [-72.2564766, 40.9964418], [-72.2561506, 40.9960708], [-72.2562751, 40.9952455], [-72.2568295, 40.9951188], [-72.2564412, 40.9947467], [-72.2568892, 40.9943711], [-72.2553394, 40.9939398], [-72.2551049, 40.9934285], [-72.2548639, 40.9940431], [-72.2559386, 40.9944757], [-72.2550853, 40.9951787], [-72.2554696, 40.99569], [-72.2545968, 40.9963389], [-72.2527731, 40.9967223], [-72.2525842, 40.9976023], [-72.2520696, 40.9974548], [-72.251275, 40.9958374], [-72.2509167, 40.9957539], [-72.2511121, 40.9955523], [-72.2507604, 40.9956703], [-72.2506497, 40.9954196], [-72.2504412, 40.996388], [-72.2510535, 40.996039], [-72.2515811, 40.9977498], [-72.2536068, 40.9989001], [-72.2533918, 41.0004338], [-72.253817, 41.0014416], [-72.2532698, 41.0014335], [-72.2527334, 41.0019922], [-72.2527012, 41.0028424], [-72.252154, 41.0027776], [-72.2515532, 41.0031824], [-72.2510275, 41.0025104], [-72.2499761, 41.0020651], [-72.2502335, 41.0025671], [-72.250019, 41.0032634], [-72.2495254, 41.0033039], [-72.2496542, 41.0036763], [-72.2506412, 41.0040933], [-72.2501048, 41.0044253], [-72.2509161, 41.0044997], [-72.2507012, 41.005065], [-72.2509747, 41.0060972], [-72.2503494, 41.0069033], [-72.2495481, 41.0066168], [-72.2488351, 41.0067875], [-72.248496, 41.0073249], [-72.2492942, 41.0074342], [-72.2489165, 41.0077193], [-72.2493659, 41.0083533], [-72.2485187, 41.0087021], [-72.2489816, 41.0088645], [-72.2490583, 41.0094227], [-72.2474189, 41.0100748], [-72.2471083, 41.0106295], [-72.2475034, 41.0112486], [-72.2487067, 41.011568], [-72.2524349, 41.0115423], [-72.2516606, 41.0120961], [-72.2492108, 41.0127219], [-72.2469571, 41.0140488], [-72.2461878, 41.0149177], [-72.2464217, 41.0152401], [-72.2434859, 41.0182129], [-72.242123, 41.0200969], [-72.2417112, 41.0234901], [-72.2429979, 41.0257881], [-72.2426009, 41.0286912], [-72.2393254, 41.0334912], [-72.2390749, 41.035295], [-72.2405548, 41.0378201], [-72.2407309, 41.0414086], [-72.2416272, 41.0424101], [-72.2433514, 41.0430028], [-72.2444171, 41.0431787], [-72.2508044, 41.041997], [-72.2535503, 41.0406861], [-72.2574931, 41.0399942], [-72.2604811, 41.0402086], [-72.262423, 41.0398728], [-72.2627288, 41.0403705], [-72.2614306, 41.0414589], [-72.2600037, 41.0420658], [-72.2558516, 41.0427536], [-72.2468984, 41.0431258], [-72.241057, 41.0446075], [-72.237418, 41.0444127], [-72.2313983, 41.0447861], [-72.2243502, 41.0428948], [-72.2161526, 41.0395802], [-72.2102896, 41.0353195], [-72.2051726, 41.0329744], [-72.202207, 41.0323848], [-72.1958804, 41.032193], [-72.1908056, 41.0328015], [-72.1880798, 41.0336619], [-72.187761, 41.0331636], [-72.1880375, 41.0328015], [-72.1845614, 41.0307296], [-72.1835743, 41.0295965], [-72.1840464, 41.0280749], [-72.1846353, 41.0280729], [-72.1857991, 41.0290831], [-72.1860494, 41.0285582], [-72.18668, 41.0282222], [-72.1866568, 41.0286593], [-72.1873149, 41.0286353], [-72.1876132, 41.0290615], [-72.1882334, 41.0289819], [-72.1885511, 41.0300897], [-72.1895567, 41.0301492], [-72.1900166, 41.029834], [-72.1900461, 41.0304707], [-72.1903608, 41.0305829], [-72.1926295, 41.0301145], [-72.1930586, 41.0295641], [-72.1951186, 41.0295965], [-72.195934, 41.0302764], [-72.2000254, 41.0300919], [-72.2014867, 41.0312191], [-72.2030312, 41.0309539], [-72.2039085, 41.0301187], [-72.2045599, 41.0283987], [-72.2036722, 41.0252484], [-72.2011167, 41.0209624], [-72.2013413, 41.0198512], [-72.2022491, 41.0185704], [-72.2023201, 41.0178501], [-72.2034143, 41.0176324], [-72.2033912, 41.0179985], [-72.2049286, 41.0189241], [-72.2081214, 41.0195976], [-72.2053677, 41.0181752], [-72.2047506, 41.0172426], [-72.2054359, 41.016274], [-72.2053074, 41.0157894], [-72.2058665, 41.0139979], [-72.2048085, 41.0150776], [-72.2046607, 41.016039], [-72.2024667, 41.0176528], [-72.1972072, 41.0160003], [-72.1956985, 41.015035], [-72.1952023, 41.0144521], [-72.1952559, 41.0130576], [-72.1946149, 41.0115792], [-72.1915022, 41.0081161], [-72.191828, 41.0080281], [-72.1922847, 41.0086115], [-72.1924678, 41.0078672], [-72.1919984, 41.0077295], [-72.19147, 41.0080838], [-72.1919233, 41.0064301], [-72.1907525, 41.005249], [-72.1890667, 41.0047298], [-72.1869665, 41.005076], [-72.1872469, 41.0061812], [-72.1869039, 41.0062889], [-72.1868404, 41.0068549], [-72.1862622, 41.0074963], [-72.1861212, 41.0072131], [-72.186899, 41.0058164], [-72.1866688, 41.0051387], [-72.1851614, 41.0037552], [-72.1850099, 41.0029698], [-72.1864583, 41.0024142], [-72.1878436, 41.0023565], [-72.1870886, 41.0017148], [-72.1849844, 41.0023383], [-72.1850796, 41.0002948], [-72.1857354, 41.000233], [-72.186925, 41.0013525], [-72.187308, 41.0011983], [-72.1875969, 41.0000063], [-72.1892075, 40.9993717], [-72.1871664, 40.9996683], [-72.1867479, 40.9990681], [-72.1870631, 40.9985205], [-72.1846102, 40.9989729], [-72.1846733, 40.9983444], [-72.1843836, 40.9980994], [-72.1845982, 40.9971793], [-72.1845285, 40.9961773], [-72.1845096, 40.9972026], [-72.1839249, 40.998146], [-72.1841677, 40.9985508], [-72.1837948, 40.9988626], [-72.1842092, 40.9996288], [-72.1840188, 41.0008869], [-72.1828437, 41.0012111], [-72.1820601, 41.0000858], [-72.1816631, 41.0004866], [-72.1816189, 41.0002148], [-72.1808069, 41.0000337], [-72.1805795, 41.0015427], [-72.1809215, 41.0021581], [-72.1817718, 41.0023889], [-72.181057, 41.0024617], [-72.180892, 41.0029192], [-72.1817906, 41.0030913], [-72.1820802, 41.002398], [-72.1830619, 41.0020711], [-72.1828152, 41.0028929], [-72.1834589, 41.0040224], [-72.1831048, 41.0052217], [-72.1822143, 41.0051205], [-72.1818335, 41.0056731], [-72.1837365, 41.0056022], [-72.1845118, 41.0068005], [-72.185162, 41.0070371], [-72.1853817, 41.0079949], [-72.1841601, 41.0094318], [-72.1831538, 41.0099219], [-72.1818508, 41.0118593], [-72.1820319, 41.0129524], [-72.1806245, 41.016313], [-72.1808463, 41.0206888], [-72.1778955, 41.0206461], [-72.177825, 41.0210337], [-72.179003, 41.0216685], [-72.1795917, 41.0214323], [-72.1797506, 41.0210269], [-72.1810788, 41.0211239], [-72.181709, 41.0221847], [-72.1812568, 41.0250413], [-72.1805391, 41.0255094], [-72.1803372, 41.0268886], [-72.1810288, 41.0272072], [-72.1813054, 41.0282112], [-72.1802624, 41.0279518], [-72.1799297, 41.0295593], [-72.1811673, 41.0316723], [-72.1812134, 41.0331416], [-72.1803476, 41.0334415], [-72.1775222, 41.0321603], [-72.1773588, 41.0324521], [-72.1797359, 41.0338277], [-72.1794155, 41.0345104], [-72.1797589, 41.0348761], [-72.1804042, 41.0347435], [-72.1813869, 41.0334536], [-72.1830268, 41.0335509], [-72.183511, 41.032403], [-72.1852259, 41.0329471], [-72.1854973, 41.0327947], [-72.1852727, 41.0325446], [-72.185679, 41.0325198], [-72.186928, 41.0333322], [-72.1877131, 41.03466], [-72.183142, 41.036426], [-72.1795065, 41.0386712], [-72.178416, 41.0398556], [-72.1771322, 41.0428913], [-72.1753125, 41.045023], [-72.1750555, 41.0471539], [-72.1738933, 41.047862], [-72.1727312, 41.0479372], [-72.1701176, 41.0490188], [-72.1684176, 41.0499174], [-72.1682111, 41.0503119], [-72.167603, 41.0491671], [-72.1688232, 41.0484171], [-72.1687941, 41.0477033], [-72.1683828, 41.0468526], [-72.1672566, 41.0460326], [-72.1673559, 41.0440543], [-72.1669685, 41.0431622], [-72.1659912, 41.0421763], [-72.1649564, 41.0393873], [-72.1645423, 41.0392892], [-72.1657417, 41.0428758], [-72.1648963, 41.0430568], [-72.1658217, 41.0430529], [-72.1659203, 41.0440701], [-72.1663668, 41.0442199], [-72.165214, 41.0452836], [-72.1659706, 41.0459106], [-72.1658705, 41.0465108], [-72.16664, 41.0472702], [-72.1665809, 41.0482365], [-72.1656038, 41.0487736], [-72.1647376, 41.0503652], [-72.1641652, 41.0501626], [-72.1638614, 41.0508145], [-72.1631021, 41.0510788], [-72.164136, 41.050863], [-72.1660618, 41.0495894], [-72.1657587, 41.05], [-72.1659867, 41.0501881], [-72.1671051, 41.049556], [-72.1674766, 41.0496956], [-72.1681574, 41.05087], [-72.1606586, 41.0538264], [-72.1537203, 41.0518744], [-72.1529878, 41.0513046], [-72.1527578, 41.0505797], [-72.1501072, 41.0480851], [-72.1478566, 41.046537], [-72.1477247, 41.046139], [-72.1410661, 41.0428669], [-72.1382467, 41.0409394], [-72.1372409, 41.0386076], [-72.1361857, 41.0373204], [-72.1360374, 41.0340155], [-72.1350889, 41.031837], [-72.1357224, 41.0286679], [-72.1367679, 41.0264907], [-72.1365041, 41.0250885], [-72.1379985, 41.0238404], [-72.1379271, 41.0249726], [-72.1393447, 41.0257795], [-72.1395856, 41.0272041], [-72.1384647, 41.030071], [-72.138083, 41.0301796], [-72.1385891, 41.0303569], [-72.1390872, 41.0329091], [-72.1376792, 41.0333116], [-72.1367712, 41.03422], [-72.1365743, 41.0367241], [-72.1381505, 41.0379186], [-72.1397338, 41.0380353], [-72.1404068, 41.0387456], [-72.1403295, 41.0394658], [-72.1411554, 41.0404], [-72.1410266, 41.0410016], [-72.1413616, 41.04123], [-72.1412474, 41.0415475], [-72.1418319, 41.0416882], [-72.1418685, 41.0423055], [-72.1430852, 41.0420797], [-72.1426447, 41.0393976], [-72.1428321, 41.0376267], [-72.1438063, 41.0368624], [-72.1431827, 41.0363077], [-72.1419117, 41.0363361], [-72.141492, 41.0357191], [-72.1407232, 41.0355669], [-72.1408122, 41.0345503], [-72.1402221, 41.0336938], [-72.1412901, 41.0325295], [-72.142009, 41.0326551], [-72.1417079, 41.0323238], [-72.1418534, 41.0316152], [-72.1413129, 41.0310757], [-72.1423341, 41.0309122], [-72.1426166, 41.0306492], [-72.1424142, 41.0304398], [-72.1434313, 41.0307547], [-72.1430063, 41.0300739], [-72.1438496, 41.0291931], [-72.1434853, 41.0285997], [-72.1438287, 41.0285973], [-72.1432284, 41.0277751], [-72.1441664, 41.0280703], [-72.1444569, 41.0277178], [-72.1449635, 41.0280195], [-72.1447333, 41.027665], [-72.1450571, 41.0277954], [-72.1451595, 41.0272882], [-72.1470765, 41.0273978], [-72.1480499, 41.0270488], [-72.1485361, 41.0264999], [-72.1480029, 41.0259084], [-72.1460238, 41.0256829], [-72.1453074, 41.0260887], [-72.1443994, 41.0259515], [-72.1437005, 41.0256655], [-72.1438669, 41.0252242], [-72.1427731, 41.0250084], [-72.143329, 41.024565], [-72.143316, 41.0241992], [-72.1439466, 41.0241287], [-72.1442112, 41.0233016], [-72.1452744, 41.0229715], [-72.1448786, 41.0229152], [-72.1450669, 41.0224899], [-72.1457954, 41.0226732], [-72.1460825, 41.0224697], [-72.1456786, 41.0224085], [-72.1462372, 41.0223953], [-72.1469969, 41.0231956], [-72.1493736, 41.0236285], [-72.1513058, 41.0222426], [-72.1528723, 41.0224799], [-72.153178, 41.0227951], [-72.1529975, 41.0225041], [-72.1534477, 41.0223955], [-72.1534782, 41.0218839], [-72.1551378, 41.0215467], [-72.1546466, 41.0211376], [-72.1548185, 41.0206593], [-72.154565, 41.0210442], [-72.1536899, 41.0213034], [-72.1512044, 41.0213423], [-72.1488067, 41.0220061], [-72.1477723, 41.0214925], [-72.1477886, 41.0211498], [-72.1483715, 41.0209724], [-72.1466029, 41.0210285], [-72.1454769, 41.0206266], [-72.1456779, 41.0195281], [-72.1462547, 41.0189706], [-72.1457997, 41.0185331], [-72.1442741, 41.0193936], [-72.1430033, 41.019768], [-72.1429607, 41.0195695], [-72.1423272, 41.0202077], [-72.1422924, 41.0206645], [-72.1421272, 41.0204593], [-72.1416545, 41.020706], [-72.1416524, 41.0203225], [-72.1421658, 41.0202585], [-72.1414436, 41.0203461], [-72.1416057, 41.0202013], [-72.1406447, 41.0196196], [-72.1412318, 41.0193767], [-72.1405702, 41.0193717], [-72.1420025, 41.0186739], [-72.1388676, 41.0193019], [-72.1384396, 41.018851], [-72.1367334, 41.018208], [-72.1375052, 41.0181329], [-72.1383369, 41.0173398], [-72.1381524, 41.0170597], [-72.1371956, 41.0173592], [-72.1372147, 41.0177665], [-72.1369017, 41.0177302], [-72.1366967, 41.0169319], [-72.1364528, 41.0175713], [-72.1354747, 41.0176265], [-72.1353566, 41.017393], [-72.135993, 41.0172691], [-72.1363944, 41.016923], [-72.1359848, 41.0167791], [-72.1359165, 41.0172087], [-72.1356593, 41.0169578], [-72.1372551, 41.0154855], [-72.1366938, 41.015573], [-72.1368306, 41.0148688], [-72.1361876, 41.0145025], [-72.1360144, 41.0132004], [-72.1359516, 41.0138081], [-72.135434, 41.0136043], [-72.1358794, 41.0146603], [-72.1353289, 41.0146527], [-72.1360374, 41.0147318], [-72.1361576, 41.0152547], [-72.1355429, 41.0158236], [-72.1339352, 41.0164011], [-72.1324213, 41.0182767], [-72.132523, 41.0189569], [-72.1330767, 41.0191444], [-72.1338351, 41.0190014], [-72.1367951, 41.0195027], [-72.1359519, 41.0199661], [-72.1371982, 41.021156], [-72.1372162, 41.0217201], [-72.1379937, 41.0220364], [-72.1364446, 41.0221448], [-72.1355441, 41.0217859], [-72.1317302, 41.0194847], [-72.1271716, 41.0153678], [-72.1227234, 41.0084191], [-72.1181647, 41.0036826], [-72.118816, 41.002656], [-72.1185147, 41.0021731], [-72.1160743, 40.999343], [-72.1135385, 40.9973544], [-72.1115273, 40.9964789], [-72.111026, 40.9956693], [-72.1112009, 40.9953041], [-72.1088925, 40.9940457], [-72.1033817, 40.9919547], [-72.0961747, 40.9912296], [-72.0913666, 40.9926556], [-72.0845502, 40.9953175], [-72.0829063, 40.996303], [-72.0832328, 40.9967078], [-72.0829297, 40.9985029], [-72.0833494, 40.9988812], [-72.0805979, 41.0019345], [-72.0805396, 41.0053571], [-72.079945, 41.0065712], [-72.0779164, 41.0082077], [-72.0734514, 41.0091149], [-72.0711237, 41.0092687], [-72.070513, 41.0098407], [-72.0661131, 41.0105632], [-72.0624798, 41.0117321], [-72.0601835, 41.0116341], [-72.0592531, 41.0120276], [-72.0587298, 41.0128219], [-72.0562418, 41.0127946], [-72.0576939, 41.011003], [-72.0579104, 41.0088993], [-72.0585023, 41.0083963], [-72.0584691, 41.0074578], [-72.0578731, 41.0061778], [-72.0580096, 41.0047234], [-72.0583277, 41.0040559], [-72.0597327, 41.003482], [-72.0601825, 41.0027851], [-72.0618521, 41.0017681], [-72.062255, 40.9993811], [-72.0636605, 40.9986752], [-72.0619758, 40.9991987], [-72.0607158, 40.9986518], [-72.0605095, 40.9979315], [-72.0606187, 40.9985442], [-72.0603487, 40.9986804], [-72.0593427, 40.9981124], [-72.0579452, 40.9981749], [-72.0577377, 40.9978113], [-72.0577557, 40.998258], [-72.0570974, 40.9984421], [-72.0480353, 40.999841], [-72.0414802, 41.0015687], [-72.0387988, 41.0030618], [-72.0361341, 41.0057869], [-72.0356121, 41.0067611], [-72.0355881, 41.0076502], [-72.0372928, 41.0098175], [-72.0387326, 41.0125026], [-72.0417373, 41.015391], [-72.0485694, 41.0192653], [-72.0515814, 41.02135], [-72.0544228, 41.0203709], [-72.0552729, 41.018525], [-72.0555642, 41.018484], [-72.0560705, 41.0213222], [-72.0555926, 41.0221663], [-72.0511395, 41.0221764], [-72.0495906, 41.023028], [-72.0482034, 41.0228605], [-72.0424603, 41.0209337], [-72.0355307, 41.0198993], [-72.0273903, 41.0203293], [-72.0214728, 41.0217354], [-72.0177236, 41.023638], [-72.0151825, 41.0256578], [-72.0132586, 41.0287333], [-72.0062958, 41.0341627], [-72.0040541, 41.0370447], [-71.9973531, 41.0412883], [-71.9953392, 41.0435629], [-71.9942797, 41.0460142], [-71.9927315, 41.0475846], [-71.9868748, 41.0486783], [-71.9825254, 41.0482562], [-71.9808033, 41.0476595], [-71.9805417, 41.0458086], [-71.9796252, 41.0440965], [-71.9770914, 41.0428222], [-71.9717118, 41.0409362], [-71.9692183, 41.0408292], [-71.9673965, 41.0412382], [-71.9624463, 41.043439], [-71.9596795, 41.045381], [-71.9576808, 41.0481773], [-71.9570381, 41.0496592], [-71.9570298, 41.050113], [-71.9580974, 41.0513564], [-71.9583035, 41.0536722], [-71.9580731, 41.05535], [-71.9600459, 41.0610247], [-71.9617072, 41.0636004], [-71.9616127, 41.0644684], [-71.960668, 41.0658526], [-71.9596783, 41.0684169], [-71.9602521, 41.0701994], [-71.9588127, 41.0716104], [-71.9553311, 41.0729225], [-71.9506351, 41.0728872], [-71.947519, 41.073378], [-71.9437551, 41.0751009], [-71.9387156, 41.0766497], [-71.938501, 41.0771026], [-71.9390428, 41.0790598], [-71.938222, 41.0764313], [-71.9374818, 41.0751413], [-71.9362001, 41.0754101], [-71.9359098, 41.0757787], [-71.9364196, 41.0764596], [-71.9373369, 41.0795935], [-71.9369558, 41.0786336], [-71.9346974, 41.0784516], [-71.9268921, 41.0798022], [-71.9172096, 41.080475], [-71.9143236, 41.0813323], [-71.9056378, 41.0851043], [-71.9032814, 41.0855458], [-71.9021765, 41.0850339], [-71.9007819, 41.081903], [-71.8978722, 41.078504], [-71.8957336, 41.076662], [-71.893778, 41.0757963], [-71.8905258, 41.0751206], [-71.8868683, 41.0752682], [-71.8799616, 41.0768728], [-71.8765648, 41.0758177], [-71.8702964, 41.0746769], [-71.8667827, 41.0757416], [-71.8643828, 41.0756919], [-71.8613207, 41.0748884], [-71.8603236, 41.0738384], [-71.8579657, 41.0729822], [-71.857451, 41.072104], [-71.8562893, 41.0711957], [-71.8565296, 41.0706251], [-71.8588481, 41.0690065], [-71.8598774, 41.0666381], [-71.8610135, 41.0650813], [-71.8631678, 41.0634778], [-71.8658992, 41.0620078], [-71.8670653, 41.0593676], [-71.8669359, 41.0588827], [-71.8682525, 41.058149], [-71.8702398, 41.0578643], [-71.8729452, 41.0553299], [-71.8733215, 41.0542288], [-71.87327, 41.0523744], [-71.873935, 41.0516071], [-71.8784614, 41.0498232], [-71.8842398, 41.0485628], [-71.8876409, 41.0469001], [-71.8890303, 41.0466937], [-71.8929892, 41.0449581], [-71.8943625, 41.0447113], [-71.8968739, 41.0435123], [-71.8979298, 41.0426236], [-71.9012129, 41.0419034], [-71.9026076, 41.0403376], [-71.9075643, 41.039906], [-71.9091254, 41.039144], [-71.9127776, 41.0394213], [-71.9156592, 41.0392937], [-71.9187384, 41.0387353], [-71.9261853, 41.0363108], [-71.9426716, 41.0317818], [-71.9597818, 41.026213], [-71.9723782, 41.0214193], [-71.979513, 41.0190722], [-72.0287601, 41.0], [-72.0369457, 40.9975505], [-72.0369686, 40.9970378], [-72.0558724, 40.9909766], [-72.0674197, 40.9867497], [-72.0728391, 40.9853349], [-72.0765271, 40.9835454], [-72.0829239, 40.981526], [-72.0861307, 40.9808373], [-72.1108723, 40.9727329], [-72.1846448, 40.9461204], [-72.1882744, 40.9444865], [-72.2071667, 40.9380153], [-72.221416, 40.9322104], [-72.2299497, 40.9299593], [-72.2514273, 40.9216589], [-72.2911659, 40.9050556], [-72.3115964, 40.8978718], [-72.3154554, 40.8959468], [-72.3295041, 40.8905875], [-72.3626435, 40.8785928], [-72.3650162, 40.8774296], [-72.3749764, 40.8743343], [-72.3950233, 40.8665207], [-72.4256269, 40.8563381], [-72.4316224, 40.854609], [-72.4357984, 40.8527736], [-72.4678921, 40.8418643], [-72.4747086, 40.8388227], [-72.474652, 40.8381961], [-72.4747865, 40.8381693], [-72.4749493, 40.8422767], [-72.473994, 40.8433212], [-72.4693601, 40.8454469], [-72.4672527, 40.8471157], [-72.465897, 40.8476657], [-72.4637029, 40.8479004], [-72.4629582, 40.8483471], [-72.4616923, 40.8485212], [-72.4617183, 40.8497219], [-72.4610858, 40.8500862], [-72.4584246, 40.8498664], [-72.4549315, 40.8501207], [-72.4521341, 40.8510415], [-72.4500451, 40.8520822], [-72.4492944, 40.8530035], [-72.4474222, 40.8537825], [-72.4467624, 40.8536121], [-72.4441955, 40.8547888], [-72.4416057, 40.8555292], [-72.4377544, 40.8557623], [-72.4350184, 40.856727], [-72.4348397, 40.8578176], [-72.431796, 40.8570996], [-72.430872, 40.8590655], [-72.4292745, 40.8600874], [-72.427449, 40.8596189], [-72.4267626, 40.8589423], [-72.426402, 40.8590382], [-72.4259913, 40.8601569], [-72.4253074, 40.8604501], [-72.4228664, 40.8600776], [-72.4205287, 40.8612511], [-72.4179907, 40.8618244], [-72.4170156, 40.8626693], [-72.415942, 40.8624785], [-72.4147949, 40.8634153], [-72.4138723, 40.8630636], [-72.4132123, 40.8632645], [-72.4127153, 40.8639731], [-72.412757, 40.8655423], [-72.4125029, 40.8659124], [-72.4130831, 40.8674091], [-72.4128079, 40.8687035], [-72.4136293, 40.8695868], [-72.4128681, 40.8719109], [-72.4131858, 40.8721296], [-72.4136194, 40.8707485], [-72.4148844, 40.869191], [-72.4143411, 40.8681234], [-72.4152471, 40.8672771], [-72.4149992, 40.865933], [-72.4157603, 40.864649], [-72.4160071, 40.8645273], [-72.4168064, 40.8651465], [-72.4162172, 40.8664669], [-72.4178632, 40.8654036], [-72.4175691, 40.8650599], [-72.417831, 40.8647789], [-72.4190565, 40.8653573], [-72.4200063, 40.8678784], [-72.4199067, 40.8690438], [-72.4206833, 40.8706432], [-72.4201533, 40.8710375], [-72.4194145, 40.8724496], [-72.4184207, 40.8732585], [-72.4175888, 40.8734551], [-72.4188948, 40.8736745], [-72.4193778, 40.8741146], [-72.4189079, 40.8747492], [-72.419908, 40.8753345], [-72.419817, 40.8763155], [-72.4200977, 40.8768145], [-72.4207863, 40.8770319], [-72.4210773, 40.8779129], [-72.4205356, 40.8782684], [-72.4191516, 40.8804528], [-72.4216424, 40.8787671], [-72.4224716, 40.8816938], [-72.4229352, 40.8814023], [-72.4226649, 40.8793773], [-72.4230723, 40.8784275], [-72.4225448, 40.877219], [-72.4216201, 40.8765497], [-72.4213855, 40.875612], [-72.4217327, 40.8742908], [-72.4215016, 40.8733765], [-72.4219876, 40.8727625], [-72.4216759, 40.8718325], [-72.4225798, 40.8711489], [-72.4228221, 40.8701909], [-72.4246913, 40.8694878], [-72.4247002, 40.8682344], [-72.423623, 40.8658697], [-72.4251371, 40.8640785], [-72.425286, 40.8619171], [-72.4259778, 40.8609037], [-72.4264991, 40.8609142], [-72.4267101, 40.8614401], [-72.4270721, 40.8610283], [-72.4292509, 40.862843], [-72.4309481, 40.8632728], [-72.4322599, 40.8630066], [-72.4331544, 40.862119], [-72.4352359, 40.8628893], [-72.4357211, 40.8637789], [-72.4365061, 40.8643095], [-72.4362869, 40.864666], [-72.436572, 40.8657223], [-72.436273, 40.8665654], [-72.4357526, 40.8669232], [-72.4361657, 40.8670817], [-72.4359523, 40.8676537], [-72.4363142, 40.8676613], [-72.4375735, 40.8664026], [-72.4367278, 40.8655214], [-72.4365347, 40.8646352], [-72.4386595, 40.8658727], [-72.4396519, 40.8680302], [-72.439955, 40.8711149], [-72.4408474, 40.8735181], [-72.4411188, 40.874573], [-72.4409634, 40.8754382], [-72.4413305, 40.876053], [-72.4409071, 40.8766754], [-72.4407243, 40.8765375], [-72.4406876, 40.8758898], [-72.4409222, 40.8758092], [-72.4405513, 40.8750559], [-72.4401365, 40.8753055], [-72.44, 40.8764884], [-72.4396621, 40.8765775], [-72.4391339, 40.8760528], [-72.4396979, 40.8749561], [-72.4385809, 40.8753272], [-72.4388748, 40.876058], [-72.4382587, 40.8764807], [-72.4388037, 40.8766243], [-72.438906, 40.8771143], [-72.4394189, 40.8771375], [-72.4399501, 40.8766476], [-72.4402971, 40.8773483], [-72.4389828, 40.8791519], [-72.4382618, 40.8789363], [-72.4376359, 40.8793454], [-72.4379351, 40.8799062], [-72.4373015, 40.8807016], [-72.4384776, 40.8813747], [-72.4379424, 40.8823103], [-72.4380703, 40.8827836], [-72.4376618, 40.8831603], [-72.4374828, 40.8839935], [-72.4364879, 40.8842806], [-72.4357089, 40.8849453], [-72.440059, 40.8830603], [-72.44017, 40.8838045], [-72.4408123, 40.8844683], [-72.4408205, 40.8853407], [-72.4413763, 40.8853355], [-72.4426542, 40.8822728], [-72.4424921, 40.881526], [-72.4417412, 40.8805686], [-72.4426579, 40.8803024], [-72.4415997, 40.8804131], [-72.4414766, 40.879279], [-72.4430881, 40.8769481], [-72.4440973, 40.8768134], [-72.4449787, 40.8760067], [-72.4461357, 40.8772257], [-72.4455541, 40.8772688], [-72.4441224, 40.8782297], [-72.4439821, 40.8789771], [-72.4444724, 40.8795104], [-72.4437304, 40.8802531], [-72.4445486, 40.8796474], [-72.4455975, 40.8795116], [-72.4456721, 40.8797613], [-72.4441322, 40.8827556], [-72.4444489, 40.8829468], [-72.4450125, 40.8825381], [-72.4451787, 40.8818067], [-72.4461986, 40.8810043], [-72.4472455, 40.8816714], [-72.44744, 40.882523], [-72.4476555, 40.8824962], [-72.4474527, 40.8816715], [-72.4484109, 40.8812693], [-72.448438, 40.8808373], [-72.4493968, 40.8798707], [-72.4490667, 40.8792806], [-72.4481044, 40.8791448], [-72.4490866, 40.8777603], [-72.4477994, 40.8775986], [-72.4471341, 40.8770995], [-72.4478774, 40.8768219], [-72.4524829, 40.8778302], [-72.4529439, 40.8782062], [-72.4520232, 40.8798499], [-72.4511465, 40.8807277], [-72.451963, 40.8811533], [-72.4538434, 40.8800937], [-72.4540461, 40.8796631], [-72.4545934, 40.8798385], [-72.4549079, 40.8803839], [-72.455931, 40.8805435], [-72.4564178, 40.8802927], [-72.456043, 40.8786228], [-72.4539252, 40.8781844], [-72.4542225, 40.8779484], [-72.4638262, 40.8807516], [-72.4867285, 40.8833067], [-72.4896778, 40.8829218], [-72.4930998, 40.8831056], [-72.4969586, 40.8819791], [-72.5012362, 40.879245], [-72.5012502, 40.8780165], [-72.5004854, 40.8764588], [-72.49873, 40.8749168], [-72.4954463, 40.8734248], [-72.4933214, 40.8729324], [-72.4924463, 40.8733319], [-72.4923593, 40.8742421], [-72.491549, 40.8746104], [-72.4910419, 40.8737248], [-72.4908451, 40.8713282], [-72.4920856, 40.8675261], [-72.4960367, 40.863023], [-72.4966583, 40.8628654], [-72.4994915, 40.8590856], [-72.5005644, 40.8550355], [-72.5019543, 40.8540389], [-72.5025839, 40.8531301], [-72.5024229, 40.8504308], [-72.5031311, 40.8503709], [-72.5031794, 40.849888], [-72.5014716, 40.8461064], [-72.502718, 40.847433], [-72.5033725, 40.8473965], [-72.5053387, 40.8494032], [-72.5054799, 40.8492415], [-72.5082144, 40.8505088], [-72.5070982, 40.8505909], [-72.5068409, 40.851649], [-72.5072282, 40.8516863], [-72.5080156, 40.8508781], [-72.507172, 40.8519229], [-72.5071895, 40.8523582], [-72.5068689, 40.8523094], [-72.5068043, 40.8526402], [-72.507105, 40.8526778], [-72.5068018, 40.8527117], [-72.5067148, 40.8531967], [-72.5069311, 40.8532399], [-72.5068689, 40.8540445], [-72.5071672, 40.8529974], [-72.5074604, 40.8528808], [-72.5072343, 40.8528395], [-72.507418, 40.8522924], [-72.5084022, 40.8519654], [-72.5077766, 40.8516943], [-72.5084177, 40.8507594], [-72.5087563, 40.8508761], [-72.5083952, 40.8506534], [-72.5088607, 40.8501661], [-72.5122035, 40.8514586], [-72.5121751, 40.8518288], [-72.5115488, 40.8519266], [-72.5100728, 40.8564377], [-72.5104419, 40.8565108], [-72.510463, 40.8557292], [-72.5110865, 40.854611], [-72.5132487, 40.8515694], [-72.5152984, 40.8515874], [-72.5163016, 40.8522413], [-72.5158657, 40.8534377], [-72.5163316, 40.8544824], [-72.515717, 40.8577737], [-72.5160438, 40.8578843], [-72.5160082, 40.8566974], [-72.5175247, 40.8532728], [-72.5181632, 40.8530945], [-72.5169379, 40.8530569], [-72.5167963, 40.8527768], [-72.5193611, 40.8518557], [-72.5207232, 40.851827], [-72.5215979, 40.8528144], [-72.5214364, 40.8534216], [-72.520574, 40.8535495], [-72.520395, 40.8553033], [-72.5206262, 40.855324], [-72.5208026, 40.8537299], [-72.5229546, 40.8540116], [-72.523652, 40.854464], [-72.5212327, 40.856085], [-72.521399, 40.8562371], [-72.5237191, 40.8547541], [-72.5240168, 40.8557482], [-72.524851, 40.856085], [-72.5231397, 40.8582374], [-72.5244325, 40.8571216], [-72.5250012, 40.8570871], [-72.5256127, 40.8576694], [-72.526176, 40.858848], [-72.5265488, 40.8612438], [-72.5263423, 40.8613492], [-72.5268438, 40.8621241], [-72.5271087, 40.8616351], [-72.5268496, 40.8602343], [-72.5270235, 40.8587993], [-72.5263289, 40.8568133], [-72.5257334, 40.8560444], [-72.5257307, 40.8545695], [-72.5250199, 40.8544397], [-72.5256851, 40.8529708], [-72.5255939, 40.85249], [-72.5262296, 40.8523561], [-72.5262698, 40.8520173], [-72.5254893, 40.8519301], [-72.5255913, 40.8522344], [-72.5252265, 40.8525874], [-72.5246686, 40.8526706], [-72.5244379, 40.85207], [-72.5245962, 40.8502806], [-72.5235903, 40.8482821], [-72.5230324, 40.8478885], [-72.521407, 40.8476329], [-72.5201356, 40.8466995], [-72.519803, 40.8459873], [-72.5221607, 40.8472798], [-72.5318193, 40.849327], [-72.5348529, 40.8506681], [-72.5353357, 40.8513173], [-72.5371355, 40.8515791], [-72.5340107, 40.8522993], [-72.5325489, 40.8536992], [-72.530717, 40.8547704], [-72.5292739, 40.8563751], [-72.5290125, 40.8569592], [-72.5291915, 40.857909], [-72.5317121, 40.8610916], [-72.5327876, 40.8619761], [-72.5329593, 40.8626211], [-72.5320366, 40.8631587], [-72.532109, 40.8634143], [-72.5323799, 40.8635116], [-72.5332409, 40.8626049], [-72.534456, 40.8629883], [-72.5380287, 40.8660715], [-72.5405256, 40.8665339], [-72.5415934, 40.8659608], [-72.5410993, 40.8651487], [-72.5414918, 40.8608266], [-72.5409337, 40.8609468], [-72.5409384, 40.8612918], [-72.5406743, 40.8611229], [-72.5414253, 40.8583944], [-72.5428107, 40.8564652], [-72.5449631, 40.8549396], [-72.5449457, 40.8543249], [-72.5459046, 40.8537416], [-72.5503142, 40.8491381], [-72.5508506, 40.8491321], [-72.550113, 40.8487608], [-72.5504456, 40.8473892], [-72.55075, 40.8382539], [-72.5521766, 40.8394928], [-72.5534691, 40.8399262], [-72.5570756, 40.8397006], [-72.5571795, 40.8393814], [-72.5621482, 40.8397962], [-72.567989, 40.8418453], [-72.568836, 40.843079], [-72.5682518, 40.8439045], [-72.5690944, 40.8444083], [-72.5706391, 40.8465186], [-72.5700925, 40.847155], [-72.5692164, 40.8473984], [-72.5694023, 40.8475972], [-72.5704725, 40.8472845], [-72.5711948, 40.8462806], [-72.5721462, 40.8467416], [-72.5720147, 40.8479969], [-72.5725679, 40.8483751], [-72.5727064, 40.8467266], [-72.5753085, 40.84686], [-72.5760673, 40.8474063], [-72.577609, 40.8477009], [-72.5774694, 40.847291], [-72.57232, 40.8453769], [-72.5720956, 40.8442263], [-72.5715962, 40.8436675], [-72.5716165, 40.840942], [-72.5707035, 40.8406518], [-72.5709922, 40.8406413], [-72.5724946, 40.8379676], [-72.574437, 40.835832], [-72.5750164, 40.8361973], [-72.5749198, 40.8367493], [-72.577205, 40.8369603], [-72.5800482, 40.8383402], [-72.577602, 40.8366113], [-72.5754348, 40.8362298], [-72.5749916, 40.8354717], [-72.5743358, 40.8354045], [-72.573825, 40.8358546], [-72.5725047, 40.8354839], [-72.5727165, 40.833], [-72.573303, 40.8325642], [-72.5739873, 40.830291], [-72.5796863, 40.8315664], [-72.580414, 40.83276], [-72.5857254, 40.8348167], [-72.5857008, 40.8343997], [-72.5822981, 40.832329], [-72.5824663, 40.8317496], [-72.5832224, 40.8306665], [-72.5852309, 40.8310711], [-72.5877317, 40.8308671], [-72.5874824, 40.830595], [-72.5864264, 40.8301524], [-72.5837832, 40.8302655], [-72.5811915, 40.8293284], [-72.5800735, 40.8293007], [-72.5800125, 40.8266398], [-72.5819076, 40.8255565], [-72.5827145, 40.824571], [-72.5823465, 40.8256422], [-72.5829127, 40.82591], [-72.5846609, 40.8252057], [-72.5858083, 40.8252775], [-72.5846526, 40.8250903], [-72.5840028, 40.824421], [-72.5817943, 40.8239818], [-72.5809025, 40.8243353], [-72.5794868, 40.8228569], [-72.5807427, 40.8206138], [-72.5814185, 40.8202283], [-72.5844632, 40.8210126], [-72.5849075, 40.8203649], [-72.5907028, 40.8211728], [-72.5923381, 40.8210982], [-72.5934664, 40.8218308], [-72.5951572, 40.8223299], [-72.592581, 40.8207977], [-72.5905553, 40.8206287], [-72.5903166, 40.8197239], [-72.5875228, 40.819158], [-72.5870626, 40.818219], [-72.5872935, 40.8179268], [-72.5843098, 40.8168633], [-72.5840644, 40.8163154], [-72.5843124, 40.8157769], [-72.5858277, 40.813929], [-72.5876074, 40.8133992], [-72.5881545, 40.8137656], [-72.5895721, 40.8139351], [-72.5912873, 40.8129729], [-72.5907611, 40.8124559], [-72.5934009, 40.8114674], [-72.595305, 40.8131665], [-72.594189, 40.8119833], [-72.5941506, 40.811332], [-72.5937886, 40.8113739], [-72.5969974, 40.8091773], [-72.6001184, 40.8089536], [-72.6013867, 40.8082021], [-72.6059455, 40.8069741], [-72.6058936, 40.8093642], [-72.6061068, 40.8093773], [-72.6061356, 40.8068258], [-72.6073226, 40.8064943], [-72.6083916, 40.8064392], [-72.6083128, 40.8095413], [-72.6087053, 40.8064361], [-72.6101396, 40.8069296], [-72.6102791, 40.8073291], [-72.6095664, 40.8079015], [-72.6094575, 40.8097219], [-72.6097394, 40.8097262], [-72.6098433, 40.8080568], [-72.6100915, 40.8080779], [-72.6106041, 40.8088633], [-72.6120709, 40.8089805], [-72.6133149, 40.8105271], [-72.6142884, 40.8105725], [-72.6156076, 40.8080861], [-72.6166848, 40.8085529], [-72.6167684, 40.8095968], [-72.6162615, 40.8099398], [-72.6163758, 40.8120499], [-72.6172539, 40.8123524], [-72.6187379, 40.8113728], [-72.6191456, 40.811449], [-72.6200273, 40.8133956], [-72.6196563, 40.8139171], [-72.6214381, 40.8162631], [-72.6196158, 40.8186823], [-72.6194986, 40.8192478], [-72.6179767, 40.8206259], [-72.6183624, 40.8211051], [-72.6179324, 40.8223123], [-72.6196429, 40.8228413], [-72.6217462, 40.8207041], [-72.6223118, 40.8203633], [-72.6229675, 40.8204178], [-72.623634, 40.8209276], [-72.6232993, 40.8224395], [-72.6235691, 40.8228854], [-72.6242934, 40.8213121], [-72.6235296, 40.8189509], [-72.6243798, 40.8170124], [-72.6251544, 40.8165461], [-72.6252553, 40.8150955], [-72.6258642, 40.8140594], [-72.6247617, 40.8119925], [-72.6266868, 40.8064997], [-72.6256576, 40.8064958], [-72.6260346, 40.8055972], [-72.6257595, 40.8047372], [-72.6273746, 40.803881], [-72.6262655, 40.8023227], [-72.6271936, 40.8016395], [-72.6282893, 40.803045], [-72.6292241, 40.8031628], [-72.6274685, 40.8014689], [-72.6283343, 40.8008641], [-72.6297716, 40.8006213], [-72.630299, 40.8017208], [-72.6298212, 40.8005675], [-72.6313649, 40.8003766], [-72.6316666, 40.8009898], [-72.6315057, 40.8004477], [-72.6320998, 40.8006466], [-72.6326483, 40.8003543], [-72.6323184, 40.800067], [-72.6316237, 40.8003421], [-72.6317777, 40.8000217], [-72.6342925, 40.7992061], [-72.6346117, 40.7998446], [-72.6355129, 40.8000284], [-72.6346298, 40.8002005], [-72.6355645, 40.8000994], [-72.6345433, 40.8004938], [-72.635527, 40.8003669], [-72.635645, 40.8005852], [-72.6346439, 40.800768], [-72.6359072, 40.8007923], [-72.6347719, 40.8010167], [-72.6360098, 40.8008512], [-72.6359675, 40.8010903], [-72.6348262, 40.8012913], [-72.6359615, 40.80124], [-72.6342616, 40.8016578], [-72.6359608, 40.8012756], [-72.6358904, 40.8016593], [-72.6344454, 40.8019121], [-72.6357791, 40.8017288], [-72.6355853, 40.802275], [-72.6347357, 40.8024349], [-72.6356088, 40.8023283], [-72.6357597, 40.8027465], [-72.6354666, 40.8031744], [-72.6359032, 40.8027257], [-72.636801, 40.802707], [-72.6365395, 40.8030729], [-72.6368272, 40.8027349], [-72.6370359, 40.8030327], [-72.6367596, 40.8036464], [-72.6375834, 40.8031656], [-72.6371031, 40.8040354], [-72.6375885, 40.8033923], [-72.6382517, 40.8031632], [-72.6384391, 40.8034382], [-72.6396179, 40.8032245], [-72.6405865, 40.8051358], [-72.6394791, 40.8058397], [-72.6399173, 40.8062433], [-72.6409179, 40.8056324], [-72.6415935, 40.8061272], [-72.6406782, 40.8040825], [-72.6412555, 40.8039688], [-72.6406842, 40.804047], [-72.6405747, 40.8036173], [-72.6410278, 40.8020072], [-72.6419276, 40.8007265], [-72.6420923, 40.7987647], [-72.6432452, 40.7977786], [-72.6451421, 40.7970808], [-72.6462846, 40.7970447], [-72.6468428, 40.797535], [-72.6469468, 40.8006356], [-72.647467, 40.8006268], [-72.6475248, 40.7979478], [-72.6485419, 40.7982201], [-72.6501485, 40.797737], [-72.6520673, 40.7976843], [-72.6543444, 40.7982025], [-72.6555129, 40.7993752], [-72.6566813, 40.7997843], [-72.6568315, 40.8003009], [-72.6620167, 40.8031955], [-72.6610577, 40.8050075], [-72.6642759, 40.8053998], [-72.6639366, 40.8068867], [-72.664058, 40.8075976], [-72.6646368, 40.808015], [-72.6640604, 40.8095814], [-72.6634155, 40.8099713], [-72.663937, 40.8098486], [-72.6640371, 40.8102138], [-72.6643409, 40.8095043], [-72.6646399, 40.8094927], [-72.6643166, 40.8093914], [-72.6647838, 40.8081852], [-72.6664866, 40.8081198], [-72.6667095, 40.806979], [-72.6681473, 40.805151], [-72.6684875, 40.8032491], [-72.6689652, 40.8026729], [-72.6732468, 40.803645], [-72.6747753, 40.8014899], [-72.6764014, 40.8009696], [-72.6789845, 40.8014663], [-72.6804032, 40.8022244], [-72.6823309, 40.8023423], [-72.6852467, 40.8039081], [-72.6863725, 40.8038568], [-72.6862813, 40.8036202], [-72.6868834, 40.8030599], [-72.6896823, 40.8032996], [-72.6912947, 40.8043389], [-72.6928233, 40.8030866], [-72.6926781, 40.8025586], [-72.6934389, 40.8018209], [-72.6940913, 40.7998415], [-72.6942463, 40.7983475], [-72.6939848, 40.797927], [-72.6928328, 40.7975808], [-72.6932069, 40.7970245], [-72.696766, 40.7972129], [-72.6970275, 40.796992], [-72.698474, 40.7974273], [-72.7004706, 40.7966634], [-72.7019192, 40.7977949], [-72.7047946, 40.7981304], [-72.7087576, 40.7992045], [-72.7099867, 40.7992915], [-72.7100702, 40.7990803], [-72.7112037, 40.8000953], [-72.7135146, 40.8011486], [-72.7137893, 40.8010011], [-72.7187206, 40.8040157], [-72.7208235, 40.8059474], [-72.721038, 40.8068246], [-72.7229573, 40.8077866], [-72.7232508, 40.8087918], [-72.7242234, 40.8096859], [-72.7243357, 40.8119212], [-72.7232964, 40.8124378], [-72.7229408, 40.8134561], [-72.7233173, 40.8144561], [-72.7231864, 40.8153651], [-72.7236513, 40.8160831], [-72.7228951, 40.8158714], [-72.7207848, 40.818328], [-72.7191679, 40.8212489], [-72.7194056, 40.8214137], [-72.7230164, 40.8179602], [-72.7240343, 40.816445], [-72.7247008, 40.8168033], [-72.7250302, 40.8160348], [-72.7241437, 40.8159909], [-72.7240262, 40.8156521], [-72.7250237, 40.8156972], [-72.7247628, 40.8149591], [-72.7259363, 40.8145199], [-72.7276022, 40.8146268], [-72.7286685, 40.8153813], [-72.7277658, 40.8199797], [-72.728, 40.8210914], [-72.7275928, 40.8241413], [-72.7276329, 40.8244171], [-72.7283235, 40.8245052], [-72.7286809, 40.8228811], [-72.7295905, 40.8220265], [-72.7297061, 40.8204445], [-72.7301608, 40.8194547], [-72.7298971, 40.8168288], [-72.7317481, 40.8148233], [-72.7331489, 40.8153108], [-72.7374941, 40.8192376], [-72.7388758, 40.8201062], [-72.7392885, 40.8200638], [-72.7364792, 40.8174715], [-72.7358379, 40.816271], [-72.734604, 40.8152438], [-72.7346201, 40.8148297], [-72.734073, 40.8143425], [-72.7323188, 40.8139], [-72.7310626, 40.8128238], [-72.7307953, 40.8119755], [-72.7298029, 40.8119796], [-72.729878, 40.8125074], [-72.7293655, 40.8132455], [-72.7296605, 40.8145884], [-72.7288628, 40.8148535], [-72.7285772, 40.8144678], [-72.7295084, 40.811841], [-72.7306588, 40.8102477], [-72.7323041, 40.8087747], [-72.7323601, 40.8078053], [-72.731802, 40.8072283], [-72.7323583, 40.8064329], [-72.7319634, 40.8060648], [-72.7323926, 40.8056729], [-72.7319446, 40.8055988], [-72.7320573, 40.8051471], [-72.7317596, 40.8046842], [-72.7321538, 40.8041137], [-72.731958, 40.8036386], [-72.7323792, 40.8031594], [-72.7321217, 40.8006946], [-72.732642, 40.7999555], [-72.7365446, 40.7994662], [-72.7377436, 40.7999068], [-72.7421518, 40.8001007], [-72.7433695, 40.8011524], [-72.7443955, 40.8025138], [-72.744555, 40.8032122], [-72.7445202, 40.8024245], [-72.7472614, 40.8030853], [-72.7480178, 40.8028194], [-72.7497344, 40.8028843], [-72.7519955, 40.8021757], [-72.7534385, 40.8021859], [-72.7533527, 40.8026366], [-72.7538194, 40.8030528], [-72.7536357, 40.8039523], [-72.7542311, 40.8041797], [-72.7544779, 40.8036234], [-72.7541024, 40.8029128], [-72.7551444, 40.8030995], [-72.754557, 40.8025026], [-72.7549888, 40.8024823], [-72.7555774, 40.8030539], [-72.7550827, 40.802127], [-72.7555327, 40.8020341], [-72.7550452, 40.8018874], [-72.7554368, 40.8016499], [-72.7551095, 40.8015463], [-72.7545087, 40.8023778], [-72.7540031, 40.8025514], [-72.7533084, 40.8016803], [-72.7536142, 40.8014529], [-72.7539776, 40.8016763], [-72.7543156, 40.8011809], [-72.7534761, 40.8011727], [-72.7538623, 40.8010611], [-72.7540715, 40.8003098], [-72.7530769, 40.795686], [-72.7535009, 40.7953538], [-72.7528396, 40.7953903], [-72.7515494, 40.7947045], [-72.7505514, 40.7940077], [-72.7508289, 40.7935791], [-72.7504081, 40.7932851], [-72.7477469, 40.7938493], [-72.747448, 40.794445], [-72.7470875, 40.7944811], [-72.7442134, 40.788694], [-72.7447212, 40.787621], [-72.7455992, 40.7873018], [-72.748083, 40.787469], [-72.750346, 40.7870321], [-72.7505543, 40.7875336], [-72.7502444, 40.787665], [-72.7506392, 40.7876661], [-72.7502428, 40.7878203], [-72.750734, 40.7878079], [-72.7516807, 40.7896307], [-72.751204, 40.7902195], [-72.7519868, 40.7908235], [-72.7528749, 40.790569], [-72.7531082, 40.7900941], [-72.7543275, 40.7903582], [-72.7554214, 40.7910154], [-72.7558976, 40.7927726], [-72.756997, 40.7932738], [-72.759142, 40.7925368], [-72.7589739, 40.7932396], [-72.7596338, 40.793175], [-72.7606328, 40.7936271], [-72.7606559, 40.794167], [-72.761102, 40.7946211], [-72.7623437, 40.7949006], [-72.7624916, 40.795774], [-72.7618699, 40.7962911], [-72.7624563, 40.7961307], [-72.7629653, 40.7963781], [-72.7629682, 40.7967305], [-72.7632155, 40.796121], [-72.762861, 40.7953163], [-72.7634452, 40.7956846], [-72.762646, 40.7934626], [-72.7628189, 40.7928133], [-72.7648768, 40.7919202], [-72.7648518, 40.7911321], [-72.7644979, 40.7906605], [-72.7621273, 40.7902581], [-72.7599626, 40.7893627], [-72.7592986, 40.7887239], [-72.7589598, 40.7875928], [-72.7566691, 40.7854319], [-72.7557438, 40.7849431], [-72.7544781, 40.7851683], [-72.7534555, 40.7841135], [-72.7543467, 40.7839272], [-72.7587799, 40.7843881], [-72.7611591, 40.7836654], [-72.7610069, 40.7833774], [-72.7631232, 40.78222], [-72.7638148, 40.7826128], [-72.7664706, 40.7827621], [-72.7670522, 40.7823115], [-72.7699694, 40.7835185], [-72.7709028, 40.7834364], [-72.7718271, 40.7843997], [-72.7714508, 40.7852545], [-72.7720318, 40.7866736], [-72.7717205, 40.7874382], [-72.7724882, 40.7884645], [-72.7724606, 40.7889777], [-72.7736709, 40.7913759], [-72.7733527, 40.7922136], [-72.7736449, 40.7923464], [-72.7733043, 40.793931], [-72.773498, 40.7946117], [-72.7730623, 40.7959049], [-72.7734248, 40.7973275], [-72.7740513, 40.7974442], [-72.7738922, 40.7961615], [-72.7746322, 40.7953709], [-72.7746875, 40.7945279], [-72.7752547, 40.7939886], [-72.7752616, 40.7913183], [-72.7748535, 40.7909988], [-72.7748881, 40.789606], [-72.7744316, 40.7886216], [-72.7752961, 40.7876529], [-72.774729, 40.7860924], [-72.7750403, 40.7856735], [-72.774966, 40.7831302], [-72.7720198, 40.7843484], [-72.7723356, 40.7840482], [-72.7751337, 40.7826244], [-72.7796325, 40.7836365], [-72.7834201, 40.7829757], [-72.7874392, 40.7835194], [-72.7898955, 40.7843979], [-72.7907147, 40.7842499], [-72.795141, 40.7852769], [-72.7951767, 40.7855186], [-72.7967289, 40.7856878], [-72.7966384, 40.7860818], [-72.7976638, 40.7856703], [-72.7980319, 40.7850498], [-72.7987298, 40.7849044], [-72.7987362, 40.7845068], [-72.802373, 40.7845165], [-72.8028488, 40.7839257], [-72.8041132, 40.7838345], [-72.8057747, 40.781936], [-72.8072699, 40.7772271], [-72.8091922, 40.7776211], [-72.8141091, 40.7773009], [-72.8142785, 40.77387], [-72.8139495, 40.7736069], [-72.8142067, 40.7723135], [-72.8153708, 40.7724787], [-72.8158883, 40.7733891], [-72.8162533, 40.7733347], [-72.8161496, 40.7729674], [-72.8218906, 40.7718038], [-72.8217542, 40.7714812], [-72.8191123, 40.7714176], [-72.8162311, 40.7718163], [-72.8160559, 40.7713284], [-72.8145693, 40.7708224], [-72.8144172, 40.7703714], [-72.813412, 40.7700905], [-72.8132746, 40.7697768], [-72.8128561, 40.7705384], [-72.8131091, 40.7709723], [-72.812378, 40.7714459], [-72.8131094, 40.7717671], [-72.8122706, 40.7716623], [-72.8116581, 40.7709574], [-72.8110973, 40.7686884], [-72.8113276, 40.7690015], [-72.8118869, 40.7689066], [-72.812672, 40.7693398], [-72.8119159, 40.7688638], [-72.811778, 40.7683797], [-72.8110376, 40.7683586], [-72.8110207, 40.767074], [-72.8112833, 40.766877], [-72.812729, 40.7671592], [-72.8113316, 40.7667751], [-72.8111076, 40.765981], [-72.8113647, 40.764596], [-72.8128576, 40.7622644], [-72.8134371, 40.7623442], [-72.8134473, 40.7627341], [-72.8138704, 40.7633096], [-72.8137159, 40.7636949], [-72.8142005, 40.7642059], [-72.8137755, 40.7636804], [-72.8139584, 40.7633936], [-72.8136374, 40.7628128], [-72.8141524, 40.7625789], [-72.8147724, 40.7629095], [-72.8157527, 40.7627355], [-72.8157379, 40.7618179], [-72.8146804, 40.7615351], [-72.8159506, 40.7597948], [-72.8170154, 40.7590449], [-72.8178815, 40.7589741], [-72.8175982, 40.7595216], [-72.8180125, 40.7601022], [-72.8199712, 40.7600892], [-72.8203228, 40.760514], [-72.820171, 40.759972], [-72.8209671, 40.7593913], [-72.8201911, 40.7584033], [-72.8203779, 40.7580991], [-72.8209749, 40.7580299], [-72.8224307, 40.7591965], [-72.824372, 40.7595401], [-72.8250851, 40.7593137], [-72.8257016, 40.7585921], [-72.8276256, 40.7586487], [-72.829901, 40.7572489], [-72.832938, 40.7574494], [-72.8336901, 40.7571381], [-72.8361556, 40.7538918], [-72.8374216, 40.7532344], [-72.8385199, 40.7531178], [-72.8393648, 40.7532621], [-72.8392656, 40.7536847], [-72.8397403, 40.7539996], [-72.8396357, 40.7531971], [-72.8405691, 40.7521364], [-72.8419267, 40.7522959], [-72.8418566, 40.7528638], [-72.8421085, 40.7530171], [-72.8431529, 40.7526693], [-72.8441851, 40.7529728], [-72.8438505, 40.7539528], [-72.8451087, 40.7549918], [-72.8461498, 40.7541887], [-72.8463758, 40.7549918], [-72.8477142, 40.7568968], [-72.8486125, 40.7571901], [-72.8490623, 40.7580938], [-72.8494973, 40.7580963], [-72.8495044, 40.7573671], [-72.8481171, 40.7564824], [-72.8470047, 40.7531482], [-72.8449984, 40.7501491], [-72.8452358, 40.7476847], [-72.8456605, 40.7476284], [-72.8460321, 40.7467945], [-72.8471611, 40.7463145], [-72.8474819, 40.7458374], [-72.8488458, 40.7464794], [-72.8489515, 40.7473079], [-72.8498175, 40.7474127], [-72.8503704, 40.7470708], [-72.850285, 40.7467258], [-72.851146, 40.7458101], [-72.8522191, 40.7451164], [-72.8510979, 40.7465978], [-72.8509048, 40.7475732], [-72.8512034, 40.7484261], [-72.8534767, 40.7469051], [-72.8557481, 40.7468807], [-72.8562565, 40.7464839], [-72.8561733, 40.7456296], [-72.8549747, 40.7456249], [-72.8536677, 40.746646], [-72.8521582, 40.747061], [-72.8517263, 40.7474865], [-72.8518174, 40.7478296], [-72.8512401, 40.7480385], [-72.8519055, 40.7458775], [-72.8531395, 40.744935], [-72.8569959, 40.743925], [-72.8577883, 40.7433718], [-72.8587613, 40.7432818], [-72.860362, 40.7436667], [-72.861092, 40.7433425], [-72.860955, 40.7437968], [-72.8596129, 40.7443377], [-72.8594439, 40.7456172], [-72.8603066, 40.7460519], [-72.8605028, 40.7466303], [-72.8610635, 40.7466392], [-72.8614653, 40.7463766], [-72.8616376, 40.7456391], [-72.8624638, 40.7452913], [-72.8617854, 40.7468313], [-72.8622404, 40.7467559], [-72.8622194, 40.7461778], [-72.8625412, 40.7475191], [-72.8622137, 40.7478992], [-72.8625045, 40.7480418], [-72.8631611, 40.7467836], [-72.8630904, 40.7462101], [-72.8637282, 40.7459989], [-72.8640122, 40.7452621], [-72.8646713, 40.745706], [-72.8656566, 40.7453379], [-72.8656818, 40.7464239], [-72.8661149, 40.7466648], [-72.866426, 40.7463237], [-72.8662047, 40.7457054], [-72.8665554, 40.7454961], [-72.8665096, 40.7460909], [-72.8669538, 40.7461902], [-72.8673051, 40.7467824], [-72.866595, 40.7472071], [-72.8669378, 40.7474684], [-72.8675592, 40.747195], [-72.8675802, 40.7480056], [-72.870824, 40.7478858], [-72.8678947, 40.7477411], [-72.8679813, 40.7468841], [-72.8707526, 40.7468142], [-72.8707427, 40.7465965], [-72.8680292, 40.7466696], [-72.8675973, 40.7458716], [-72.87072, 40.7457334], [-72.8707002, 40.7455236], [-72.8672128, 40.7456292], [-72.8671799, 40.7447822], [-72.870474, 40.7446846], [-72.870474, 40.7444749], [-72.8669551, 40.7445617], [-72.8669008, 40.7437336], [-72.8700548, 40.743628], [-72.870035, 40.7434182], [-72.8666484, 40.743508], [-72.8665913, 40.7428318], [-72.8695203, 40.7425717], [-72.8695203, 40.7423522], [-72.8675891, 40.742401], [-72.8672887, 40.7416531], [-72.8669883, 40.7416044], [-72.8675355, 40.7404663], [-72.8685425, 40.739382], [-72.8724767, 40.7400029], [-72.8735613, 40.739911], [-72.8738288, 40.7440833], [-72.8744283, 40.7441737], [-72.8743139, 40.7401385], [-72.8751052, 40.7397997], [-72.8753627, 40.7390843], [-72.8752699, 40.738475], [-72.8747002, 40.7381238], [-72.8742255, 40.7370683], [-72.8791521, 40.7393298], [-72.8821705, 40.7420012], [-72.8828046, 40.7432964], [-72.8835528, 40.7548645], [-72.8830163, 40.755214], [-72.8831236, 40.7563924], [-72.8843682, 40.7591718], [-72.888016, 40.7627149], [-72.8871255, 40.7629018], [-72.8873508, 40.7630725], [-72.8862591, 40.7642568], [-72.8860285, 40.7654961], [-72.8862323, 40.7662883], [-72.88696, 40.7666052], [-72.8895529, 40.7658577], [-72.8891318, 40.7666479], [-72.889754, 40.7667454], [-72.8894241, 40.7673081], [-72.8895475, 40.7677103], [-72.8905131, 40.7689251], [-72.8911944, 40.7692339], [-72.8933723, 40.7691852], [-72.8941663, 40.7694574], [-72.8936888, 40.7710418], [-72.8939474, 40.7720672], [-72.8954967, 40.7731787], [-72.8955243, 40.773582], [-72.8960919, 40.7740406], [-72.8963428, 40.7740088], [-72.8964417, 40.7732411], [-72.8955675, 40.7717674], [-72.8963804, 40.7714882], [-72.8967616, 40.7720177], [-72.8968851, 40.7734085], [-72.8971237, 40.7733785], [-72.8971704, 40.7719478], [-72.8966847, 40.7713531], [-72.8971068, 40.7712023], [-72.8976625, 40.7725181], [-72.8978928, 40.7724744], [-72.8974037, 40.7711337], [-72.8980022, 40.7714553], [-72.8978995, 40.7710835], [-72.8984418, 40.7709954], [-72.8983509, 40.7707786], [-72.8957227, 40.7714501], [-72.8954752, 40.7710418], [-72.89584, 40.7706924], [-72.8960027, 40.7689532], [-72.8955798, 40.7683461], [-72.8936344, 40.7677473], [-72.8935664, 40.7670054], [-72.8928547, 40.7665666], [-72.8927171, 40.7660692], [-72.8939068, 40.7658343], [-72.8939635, 40.7640382], [-72.8950002, 40.763287], [-72.8952331, 40.7612375], [-72.8943923, 40.7604441], [-72.9003714, 40.7588918], [-72.9027333, 40.7589349], [-72.9071601, 40.7577317], [-72.9115466, 40.7578111], [-72.9185683, 40.7599918], [-72.9192987, 40.7596776], [-72.9226743, 40.7600474], [-72.9269081, 40.7588192], [-72.928606, 40.7580086], [-72.9308635, 40.7559632], [-72.9319754, 40.7553718], [-72.9332703, 40.7539786], [-72.9336971, 40.75298], [-72.9326546, 40.7521248], [-72.9329809, 40.7519223], [-72.9334568, 40.7522663], [-72.9339598, 40.751672], [-72.9354015, 40.7516327], [-72.9383649, 40.7488485], [-72.9438483, 40.7456961], [-72.9446478, 40.7442386], [-72.9446279, 40.7405568], [-72.9457276, 40.7410471], [-72.9486983, 40.7414048], [-72.9515855, 40.7415148], [-72.9521291, 40.7412471], [-72.9542127, 40.7422801], [-72.9582978, 40.7434657], [-72.9589499, 40.7432488], [-72.9586434, 40.7430572], [-72.9591437, 40.7426665], [-72.9603804, 40.7432583], [-72.9634543, 40.7437367], [-72.9638479, 40.7435606], [-72.9661108, 40.7441987], [-72.9666504, 40.7439862], [-72.9693218, 40.7455079], [-72.9699514, 40.7450615], [-72.9735156, 40.7468127], [-72.9737011, 40.7463648], [-72.9766656, 40.7480716], [-72.977705, 40.7478655], [-72.9796771, 40.7490309], [-72.9836618, 40.750114], [-72.9852455, 40.749663], [-72.9873583, 40.7498106], [-72.9875721, 40.7503388], [-72.9856411, 40.7506567], [-72.9839754, 40.7504749], [-72.9830339, 40.7509556], [-72.9829336, 40.7515464], [-72.9872941, 40.7506901], [-72.9881575, 40.7516128], [-72.9866257, 40.7535021], [-72.9857444, 40.7560634], [-72.9864108, 40.7562028], [-72.9861057, 40.7566077], [-72.9855957, 40.7565041], [-72.9852349, 40.7576536], [-72.9843219, 40.7587165], [-72.9833989, 40.7614885], [-72.982574, 40.7624128], [-72.9838417, 40.7620858], [-72.9846818, 40.7605446], [-72.984432, 40.7594199], [-72.9858393, 40.7571093], [-72.9870026, 40.7559927], [-72.9880252, 40.7559867], [-72.9870198, 40.7558467], [-72.9866274, 40.7550173], [-72.9878403, 40.7549644], [-72.9885379, 40.7552545], [-72.987909, 40.7548978], [-72.9884394, 40.7539938], [-72.988179, 40.7536314], [-72.988362, 40.7530823], [-72.9889814, 40.7525055], [-72.9891044, 40.751851], [-72.9884007, 40.7511979], [-72.9874626, 40.7488247], [-72.9897918, 40.7490304], [-72.9903273, 40.7484713], [-72.9910084, 40.7484101], [-72.9932317, 40.7487857], [-72.997219, 40.7485987], [-72.9976627, 40.7482756], [-72.9978652, 40.7471854], [-73.0002444, 40.7478895], [-73.0015033, 40.7474282], [-73.0036462, 40.74765], [-73.0082161, 40.7486834], [-73.0100174, 40.7481583], [-73.0093628, 40.7468912], [-73.0087031, 40.7468813], [-73.0095874, 40.7466778], [-73.0103823, 40.7483984], [-73.0132004, 40.7488851], [-73.0150431, 40.7495829], [-73.0158236, 40.7488919], [-73.015322, 40.7471505], [-73.0132084, 40.7474207], [-73.0131118, 40.7469879], [-73.0160381, 40.7470672], [-73.0164722, 40.7480593], [-73.0174664, 40.7485128], [-73.0205203, 40.7486726], [-73.0218924, 40.7482782], [-73.0223187, 40.7493755], [-73.0229543, 40.7499627], [-73.022991, 40.7509138], [-73.0241157, 40.7519957], [-73.0236242, 40.753652], [-73.0244154, 40.7550501], [-73.0241127, 40.755923], [-73.0237864, 40.7559279], [-73.0245674, 40.7567327], [-73.0243112, 40.7575671], [-73.0247659, 40.7583641], [-73.0245724, 40.7573307], [-73.0250327, 40.75714], [-73.025026, 40.7573554], [-73.0252733, 40.7569995], [-73.02473, 40.7563277], [-73.0253146, 40.7565597], [-73.0255732, 40.7562369], [-73.0244484, 40.7560904], [-73.0244792, 40.7557659], [-73.025209, 40.7555114], [-73.0248017, 40.754675], [-73.0242089, 40.7543754], [-73.0247548, 40.7539862], [-73.0241513, 40.7541589], [-73.0237972, 40.7531684], [-73.0249169, 40.7525019], [-73.0250001, 40.752125], [-73.0235625, 40.7493779], [-73.0230207, 40.7494551], [-73.0220331, 40.7474868], [-73.0248506, 40.7467189], [-73.0267135, 40.745431], [-73.0274178, 40.7445474], [-73.0260373, 40.7441302], [-73.0263299, 40.7433732], [-73.0265488, 40.7431529], [-73.0268517, 40.7436539], [-73.0277593, 40.7439678], [-73.0283132, 40.7436863], [-73.028191, 40.7433739], [-73.0294784, 40.7420815], [-73.0293319, 40.7418678], [-73.031652, 40.7397867], [-73.0311007, 40.738995], [-73.0315631, 40.7392588], [-73.032799, 40.7384383], [-73.0342647, 40.7351002], [-73.0344565, 40.7340465], [-73.0341691, 40.7337], [-73.0355627, 40.7335089], [-73.0351422, 40.7329882], [-73.0346423, 40.7334869], [-73.0341029, 40.7334738], [-73.0343723, 40.7319104], [-73.0341474, 40.7314453], [-73.0357139, 40.7314615], [-73.0357568, 40.7308762], [-73.03389, 40.7312664], [-73.0342977, 40.7307217], [-73.0357782, 40.7303233], [-73.0357568, 40.7300144], [-73.0367331, 40.730055], [-73.0378067, 40.7343932], [-73.0382271, 40.7343769], [-73.0368726, 40.7297136], [-73.0397694, 40.7305672], [-73.0419688, 40.7302502], [-73.0421941, 40.729681], [-73.0447261, 40.7293802], [-73.0493232, 40.7299536], [-73.0495378, 40.7296284], [-73.0529066, 40.7285227], [-73.0520268, 40.7305877], [-73.0515762, 40.7307991], [-73.0519625, 40.7308316], [-73.0514475, 40.7344413], [-73.0514689, 40.7350592], [-73.0517264, 40.7351405], [-73.0523272, 40.7307503], [-73.0525633, 40.7307666], [-73.053722, 40.7279698], [-73.0555244, 40.7284576], [-73.0568119, 40.7281974], [-73.0561682, 40.7292869], [-73.0568119, 40.7294333], [-73.0571338, 40.7278885], [-73.0625626, 40.7280836], [-73.0656525, 40.7271242], [-73.0666824, 40.7265713], [-73.0666824, 40.725433], [-73.0699814, 40.7235665], [-73.0711437, 40.7233655], [-73.0713869, 40.7240907], [-73.072047, 40.7241219], [-73.0727892, 40.7239902], [-73.0725546, 40.723279], [-73.0745405, 40.7232648], [-73.0747121, 40.7236989], [-73.0770724, 40.7236501], [-73.0783599, 40.7233411], [-73.0782311, 40.7228207], [-73.0790331, 40.7225781], [-73.0798066, 40.7227455], [-73.0801727, 40.7223481], [-73.0803812, 40.7237273], [-73.080693, 40.7236821], [-73.0802719, 40.7222586], [-73.0826085, 40.7223003], [-73.0825656, 40.7220076], [-73.0830162, 40.7219588], [-73.0842359, 40.7223455], [-73.0867176, 40.7223394], [-73.0895061, 40.7217787], [-73.0895235, 40.7215309], [-73.0903054, 40.7215792], [-73.0907413, 40.7213688], [-73.090636, 40.7209221], [-73.0918113, 40.7208701], [-73.0908085, 40.7210533], [-73.0909223, 40.7216193], [-73.0915162, 40.7212285], [-73.0915019, 40.7216247], [-73.092014, 40.721657], [-73.0918931, 40.7209069], [-73.0930582, 40.7211093], [-73.0932777, 40.7202432], [-73.0935478, 40.7202947], [-73.0931374, 40.7210949], [-73.0934911, 40.7211136], [-73.0936262, 40.720586], [-73.0934984, 40.7212177], [-73.0926123, 40.7212256], [-73.0924942, 40.7218997], [-73.0936234, 40.7220235], [-73.0938528, 40.7212414], [-73.0936109, 40.7210938], [-73.0939206, 40.7211007], [-73.0941701, 40.7202665], [-73.0937834, 40.7199941], [-73.0944343, 40.7199872], [-73.0940368, 40.7214089], [-73.0953804, 40.7212528], [-73.0959634, 40.72251], [-73.0962997, 40.7224195], [-73.0962267, 40.7218009], [-73.0969522, 40.7214453], [-73.0959437, 40.7217791], [-73.0952995, 40.7209434], [-73.0975117, 40.7212284], [-73.1039675, 40.7187269], [-73.1061841, 40.718767], [-73.1081397, 40.7192065], [-73.1106123, 40.7204836], [-73.1111646, 40.7203714], [-73.1118862, 40.7217667], [-73.1168534, 40.7241766], [-73.1170625, 40.7245014], [-73.1167518, 40.7248689], [-73.1177761, 40.725625], [-73.1216945, 40.7266156], [-73.1213354, 40.7273799], [-73.1248543, 40.7271005], [-73.1247373, 40.7259352], [-73.1258051, 40.7250995], [-73.1310454, 40.7261207], [-73.132692, 40.7259853], [-73.1390034, 40.7208135], [-73.1387953, 40.7205133], [-73.13906, 40.7201198], [-73.1398376, 40.7203961], [-73.1399141, 40.7208867], [-73.1408881, 40.7205236], [-73.1407516, 40.7199851], [-73.1401112, 40.7196029], [-73.1402136, 40.719105], [-73.1391046, 40.7192043], [-73.1388121, 40.718265], [-73.1374287, 40.7193048], [-73.1366005, 40.7193374], [-73.1355443, 40.7188776], [-73.1349903, 40.7175551], [-73.1368079, 40.7168453], [-73.1390507, 40.7153442], [-73.1406105, 40.713829], [-73.1412851, 40.7138398], [-73.1412994, 40.7133267], [-73.1429442, 40.7127469], [-73.1433562, 40.7121809], [-73.1441352, 40.7126819], [-73.1435601, 40.7127145], [-73.1440922, 40.7131308], [-73.1444871, 40.7128381], [-73.1478001, 40.7135863], [-73.1476199, 40.7131569], [-73.146959, 40.7131308], [-73.1471135, 40.7123046], [-73.1464955, 40.7128901], [-73.145826, 40.7129812], [-73.1443927, 40.7125778], [-73.1435278, 40.7119467], [-73.1442831, 40.7113286], [-73.1449784, 40.7099949], [-73.1475619, 40.7022066], [-73.1481112, 40.6996493], [-73.1488846, 40.6985475], [-73.154723, 40.6981466], [-73.1662666, 40.6984407], [-73.1707127, 40.6994429], [-73.1749699, 40.700946], [-73.1760771, 40.7008874], [-73.175193, 40.7022279], [-73.1735451, 40.7029892], [-73.1726826, 40.7044096], [-73.1723539, 40.7056971], [-73.1730215, 40.7063076], [-73.1756745, 40.706042], [-73.1754248, 40.7058261], [-73.1757681, 40.7048111], [-73.1750042, 40.7029827], [-73.1759508, 40.702385], [-73.1759123, 40.7019379], [-73.1769783, 40.701421], [-73.1814477, 40.7033073], [-73.1845891, 40.7052333], [-73.1862081, 40.7058258], [-73.1855333, 40.7072503], [-73.1854708, 40.7081248], [-73.1868207, 40.7091111], [-73.1866062, 40.7093453], [-73.1856706, 40.708981], [-73.1844261, 40.7092282], [-73.183748, 40.7100024], [-73.1807353, 40.7119607], [-73.1828124, 40.7112126], [-73.1857393, 40.7094689], [-73.1867349, 40.7102106], [-73.1865804, 40.7110694], [-73.1857564, 40.7116224], [-73.1858337, 40.7120974], [-73.184778, 40.7126178], [-73.1847951, 40.7130082], [-73.1834819, 40.7141402], [-73.1831214, 40.714999], [-73.1835034, 40.7149707], [-73.1852505, 40.7133551], [-73.1865838, 40.7134585], [-73.1857737, 40.7128617], [-73.1864781, 40.7124237], [-73.1865247, 40.711855], [-73.1872358, 40.7115396], [-73.1876791, 40.7102711], [-73.188671, 40.7104661], [-73.1898314, 40.7121799], [-73.18963, 40.7102441], [-73.188295, 40.7097096], [-73.1878182, 40.7081273], [-73.187273, 40.7082453], [-73.1879187, 40.7076316], [-73.1888305, 40.7075626], [-73.189964, 40.7064351], [-73.1888867, 40.7061857], [-73.1878228, 40.7070746], [-73.1879588, 40.7067335], [-73.1888556, 40.7061236], [-73.1901816, 40.7059195], [-73.1915466, 40.7048044], [-73.1945985, 40.7054067], [-73.1967949, 40.7072754], [-73.2014475, 40.7076962], [-73.2018405, 40.7079776], [-73.2018388, 40.709522], [-73.2035519, 40.7112102], [-73.204437, 40.7114229], [-73.2044142, 40.7116655], [-73.2035092, 40.7117145], [-73.2031917, 40.7121637], [-73.2030843, 40.7137911], [-73.2019203, 40.7149021], [-73.2001663, 40.7150805], [-73.2001663, 40.7153063], [-73.2019177, 40.7151282], [-73.2025064, 40.7166145], [-73.2022374, 40.7178328], [-73.2026055, 40.7191943], [-73.2024035, 40.7200374], [-73.2021163, 40.720773], [-73.2011929, 40.7212727], [-73.202219, 40.7212782], [-73.2025444, 40.7215816], [-73.202792, 40.7246758], [-73.2032126, 40.7246317], [-73.203777, 40.7236367], [-73.2036146, 40.7213444], [-73.203926, 40.7212522], [-73.2036091, 40.718862], [-73.2042099, 40.7163575], [-73.2046333, 40.7158824], [-73.2041885, 40.7153654], [-73.2062697, 40.7119177], [-73.2059334, 40.7116736], [-73.2046381, 40.7118077], [-73.2046664, 40.7115582], [-73.206075, 40.7107856], [-73.2064219, 40.7100371], [-73.2105556, 40.7074669], [-73.213249, 40.7060182], [-73.2152486, 40.7060477], [-73.215373, 40.7054996], [-73.2164351, 40.7061462], [-73.216242, 40.7069595], [-73.2159845, 40.7069229], [-73.2157711, 40.7090153], [-73.2161468, 40.7099561], [-73.2166026, 40.7097485], [-73.2162299, 40.7092022], [-73.2167872, 40.7062674], [-73.2187447, 40.7064957], [-73.2184008, 40.7090707], [-73.2176339, 40.710677], [-73.2184749, 40.7110103], [-73.2187428, 40.7109322], [-73.2193219, 40.7064777], [-73.2197165, 40.7061786], [-73.2211173, 40.7068796], [-73.2218143, 40.706896], [-73.2208485, 40.7127851], [-73.2212752, 40.7128314], [-73.222187, 40.7070475], [-73.224747, 40.7086656], [-73.2245021, 40.7087369], [-73.2247245, 40.7100667], [-73.2238212, 40.7108017], [-73.2240423, 40.7119989], [-73.223636, 40.7126589], [-73.2242023, 40.713836], [-73.2237944, 40.7139439], [-73.2237864, 40.7158856], [-73.2234559, 40.7159021], [-73.2231796, 40.715183], [-73.222798, 40.7153275], [-73.2237064, 40.7162764], [-73.22344, 40.7163294], [-73.223437, 40.7169209], [-73.223812, 40.7171978], [-73.2238497, 40.7190713], [-73.2228954, 40.7185996], [-73.2210184, 40.7183136], [-73.2209743, 40.718603], [-73.2229142, 40.7188744], [-73.2229291, 40.7197923], [-73.2202665, 40.7211892], [-73.2212222, 40.7211142], [-73.22184, 40.7203936], [-73.2232978, 40.7199279], [-73.2233153, 40.7211609], [-73.223629, 40.7212338], [-73.2234221, 40.7223073], [-73.2235649, 40.7214583], [-73.2231898, 40.7214454], [-73.2226916, 40.7222069], [-73.2226734, 40.7231227], [-73.222271, 40.7231937], [-73.2226669, 40.7232355], [-73.2234049, 40.724194], [-73.2232811, 40.7249869], [-73.2219342, 40.7259206], [-73.2207724, 40.7274386], [-73.2211187, 40.7274386], [-73.2221924, 40.7260909], [-73.2232145, 40.7255212], [-73.2239996, 40.7256602], [-73.22379, 40.7264426], [-73.2240239, 40.7264495], [-73.224171, 40.7257282], [-73.2248045, 40.7260607], [-73.2247571, 40.7278144], [-73.2249439, 40.7259876], [-73.223796, 40.7251664], [-73.2238389, 40.7243939], [-73.2251585, 40.7244427], [-73.2238496, 40.7241012], [-73.2240427, 40.7235564], [-73.2251692, 40.7235971], [-73.2240749, 40.7234507], [-73.2241822, 40.722784], [-73.224665, 40.7228002], [-73.2242037, 40.722597], [-73.2243109, 40.7220359], [-73.2252443, 40.7219465], [-73.2243431, 40.7217025], [-73.2244423, 40.7207774], [-73.2251049, 40.7197266], [-73.2257486, 40.7201576], [-73.2258452, 40.7196941], [-73.2249466, 40.7195489], [-73.2251538, 40.7187981], [-73.2271065, 40.7171392], [-73.2287372, 40.716635], [-73.2302178, 40.7168302], [-73.2324494, 40.7183102], [-73.2318271, 40.7207334], [-73.2321527, 40.7217777], [-73.2308369, 40.7242743], [-73.2309716, 40.7246039], [-73.2303984, 40.7250537], [-73.2302276, 40.7255282], [-73.2304472, 40.7258086], [-73.2311911, 40.7254019], [-73.2310854, 40.7244437], [-73.2317995, 40.7239854], [-73.2320281, 40.7229917], [-73.2329012, 40.7229265], [-73.2324954, 40.7224174], [-73.2331555, 40.7219128], [-73.2328656, 40.7215901], [-73.2332383, 40.7214439], [-73.2327916, 40.721202], [-73.2326751, 40.7200741], [-73.233289, 40.7188264], [-73.2328021, 40.7181252], [-73.2333342, 40.7176824], [-73.2363333, 40.7176759], [-73.2385432, 40.7174657], [-73.2410979, 40.7203255], [-73.2411665, 40.7231621], [-73.2415247, 40.7231983], [-73.2414368, 40.721127], [-73.2419041, 40.7207478], [-73.2433162, 40.7235404], [-73.2434237, 40.722898], [-73.2421641, 40.7207038], [-73.2411254, 40.7195908], [-73.2407136, 40.7185638], [-73.240236, 40.7181883], [-73.2404307, 40.7180782], [-73.239539, 40.7175346], [-73.2405524, 40.7168762], [-73.2402778, 40.7166273], [-73.2393943, 40.7171748], [-73.2391732, 40.7168657], [-73.2399196, 40.7164102], [-73.2393227, 40.7161206], [-73.2388272, 40.7162654], [-73.2396689, 40.7158174], [-73.2393943, 40.7155505], [-73.2398301, 40.7156319], [-73.2400206, 40.7155049], [-73.239802, 40.7152883], [-73.2403553, 40.7149421], [-73.2388531, 40.7136898], [-73.2392869, 40.7131849], [-73.2401816, 40.7127735], [-73.2413417, 40.7133299], [-73.2415527, 40.713042], [-73.2405385, 40.7124701], [-73.2407801, 40.7122258], [-73.2417678, 40.7128676], [-73.2432688, 40.7118046], [-73.2432023, 40.7114381], [-73.2413562, 40.7109529], [-73.2388177, 40.711608], [-73.2376464, 40.7123459], [-73.2379199, 40.7126927], [-73.2374138, 40.7130139], [-73.2364532, 40.7119996], [-73.2377026, 40.7110564], [-73.2399825, 40.71038], [-73.242743, 40.7098872], [-73.2432327, 40.7102968], [-73.2467989, 40.7084742], [-73.2474698, 40.7074978], [-73.248243, 40.7075857], [-73.2493519, 40.7084636], [-73.2499025, 40.7094326], [-73.2502388, 40.7092697], [-73.2491907, 40.7078675], [-73.2477126, 40.7071611], [-73.2495124, 40.7052714], [-73.2484378, 40.7044491], [-73.2490568, 40.7039881], [-73.2587469, 40.711208], [-73.2589134, 40.7109216], [-73.2494987, 40.7036982], [-73.2500307, 40.7032881], [-73.2512826, 40.7041455], [-73.2516318, 40.7038497], [-73.2504528, 40.7029423], [-73.251012, 40.7029307], [-73.2513019, 40.7023108], [-73.2531743, 40.7008441], [-73.2536751, 40.7012557], [-73.2541249, 40.7011371], [-73.2545213, 40.7020576], [-73.2550747, 40.7018466], [-73.254649, 40.7012329], [-73.255786, 40.7007735], [-73.256713, 40.6995821], [-73.2575211, 40.699921], [-73.2588696, 40.6991012], [-73.2608892, 40.6961985], [-73.2641974, 40.6954172], [-73.2679767, 40.7009442], [-73.2685581, 40.7008488], [-73.2645749, 40.69521], [-73.2650649, 40.6955263], [-73.2663067, 40.6949589], [-73.2671564, 40.6949815], [-73.2668253, 40.694821], [-73.2681295, 40.6933658], [-73.2721886, 40.6915017], [-73.2731916, 40.690107], [-73.2737156, 40.6900906], [-73.2736582, 40.6894866], [-73.27413, 40.6885484], [-73.2763433, 40.6866423], [-73.2772617, 40.6866044], [-73.2776375, 40.6874959], [-73.2751243, 40.6892755], [-73.275267, 40.689427], [-73.2775694, 40.6878467], [-73.2781264, 40.688783], [-73.2761854, 40.6901986], [-73.2763463, 40.6903579], [-73.2786251, 40.6887032], [-73.2781471, 40.6882149], [-73.2776437, 40.6871121], [-73.277581, 40.6864758], [-73.2782712, 40.6877101], [-73.2782118, 40.688126], [-73.2795955, 40.6884266], [-73.2780321, 40.6860305], [-73.2777355, 40.685864], [-73.2767602, 40.686217], [-73.2777282, 40.6845227], [-73.2812515, 40.6856114], [-73.2831113, 40.6853697], [-73.283556, 40.687153], [-73.283776, 40.6870538], [-73.283306, 40.6852847], [-73.2846107, 40.6852294], [-73.2849663, 40.6868187], [-73.2852544, 40.6868211], [-73.2848741, 40.6852294], [-73.2860725, 40.6850976], [-73.2864185, 40.6856496], [-73.286286, 40.6850911], [-73.287457, 40.6847648], [-73.2875198, 40.6864627], [-73.2863718, 40.6865034], [-73.2863718, 40.6867068], [-73.2874983, 40.686658], [-73.2873481, 40.6876343], [-73.2840758, 40.6879515], [-73.2873159, 40.6878214], [-73.287155, 40.6887732], [-73.2848161, 40.6889766], [-73.2871121, 40.6889847], [-73.2874769, 40.6896518], [-73.2866937, 40.6899691], [-73.2868117, 40.6901399], [-73.2876485, 40.6898226], [-73.2891935, 40.6913195], [-73.28929, 40.6917669], [-73.2902342, 40.691653], [-73.290151, 40.6912719], [-73.289569, 40.691352], [-73.2874447, 40.6891474], [-73.2875412, 40.6884641], [-73.2892471, 40.6884315], [-73.2875627, 40.6882119], [-73.2877022, 40.687317], [-73.2890218, 40.6872926], [-73.2877129, 40.6871868], [-73.2878524, 40.6862431], [-73.2890647, 40.6860804], [-73.2878738, 40.6861129], [-73.287766, 40.6843418], [-73.289952, 40.6850321], [-73.2909343, 40.6850195], [-73.2906494, 40.6858501], [-73.2911472, 40.6878116], [-73.2914734, 40.6878698], [-73.2910136, 40.6858208], [-73.2912363, 40.6848698], [-73.2930178, 40.6852343], [-73.2936245, 40.6848474], [-73.2945976, 40.6850166], [-73.2951491, 40.6877534], [-73.2948406, 40.6877742], [-73.2952478, 40.6880284], [-73.2955782, 40.6878409], [-73.295222, 40.6876452], [-73.2946502, 40.6846664], [-73.2962665, 40.6852509], [-73.2968308, 40.6850585], [-73.2969478, 40.6854328], [-73.2965224, 40.6852481], [-73.2965846, 40.6855455], [-73.2969412, 40.6855025], [-73.2978408, 40.6901313], [-73.2971757, 40.6851968], [-73.2989813, 40.6855773], [-73.3001936, 40.6871993], [-73.2984301, 40.6875525], [-73.3001864, 40.68735], [-73.3009941, 40.6881311], [-73.2986428, 40.6885022], [-73.3009151, 40.688417], [-73.30052, 40.6893602], [-73.2988308, 40.6895629], [-73.3004728, 40.6895173], [-73.3003748, 40.6907439], [-73.3001955, 40.6911626], [-73.2997781, 40.6912095], [-73.3001513, 40.691275], [-73.3000733, 40.6939922], [-73.3009736, 40.6955583], [-73.3007896, 40.6935481], [-73.3014666, 40.6905474], [-73.3013162, 40.6882184], [-73.3021913, 40.6873392], [-73.3034818, 40.6906175], [-73.3036955, 40.6905586], [-73.3023646, 40.6871892], [-73.3036099, 40.6868409], [-73.304705, 40.6896578], [-73.3050477, 40.6889589], [-73.3047116, 40.6890174], [-73.3038442, 40.6865016], [-73.3069665, 40.6868962], [-73.3057813, 40.6892164], [-73.3052262, 40.6908838], [-73.30544, 40.6909428], [-73.3071999, 40.6869262], [-73.3081014, 40.6869929], [-73.307029, 40.6905738], [-73.3072632, 40.6906183], [-73.3083357, 40.6870071], [-73.3095595, 40.6871396], [-73.3090861, 40.6905988], [-73.308445, 40.6918304], [-73.3090156, 40.6911131], [-73.3088964, 40.6920682], [-73.3094275, 40.6907904], [-73.3097071, 40.6877573], [-73.3104927, 40.687328], [-73.3120689, 40.6883974], [-73.3121334, 40.6909579], [-73.3114896, 40.691428], [-73.312053, 40.6917914], [-73.3123455, 40.6916014], [-73.3120232, 40.6876837], [-73.3126113, 40.6872198], [-73.3133346, 40.6871866], [-73.3134246, 40.6920194], [-73.3142549, 40.6920194], [-73.314213, 40.6912734], [-73.313612, 40.6913059], [-73.3134826, 40.6871048], [-73.3146006, 40.6871879], [-73.314859, 40.6910412], [-73.3151141, 40.691061], [-73.3147698, 40.6871366], [-73.316312, 40.6873342], [-73.3166613, 40.6876487], [-73.3166377, 40.6893222], [-73.3177123, 40.6901389], [-73.3179338, 40.6926856], [-73.3170023, 40.6929934], [-73.317988, 40.6928703], [-73.3184375, 40.6941172], [-73.3181711, 40.6944122], [-73.3183164, 40.6949559], [-73.3174292, 40.6964926], [-73.3177495, 40.6965542], [-73.3182231, 40.6954837], [-73.3187193, 40.6953743], [-73.3187599, 40.6945055], [-73.3191287, 40.6942799], [-73.3183967, 40.6921761], [-73.3188341, 40.6902929], [-73.3201602, 40.6900315], [-73.3188552, 40.6901656], [-73.3187111, 40.6896422], [-73.3178882, 40.6889213], [-73.3194369, 40.6883411], [-73.3193274, 40.6877417], [-73.3186809, 40.6877416], [-73.3177718, 40.6884785], [-73.3175354, 40.6881364], [-73.3190029, 40.6868318], [-73.3188082, 40.6865712], [-73.3174905, 40.6876145], [-73.3171963, 40.687168], [-73.3173089, 40.686656], [-73.3169353, 40.6869727], [-73.3164161, 40.6867177], [-73.3160112, 40.6856898], [-73.3145891, 40.6855121], [-73.314278, 40.6858456], [-73.3150719, 40.6863663], [-73.3139132, 40.6857155], [-73.3143853, 40.6852192], [-73.3153723, 40.6853249], [-73.3161218, 40.6837717], [-73.3156577, 40.6828224], [-73.3166993, 40.6824804], [-73.3156162, 40.6827484], [-73.3152979, 40.6824987], [-73.315068, 40.6820738], [-73.3162162, 40.6817485], [-73.3164577, 40.6819735], [-73.3162789, 40.6815878], [-73.3149621, 40.6818732], [-73.3141397, 40.6803091], [-73.3159405, 40.6797744], [-73.3192627, 40.6861879], [-73.3169434, 40.6814248], [-73.318158, 40.68105], [-73.3198621, 40.6843691], [-73.3198442, 40.6848717], [-73.3205038, 40.6860937], [-73.3207714, 40.6862162], [-73.320692, 40.6866186], [-73.3218225, 40.6858462], [-73.3193369, 40.6811045], [-73.3207552, 40.6810994], [-73.3227077, 40.6856878], [-73.3229427, 40.6856284], [-73.320926, 40.6808939], [-73.3218063, 40.6806102], [-73.3238236, 40.6854112], [-73.3219559, 40.6805844], [-73.3229871, 40.6802849], [-73.3247687, 40.6853308], [-73.3250912, 40.685285], [-73.3250695, 40.6848092], [-73.3255829, 40.6847619], [-73.3248793, 40.6846164], [-73.3244894, 40.6836307], [-73.3262261, 40.6836714], [-73.3242998, 40.6832494], [-73.3240664, 40.6821737], [-73.3268477, 40.682565], [-73.323935, 40.6819803], [-73.32359, 40.6809818], [-73.3273571, 40.6816342], [-73.327788, 40.6822812], [-73.3273964, 40.6834054], [-73.3290621, 40.6838416], [-73.328994, 40.6835042], [-73.33, 40.6834207], [-73.3301092, 40.6827456], [-73.3309277, 40.6826446], [-73.3308826, 40.6819955], [-73.3304742, 40.6819519], [-73.3305822, 40.6815458], [-73.3297693, 40.6813538], [-73.3299252, 40.6804983], [-73.3318195, 40.6813309], [-73.3318285, 40.681092], [-73.3297947, 40.680198], [-73.3300242, 40.679768], [-73.3307824, 40.6789577], [-73.3318394, 40.6794905], [-73.3332324, 40.6795461], [-73.3309657, 40.6788835], [-73.3314851, 40.6782719], [-73.3322304, 40.6786518], [-73.3332508, 40.6786611], [-73.3315767, 40.6781746], [-73.3341794, 40.6757493], [-73.334187, 40.6804546], [-73.3343352, 40.6756752], [-73.336096, 40.6746792], [-73.3376383, 40.6759565], [-73.337275, 40.6768629], [-73.3351453, 40.6768547], [-73.3374842, 40.6772616], [-73.3373877, 40.6777213], [-73.3351337, 40.6777085], [-73.3373029, 40.6778979], [-73.3371488, 40.6785585], [-73.3351173, 40.6785585], [-73.3371861, 40.6787391], [-73.3371721, 40.6794226], [-73.335073, 40.6795501], [-73.3369737, 40.6795997], [-73.3370451, 40.6844037], [-73.3361392, 40.6860929], [-73.3364905, 40.6879456], [-73.3366445, 40.6873849], [-73.3363056, 40.6861396], [-73.3372792, 40.6845322], [-73.3378246, 40.6847845], [-73.3385825, 40.6861256], [-73.3388382, 40.6860345], [-73.3379848, 40.6847098], [-73.33731, 40.6843359], [-73.337196, 40.6824458], [-73.3400398, 40.6810392], [-73.3372299, 40.6819808], [-73.3373403, 40.6809632], [-73.3380618, 40.680625], [-73.3378283, 40.6800973], [-73.337408, 40.6802372], [-73.3379123, 40.67935], [-73.337499, 40.6786275], [-73.3377395, 40.6781636], [-73.3382842, 40.6780111], [-73.3392628, 40.6786096], [-73.3394937, 40.678341], [-73.3386663, 40.677749], [-73.3380046, 40.6777213], [-73.3382476, 40.6773528], [-73.3378472, 40.6774915], [-73.3381419, 40.6772279], [-73.3376825, 40.6769751], [-73.3379278, 40.6759671], [-73.3375327, 40.67495], [-73.3399435, 40.6732078], [-73.3415629, 40.6708757], [-73.3430923, 40.671114], [-73.3462261, 40.6726851], [-73.3464262, 40.6734435], [-73.3475994, 40.6750204], [-73.3473097, 40.6753541], [-73.3478998, 40.67642], [-73.3472883, 40.6766234], [-73.3489, 40.6770626], [-73.3494555, 40.6778276], [-73.3492731, 40.6783809], [-73.3495842, 40.6794793], [-73.3488654, 40.6806428], [-73.3498417, 40.6812124], [-73.3483281, 40.6820362], [-73.3492536, 40.6819683], [-73.3491442, 40.6817582], [-73.3499293, 40.6813261], [-73.3502555, 40.6824499], [-73.3514596, 40.6819941], [-73.3500412, 40.6807428], [-73.3499285, 40.6784829], [-73.3501683, 40.6783341], [-73.3498224, 40.6774779], [-73.3503536, 40.676904], [-73.3497857, 40.6762618], [-73.3490595, 40.6765852], [-73.3483598, 40.6760885], [-73.3488941, 40.6752237], [-73.3481675, 40.6743484], [-73.3477587, 40.6726024], [-73.3479708, 40.6722806], [-73.3475883, 40.6720388], [-73.3471929, 40.6706616], [-73.3478202, 40.6695925], [-73.3492074, 40.6687485], [-73.3509181, 40.668574], [-73.3509412, 40.6689549], [-73.3519338, 40.6686477], [-73.3515835, 40.6690758], [-73.3520641, 40.6722951], [-73.3527141, 40.6721665], [-73.3533804, 40.6725685], [-73.3538898, 40.6722995], [-73.3534772, 40.6718164], [-73.3524227, 40.6715436], [-73.3519565, 40.6692696], [-73.3522326, 40.6690924], [-73.3555938, 40.6705517], [-73.355857, 40.6710844], [-73.3525975, 40.669611], [-73.352416, 40.670031], [-73.3552357, 40.6712577], [-73.3547914, 40.6721895], [-73.3535903, 40.6728058], [-73.353888, 40.6731319], [-73.3552368, 40.6724477], [-73.3556107, 40.6713546], [-73.3561378, 40.6712808], [-73.3560435, 40.6723463], [-73.3567136, 40.6745772], [-73.3573104, 40.6747729], [-73.3588488, 40.6764859], [-73.3587742, 40.6770085], [-73.3605722, 40.6796026], [-73.3608033, 40.6794896], [-73.3605392, 40.6788074], [-73.3592488, 40.6769431], [-73.3592699, 40.6758035], [-73.3595464, 40.6756793], [-73.3590889, 40.6755581], [-73.3587465, 40.6756928], [-73.3588447, 40.6759162], [-73.3586193, 40.6755683], [-73.3590092, 40.6754245], [-73.3588233, 40.6751168], [-73.3585517, 40.6754494], [-73.3580641, 40.6749912], [-73.3586786, 40.6747875], [-73.3585565, 40.6745692], [-73.3580241, 40.6747409], [-73.3574929, 40.6742918], [-73.3570546, 40.6721661], [-73.3567179, 40.671835], [-73.3569264, 40.6715535], [-73.3572886, 40.6721128], [-73.3578268, 40.6720231], [-73.3573219, 40.6712434], [-73.3579167, 40.6710845], [-73.358402, 40.6718231], [-73.3594351, 40.6717371], [-73.3592894, 40.6711538], [-73.358277, 40.6710167], [-73.3592574, 40.6709006], [-73.3592523, 40.6704506], [-73.3579599, 40.6699512], [-73.3578833, 40.6701814], [-73.3583166, 40.6702504], [-73.3586885, 40.670824], [-73.3581451, 40.6704965], [-73.3576186, 40.6706971], [-73.3572936, 40.6702509], [-73.3570182, 40.6703635], [-73.3573889, 40.6711116], [-73.3568065, 40.6704655], [-73.3566933, 40.6714342], [-73.3564827, 40.6701621], [-73.357229, 40.6701622], [-73.356626, 40.6700207], [-73.3566519, 40.6695925], [-73.3557867, 40.6691365], [-73.355425, 40.6693571], [-73.3558474, 40.6698658], [-73.3550629, 40.6691234], [-73.3557773, 40.6686963], [-73.3566978, 40.6694716], [-73.3574925, 40.6680386], [-73.3596923, 40.6696217], [-73.3577457, 40.6680506], [-73.3580483, 40.6678294], [-73.357674, 40.6675276], [-73.35892, 40.6668278], [-73.3603931, 40.6664484], [-73.363022, 40.6666199], [-73.3652566, 40.6660182], [-73.3651119, 40.669574], [-73.3654047, 40.6657905], [-73.3660491, 40.6659165], [-73.365912, 40.6684585], [-73.3662226, 40.6678936], [-73.3666787, 40.6682363], [-73.3662058, 40.6702597], [-73.366525, 40.6709179], [-73.3663147, 40.6714242], [-73.3671577, 40.6734047], [-73.3677795, 40.6762072], [-73.3684632, 40.6759223], [-73.3677405, 40.6749164], [-73.3665552, 40.6714966], [-73.3667734, 40.6697782], [-73.3671599, 40.669617], [-73.3667035, 40.669108], [-73.3669546, 40.6683124], [-73.3666338, 40.6668823], [-73.3669724, 40.6666172], [-73.368426, 40.6674095], [-73.3708079, 40.6676227], [-73.3713154, 40.6673968], [-73.3720555, 40.6683361], [-73.3723344, 40.6682547], [-73.3715405, 40.6675874], [-73.3716478, 40.6671479], [-73.3760458, 40.6680923], [-73.3800109, 40.6672465], [-73.3812482, 40.6711359], [-73.3820029, 40.6709819], [-73.3802458, 40.6671331], [-73.3831397, 40.6659599], [-73.383387, 40.6639042], [-73.3839242, 40.6635973], [-73.3846288, 40.6647131], [-73.3854123, 40.6650237], [-73.3857328, 40.6658801], [-73.386628, 40.6663489], [-73.3870568, 40.6677523], [-73.3876585, 40.667929], [-73.3871679, 40.6691673], [-73.3876689, 40.6692486], [-73.3880486, 40.6699213], [-73.3885799, 40.6698252], [-73.3881371, 40.6687238], [-73.3875733, 40.6688073], [-73.3882262, 40.6686723], [-73.3879239, 40.6684707], [-73.3882429, 40.6676135], [-73.3875367, 40.6675686], [-73.3870887, 40.6665412], [-73.3873329, 40.6657722], [-73.386505, 40.6659974], [-73.3858023, 40.6653615], [-73.3856223, 40.6647447], [-73.3847897, 40.6641827], [-73.3854368, 40.6640362], [-73.3853259, 40.6637925], [-73.384693, 40.6639277], [-73.384376, 40.6632089], [-73.3829899, 40.6627643], [-73.382541, 40.6617084], [-73.3815813, 40.6615392], [-73.3812878, 40.6609421], [-73.3830815, 40.6608323], [-73.384712, 40.6614087], [-73.3853762, 40.6610674], [-73.3854116, 40.6602701], [-73.3845827, 40.6598967], [-73.3804894, 40.6600401], [-73.3793573, 40.6589677], [-73.3797492, 40.6584589], [-73.38388, 40.6582185], [-73.386687, 40.6572008], [-73.3895073, 40.6580836], [-73.3912011, 40.6656725], [-73.389804, 40.6584131], [-73.3908621, 40.6592918], [-73.3917535, 40.6591748], [-73.3914078, 40.6606901], [-73.3924004, 40.6611547], [-73.3921846, 40.6618739], [-73.3926817, 40.6615993], [-73.3928139, 40.6622552], [-73.3922654, 40.6626322], [-73.3928111, 40.6624463], [-73.3929573, 40.6633038], [-73.3923308, 40.6637453], [-73.3929197, 40.6636112], [-73.3927346, 40.6645098], [-73.3930798, 40.6662607], [-73.3927373, 40.6671129], [-73.3933875, 40.6679398], [-73.3931007, 40.6648678], [-73.3933109, 40.6627283], [-73.3930896, 40.6614452], [-73.3921019, 40.6600805], [-73.3934359, 40.6603859], [-73.3938572, 40.6599173], [-73.3934349, 40.65958], [-73.3919774, 40.6597584], [-73.3925542, 40.6581008], [-73.3936003, 40.6562361], [-73.3952582, 40.6560665], [-73.39566, 40.6557483], [-73.3959349, 40.6562735], [-73.396571, 40.6562622], [-73.397443, 40.6558495], [-73.3974389, 40.6553434], [-73.3995922, 40.6556261], [-73.3992608, 40.662945], [-73.3996868, 40.6630379], [-73.3998653, 40.6550557], [-73.4005112, 40.6550739], [-73.4028941, 40.6568369], [-73.404626, 40.6574981], [-73.4051606, 40.6580409], [-73.4046455, 40.6582606], [-73.4047513, 40.6586535], [-73.4039661, 40.6599673], [-73.4037155, 40.66322], [-73.4043225, 40.6644999], [-73.404278, 40.6665993], [-73.4038826, 40.6669668], [-73.4021841, 40.6670766], [-73.4038937, 40.6670809], [-73.4038937, 40.6676088], [-73.4048305, 40.6676818], [-73.40458, 40.6669102], [-73.4046512, 40.6660338], [-73.4049497, 40.6660074], [-73.4048767, 40.6648966], [-73.4041806, 40.6630954], [-73.4044851, 40.6601282], [-73.405564, 40.6586896], [-73.4066878, 40.655119], [-73.408107, 40.6551673], [-73.4090664, 40.6560109], [-73.4092703, 40.6606603], [-73.4094929, 40.6606481], [-73.4092434, 40.6559722], [-73.4084397, 40.6548451], [-73.4095117, 40.6553821], [-73.4113919, 40.657948], [-73.4127008, 40.6587497], [-73.4127303, 40.6596674], [-73.4116831, 40.659927], [-73.4126856, 40.6599111], [-73.413139, 40.6678811], [-73.413413, 40.670004], [-73.4136839, 40.6700911], [-73.4138529, 40.6686638], [-73.4144029, 40.6674827], [-73.4141826, 40.6664196], [-73.413737, 40.6663662], [-73.4135637, 40.6658538], [-73.4139725, 40.6658484], [-73.413645, 40.6657312], [-73.4141577, 40.6653462], [-73.4140101, 40.6647775], [-73.4145711, 40.6638271], [-73.4141122, 40.6634791], [-73.4143154, 40.6631377], [-73.4141151, 40.6628603], [-73.4143454, 40.6628385], [-73.4136542, 40.661882], [-73.4140824, 40.6613306], [-73.4137023, 40.6593202], [-73.4140115, 40.6584329], [-73.4142397, 40.6584437], [-73.4140238, 40.6583799], [-73.4143511, 40.6572929], [-73.4139262, 40.6570531], [-73.4155466, 40.6560711], [-73.4162336, 40.655125], [-73.4197629, 40.6548654], [-73.4216498, 40.6555195], [-73.422303, 40.6564593], [-73.4266751, 40.6561716], [-73.4283415, 40.6572862], [-73.4298097, 40.6578749], [-73.4307338, 40.6577203], [-73.4315808, 40.6582476], [-73.4326135, 40.6573661], [-73.4323026, 40.6566081], [-73.4314542, 40.6559504], [-73.4304729, 40.6525407], [-73.4297518, 40.6514933], [-73.4295788, 40.6506785], [-73.430288, 40.6503255], [-73.4317696, 40.6502665], [-73.4319218, 40.6505088], [-73.4354648, 40.650889], [-73.4378348, 40.6517562], [-73.4390025, 40.6516028], [-73.4411925, 40.6530968], [-73.4423415, 40.6533124], [-73.4471216, 40.653257], [-73.4508802, 40.6541344], [-73.4522845, 40.652253], [-73.4546515, 40.6524478], [-73.4554348, 40.6515414], [-73.4555206, 40.6506147], [-73.45911, 40.6474536], [-73.4637633, 40.6471947], [-73.4662601, 40.6484335], [-73.4681604, 40.6517563], [-73.4686358, 40.6535955], [-73.4691667, 40.6543093], [-73.4689536, 40.6552167], [-73.4711647, 40.6556365], [-73.4709652, 40.6564555], [-73.4716818, 40.6568402], [-73.471926, 40.6568453], [-73.471936, 40.6557551], [-73.4725826, 40.6545659], [-73.4731811, 40.6517468], [-73.474027, 40.6504629], [-73.475415, 40.6501485], [-73.4760963, 40.6504273], [-73.4763497, 40.6511276], [-73.477027, 40.6511928], [-73.4776187, 40.6508517], [-73.477782, 40.6500097], [-73.478602, 40.6496561], [-73.4795071, 40.6581249], [-73.4791323, 40.6592389], [-73.4800737, 40.6594302], [-73.4789599, 40.6497039], [-73.4799162, 40.6497636], [-73.4818885, 40.6510614], [-73.4836864, 40.6509006], [-73.484075, 40.6511524], [-73.4834521, 40.6519537], [-73.4818558, 40.6520107], [-73.4804676, 40.6514015], [-73.4799573, 40.6516722], [-73.4806226, 40.6567864], [-73.4809101, 40.6567917], [-73.4802797, 40.6518671], [-73.4807508, 40.6517265], [-73.4822849, 40.6522874], [-73.4847676, 40.6516582], [-73.485058, 40.6505689], [-73.4861258, 40.6501583], [-73.4868933, 40.6470629], [-73.4880309, 40.6465737], [-73.489407, 40.6470865], [-73.4899569, 40.6464948], [-73.4890245, 40.6460719], [-73.4886651, 40.645498], [-73.4885417, 40.6448712], [-73.4889387, 40.6443665], [-73.4914428, 40.6438171], [-73.4954832, 40.6397424], [-73.5002254, 40.6387899], [-73.5019742, 40.6380042], [-73.5021727, 40.6366446], [-73.5017328, 40.6364044], [-73.4970282, 40.6373366], [-73.4963536, 40.6371483], [-73.4960828, 40.6362517], [-73.4966198, 40.6347845], [-73.4970588, 40.6346498], [-73.4970495, 40.6330799], [-73.4980208, 40.6320025], [-73.4985392, 40.6293195], [-73.5002905, 40.6284866], [-73.5006512, 40.6285311], [-73.4994603, 40.6290929], [-73.5004581, 40.6293983], [-73.5010268, 40.628812], [-73.5004849, 40.6273382], [-73.4994228, 40.6271713], [-73.4990954, 40.6256747], [-73.5020174, 40.6241437], [-73.5026909, 40.6246235], [-73.503821, 40.6266856], [-73.5041, 40.6292994], [-73.5064818, 40.6284689], [-73.5076982, 40.6284494], [-73.5078852, 40.6286839], [-73.5077226, 40.6304858], [-73.5085647, 40.6317162], [-73.5083568, 40.6321704], [-73.5072882, 40.6324902], [-73.5082267, 40.6328491], [-73.5083893, 40.6333181], [-73.5079584, 40.6340956], [-73.5072347, 40.6341203], [-73.5079421, 40.6344041], [-73.508121, 40.635052], [-73.5070559, 40.6359343], [-73.5073892, 40.6363909], [-73.5081291, 40.6364526], [-73.5076479, 40.638887], [-73.5072473, 40.6390974], [-73.5074781, 40.6401419], [-73.5108929, 40.6407649], [-73.5137282, 40.6419405], [-73.5153854, 40.6429968], [-73.5151396, 40.6444339], [-73.5139507, 40.6446834], [-73.5131076, 40.645691], [-73.5131899, 40.6465739], [-73.5141003, 40.6475392], [-73.5144712, 40.6476174], [-73.5147285, 40.6471011], [-73.5158458, 40.6438853], [-73.5170916, 40.6427465], [-73.5171448, 40.6422125], [-73.5180749, 40.6420365], [-73.5196901, 40.64079], [-73.5198449, 40.6395191], [-73.5202352, 40.639348], [-73.5207503, 40.6393341], [-73.5211518, 40.6398166], [-73.5228693, 40.6406036], [-73.5227203, 40.6411936], [-73.5232717, 40.6427004], [-73.5248316, 40.6428884], [-73.5249189, 40.6439776], [-73.5246537, 40.6443989], [-73.5249481, 40.6452228], [-73.5261329, 40.6479609], [-73.5273137, 40.6495409], [-73.527699, 40.6527359], [-73.5268409, 40.6563883], [-73.5274149, 40.6551406], [-73.528046, 40.6551484], [-73.5279417, 40.6557333], [-73.5274539, 40.655907], [-73.526904, 40.6567031], [-73.5263304, 40.6580897], [-73.526436, 40.6585774], [-73.5268993, 40.6572637], [-73.5281535, 40.6569159], [-73.5277391, 40.6561939], [-73.528081, 40.6558858], [-73.5288642, 40.6560841], [-73.5288627, 40.6571062], [-73.5292861, 40.6582206], [-73.5308246, 40.6585537], [-73.5293634, 40.6579161], [-73.5293717, 40.6573188], [-73.5289778, 40.656855], [-73.5291137, 40.6559879], [-73.5283962, 40.6557657], [-73.5283938, 40.6553332], [-73.5279367, 40.6549188], [-73.528403, 40.6523272], [-73.5278732, 40.6491171], [-73.5266669, 40.6474483], [-73.5257432, 40.6451507], [-73.5258124, 40.6445768], [-73.5261949, 40.6443736], [-73.5259518, 40.6441364], [-73.5271497, 40.6434586], [-73.5281978, 40.6434764], [-73.5309744, 40.645323], [-73.5310684, 40.646524], [-73.5317857, 40.646566], [-73.5328202, 40.6471888], [-73.5324008, 40.6480144], [-73.5332252, 40.6547246], [-73.5335787, 40.654694], [-73.532869, 40.6490781], [-73.5345471, 40.6491924], [-73.5354415, 40.6485211], [-73.5345951, 40.6485511], [-73.5338541, 40.6476958], [-73.5332677, 40.6456696], [-73.5328689, 40.6452559], [-73.5330597, 40.6445301], [-73.5321924, 40.6441817], [-73.5311684, 40.6443143], [-73.5295872, 40.6423548], [-73.5296245, 40.6415259], [-73.5315244, 40.6385491], [-73.5323908, 40.6386019], [-73.5337037, 40.6395239], [-73.5340774, 40.6394092], [-73.5349818, 40.6399532], [-73.5342326, 40.6416049], [-73.5348288, 40.6430401], [-73.5372914, 40.6434172], [-73.5378918, 40.6438163], [-73.5396627, 40.6427184], [-73.5402778, 40.6432583], [-73.540952, 40.6440174], [-73.5399923, 40.6437322], [-73.5412573, 40.6449308], [-73.5402411, 40.6452749], [-73.540324, 40.6454949], [-73.5418506, 40.6452646], [-73.5409382, 40.6455503], [-73.5412398, 40.6460492], [-73.5416858, 40.6459319], [-73.5418167, 40.6461905], [-73.5414581, 40.6463095], [-73.541909, 40.6468734], [-73.5415769, 40.6469675], [-73.5417589, 40.6473833], [-73.5424343, 40.6471471], [-73.5439225, 40.6514139], [-73.5445257, 40.6521357], [-73.5448267, 40.6519826], [-73.5443002, 40.6514074], [-73.5429527, 40.6471745], [-73.5438281, 40.6469596], [-73.5450291, 40.6502254], [-73.5453013, 40.6501706], [-73.5440839, 40.646761], [-73.5442877, 40.646405], [-73.5448765, 40.6465992], [-73.5453845, 40.6474846], [-73.5459912, 40.6476253], [-73.5488544, 40.6512448], [-73.5491168, 40.6511847], [-73.5465529, 40.6479958], [-73.5468015, 40.6475341], [-73.5446308, 40.6455999], [-73.5453344, 40.6437878], [-73.5451897, 40.6423042], [-73.5455481, 40.6418504], [-73.5448951, 40.6392817], [-73.5464056, 40.6383618], [-73.5473988, 40.6382036], [-73.5488234, 40.6386956], [-73.5507452, 40.6403905], [-73.5521032, 40.6411098], [-73.5529466, 40.6410668], [-73.5535953, 40.6425012], [-73.5553326, 40.643017], [-73.5553992, 40.6437399], [-73.5576936, 40.6451106], [-73.5582801, 40.6472076], [-73.558112, 40.6483958], [-73.5584314, 40.6488054], [-73.5582546, 40.6478611], [-73.5591489, 40.6467708], [-73.5591918, 40.6459242], [-73.5587198, 40.645312], [-73.5587509, 40.6446951], [-73.5571813, 40.6442455], [-73.5563937, 40.6430065], [-73.5571405, 40.6425051], [-73.5573293, 40.6410723], [-73.5592777, 40.6401539], [-73.5598793, 40.6387213], [-73.5586339, 40.6377246], [-73.5578675, 40.635761], [-73.5563655, 40.6353784], [-73.5556213, 40.635738], [-73.5583764, 40.6324226], [-73.5591823, 40.6302665], [-73.5619784, 40.6303658], [-73.5624582, 40.6301349], [-73.5638371, 40.6310052], [-73.5641355, 40.6322132], [-73.5641102, 40.6375455], [-73.5643374, 40.6390412], [-73.5649961, 40.6398145], [-73.5646683, 40.6404808], [-73.5643677, 40.6403264], [-73.5636102, 40.6387861], [-73.5636715, 40.6398814], [-73.5650513, 40.6414914], [-73.5660387, 40.6420069], [-73.5670029, 40.6433871], [-73.5663933, 40.6456497], [-73.5666168, 40.6464346], [-73.5671856, 40.6469614], [-73.5665325, 40.6512127], [-73.5669044, 40.6520089], [-73.5672782, 40.6517289], [-73.5671835, 40.6498407], [-73.5677069, 40.6482874], [-73.5680319, 40.6482986], [-73.5677291, 40.6481921], [-73.5678103, 40.6471721], [-73.5668687, 40.6460027], [-73.5668681, 40.6454125], [-73.5677508, 40.6436688], [-73.5676633, 40.6431657], [-73.5725449, 40.6446215], [-73.5740635, 40.6489067], [-73.5736056, 40.649086], [-73.5741226, 40.6491533], [-73.5745811, 40.6515542], [-73.5753132, 40.6517568], [-73.5751112, 40.6506372], [-73.5747098, 40.6502461], [-73.5751789, 40.6492457], [-73.5754374, 40.6492401], [-73.5754965, 40.648052], [-73.5749573, 40.647472], [-73.5743289, 40.6474159], [-73.5745252, 40.6465164], [-73.5741342, 40.6460425], [-73.5742002, 40.6455749], [-73.5737556, 40.6452475], [-73.5745229, 40.6448378], [-73.5744293, 40.6441024], [-73.573775, 40.6440874], [-73.5737764, 40.6436605], [-73.5728989, 40.6432226], [-73.5709194, 40.6436664], [-73.5708359, 40.6433494], [-73.5702953, 40.6435555], [-73.5688523, 40.6431224], [-73.56912, 40.6418903], [-73.5671858, 40.6387321], [-73.5676139, 40.6385848], [-73.567431, 40.6363347], [-73.5676524, 40.6336966], [-73.5664121, 40.6328153], [-73.5655115, 40.6327195], [-73.5658628, 40.631576], [-73.5668665, 40.6306311], [-73.5677689, 40.6316411], [-73.5695189, 40.6324015], [-73.570521, 40.6334753], [-73.571195, 40.6334836], [-73.5673679, 40.6305278], [-73.5709541, 40.6284082], [-73.5717481, 40.6259653], [-73.5724347, 40.6250126], [-73.5730677, 40.6251592], [-73.5740158, 40.6276137], [-73.575542, 40.6350778], [-73.5764875, 40.6350641], [-73.5746525, 40.6273626], [-73.575276, 40.6273778], [-73.5763459, 40.6284749], [-73.5779498, 40.627576], [-73.5766259, 40.6262289], [-73.5750181, 40.6271178], [-73.5745977, 40.6270574], [-73.5741403, 40.624742], [-73.5758928, 40.6245805], [-73.5763435, 40.6251316], [-73.5763935, 40.6244902], [-73.5771925, 40.6244847], [-73.5778226, 40.6265033], [-73.5793227, 40.6275638], [-73.5808126, 40.6325781], [-73.5822888, 40.6392752], [-73.5820469, 40.6393008], [-73.5821365, 40.6396928], [-73.5828618, 40.6394835], [-73.5814172, 40.6313042], [-73.5810239, 40.630981], [-73.5810957, 40.6303112], [-73.5804494, 40.6288874], [-73.5804134, 40.6279379], [-73.580523, 40.6276028], [-73.5823255, 40.6273435], [-73.5821264, 40.6270537], [-73.5831562, 40.6269006], [-73.584278, 40.6322993], [-73.5832822, 40.6268243], [-73.5839917, 40.6266231], [-73.5852047, 40.6324109], [-73.5842554, 40.6270216], [-73.5842984, 40.6265898], [-73.5853499, 40.6266088], [-73.5861057, 40.6270541], [-73.5854724, 40.6277505], [-73.5854592, 40.6283148], [-73.5866564, 40.6347718], [-73.5874234, 40.6350666], [-73.5883135, 40.6398823], [-73.5893247, 40.639776], [-73.5885323, 40.6351331], [-73.5872955, 40.6339049], [-73.5870012, 40.6321939], [-73.5874039, 40.6318418], [-73.5907831, 40.6331388], [-73.5910716, 40.6347083], [-73.5908846, 40.6331474], [-73.5915187, 40.633224], [-73.5919046, 40.6360349], [-73.5918591, 40.6336471], [-73.592827, 40.6333015], [-73.5934018, 40.6334888], [-73.5935875, 40.6365416], [-73.5937902, 40.6364917], [-73.5935936, 40.6335513], [-73.5944188, 40.633909], [-73.5944369, 40.6343279], [-73.5964927, 40.6349126], [-73.5976146, 40.6348824], [-73.5976194, 40.6358463], [-73.5968441, 40.6362371], [-73.5972046, 40.6368191], [-73.5950848, 40.6375431], [-73.5975549, 40.6369021], [-73.597466, 40.6379243], [-73.5956522, 40.6380611], [-73.5956588, 40.638206], [-73.5974895, 40.6380139], [-73.5977767, 40.6384625], [-73.5958613, 40.6388931], [-73.5954545, 40.6387348], [-73.5957503, 40.6392589], [-73.5958015, 40.6390129], [-73.5985745, 40.6385273], [-73.5981247, 40.6391665], [-73.5959782, 40.6397485], [-73.5977853, 40.6393463], [-73.5979559, 40.6395826], [-73.5963476, 40.6408548], [-73.598303, 40.639713], [-73.5989645, 40.64011], [-73.5973531, 40.6410271], [-73.5986048, 40.6405676], [-73.5985533, 40.640897], [-73.5974985, 40.6414342], [-73.5983441, 40.6412044], [-73.5991079, 40.6423622], [-73.599304, 40.6421982], [-73.5987793, 40.6406315], [-73.5990736, 40.6403822], [-73.5993509, 40.6402721], [-73.5999183, 40.6414666], [-73.5994021, 40.6416026], [-73.5995002, 40.6418519], [-73.600234, 40.6416576], [-73.5995984, 40.6398545], [-73.5981906, 40.6394628], [-73.5988219, 40.6389546], [-73.5989648, 40.6383703], [-73.5979303, 40.6382084], [-73.597749, 40.6377892], [-73.5979538, 40.6369054], [-73.5995792, 40.6362903], [-73.5978322, 40.6367176], [-73.5975686, 40.6364706], [-73.5993032, 40.6355732], [-73.597994, 40.6359257], [-73.5980573, 40.6351886], [-73.5989985, 40.6349345], [-73.5980513, 40.6350513], [-73.5975656, 40.6344629], [-73.5985822, 40.6340532], [-73.5968235, 40.6345591], [-73.5959698, 40.63406], [-73.5982956, 40.6334236], [-73.5961448, 40.633783], [-73.5966154, 40.6323408], [-73.59347, 40.6293161], [-73.5939076, 40.6287052], [-73.5933467, 40.6259488], [-73.5946779, 40.6248137], [-73.5958198, 40.6245622], [-73.5961779, 40.6239302], [-73.5951846, 40.6224815], [-73.5952693, 40.6221371], [-73.5974525, 40.6214897], [-73.5985178, 40.62153], [-73.5992367, 40.6220234], [-73.5993188, 40.6235006], [-73.6005559, 40.6242172], [-73.6013646, 40.623779], [-73.6020595, 40.6259864], [-73.6018876, 40.6269221], [-73.6042764, 40.6308089], [-73.6022648, 40.6269341], [-73.6021544, 40.6244567], [-73.6028117, 40.6229228], [-73.603678, 40.623237], [-73.6053724, 40.6229334], [-73.6056361, 40.6240975], [-73.6060276, 40.6242001], [-73.6063526, 40.623588], [-73.6074808, 40.6238216], [-73.6084823, 40.6232661], [-73.6107017, 40.6235711], [-73.6110253, 40.6241798], [-73.6120894, 40.6247749], [-73.6123152, 40.6255792], [-73.6148747, 40.6286571], [-73.6154638, 40.6301933], [-73.61662, 40.6301577], [-73.6176937, 40.6294005], [-73.6226584, 40.6325427], [-73.6231049, 40.6321229], [-73.6171669, 40.6284101], [-73.6170363, 40.6274612], [-73.6178339, 40.6263508], [-73.6179094, 40.6250112], [-73.6169864, 40.6236483], [-73.6174664, 40.622654], [-73.6177532, 40.6204545], [-73.618127, 40.6201201], [-73.6189614, 40.6205738], [-73.6202179, 40.6206453], [-73.6203506, 40.6213416], [-73.6199838, 40.6215962], [-73.6205602, 40.621998], [-73.6203309, 40.6205556], [-73.6190253, 40.6203855], [-73.6186667, 40.6200227], [-73.6194998, 40.6194582], [-73.6200001, 40.6194664], [-73.6200586, 40.6189909], [-73.6204528, 40.6192274], [-73.6210283, 40.6183236], [-73.6214886, 40.6183637], [-73.6244318, 40.616958], [-73.62555, 40.6155689], [-73.6254266, 40.6144005], [-73.6258354, 40.6137686], [-73.6290726, 40.6127938], [-73.630691, 40.6128718], [-73.6317092, 40.6121412], [-73.6341329, 40.613343], [-73.6349221, 40.613281], [-73.6352904, 40.6137199], [-73.6391485, 40.6147433], [-73.6390598, 40.6159663], [-73.6394801, 40.6147646], [-73.6399658, 40.6148461], [-73.6409151, 40.6163297], [-73.640028, 40.6164659], [-73.6405728, 40.616571], [-73.6402389, 40.6170934], [-73.6407215, 40.6165029], [-73.6412984, 40.6169454], [-73.6417866, 40.6167378], [-73.6428702, 40.6177089], [-73.6443374, 40.6180388], [-73.6488204, 40.6175178], [-73.649681, 40.6183364], [-73.6493111, 40.6195973], [-73.6490601, 40.6195222], [-73.6496474, 40.6202947], [-73.6499687, 40.6180636], [-73.6494915, 40.617433], [-73.652329, 40.6169072], [-73.6532732, 40.6200833], [-73.654625, 40.622339], [-73.6555584, 40.6227543], [-73.6559925, 40.62349], [-73.6537761, 40.6279583], [-73.654051, 40.6280377], [-73.6560658, 40.6238649], [-73.6582545, 40.6244023], [-73.6585015, 40.6247061], [-73.6562697, 40.6274559], [-73.6541883, 40.6285796], [-73.6540308, 40.6298858], [-73.6546337, 40.6288623], [-73.6557834, 40.6284459], [-73.6571709, 40.6265521], [-73.6584857, 40.6256275], [-73.6587666, 40.6244932], [-73.6578564, 40.6242034], [-73.6581955, 40.6236997], [-73.6587331, 40.6233427], [-73.6595934, 40.6233293], [-73.6609175, 40.6239291], [-73.6606958, 40.6246413], [-73.6611164, 40.6260005], [-73.6607322, 40.6274883], [-73.6587429, 40.6299899], [-73.659112, 40.6311268], [-73.6576462, 40.6339701], [-73.6580699, 40.6343939], [-73.6566152, 40.6358886], [-73.6547399, 40.6368449], [-73.6549922, 40.6371401], [-73.6551247, 40.6367615], [-73.6556176, 40.6368489], [-73.6563782, 40.6364294], [-73.6565701, 40.6369849], [-73.6570703, 40.6365893], [-73.657114, 40.6358961], [-73.6572792, 40.6361687], [-73.6596759, 40.6359593], [-73.6599668, 40.6361783], [-73.659877, 40.6368731], [-73.6587385, 40.6376414], [-73.6578753, 40.6388841], [-73.6569184, 40.6395775], [-73.6570154, 40.6404726], [-73.6588927, 40.6398443], [-73.6592918, 40.639901], [-73.6593672, 40.6406677], [-73.6595496, 40.6391628], [-73.660306, 40.6396104], [-73.6602255, 40.6389045], [-73.6588201, 40.6381427], [-73.6602636, 40.6372847], [-73.6605608, 40.6359703], [-73.6576052, 40.6354091], [-73.6578242, 40.6348816], [-73.6591729, 40.6345396], [-73.6597854, 40.6337208], [-73.6620533, 40.6342471], [-73.6596667, 40.6332933], [-73.6601618, 40.6299793], [-73.6616788, 40.6282884], [-73.6615963, 40.6266457], [-73.6626943, 40.6255185], [-73.6624722, 40.6254607], [-73.6625064, 40.6229701], [-73.6631489, 40.6225697], [-73.6669438, 40.6231381], [-73.666922, 40.6252171], [-73.6674466, 40.625984], [-73.6669936, 40.6287132], [-73.6681493, 40.628938], [-73.6682333, 40.6282692], [-73.6714065, 40.6286981], [-73.6710526, 40.629935], [-73.6719451, 40.6282401], [-73.6766648, 40.6291863], [-73.674365, 40.631798], [-73.6743302, 40.6324981], [-73.6733966, 40.6341269], [-73.6748478, 40.6323946], [-73.6749642, 40.6316689], [-73.6787242, 40.6287134], [-73.6811627, 40.6258823], [-73.6834184, 40.6256973], [-73.6826028, 40.6268906], [-73.6826594, 40.6274258], [-73.6818986, 40.6282725], [-73.6818102, 40.6294751], [-73.6810987, 40.629635], [-73.6801863, 40.6292123], [-73.6799135, 40.629508], [-73.6800583, 40.6299207], [-73.6805912, 40.6300661], [-73.6821393, 40.6296748], [-73.6829782, 40.6279316], [-73.68496, 40.6315224], [-73.6857807, 40.6317374], [-73.686231, 40.6310942], [-73.6856999, 40.6309211], [-73.6850995, 40.6311703], [-73.6836434, 40.6281644], [-73.6832989, 40.6267333], [-73.6839125, 40.6261905], [-73.685139, 40.6259817], [-73.6860531, 40.6252677], [-73.6873282, 40.6257429], [-73.6900313, 40.6306754], [-73.6904482, 40.6307933], [-73.6923546, 40.6336884], [-73.6909056, 40.6368515], [-73.6910153, 40.6375345], [-73.6920556, 40.6377907], [-73.6923338, 40.6374606], [-73.6920248, 40.6362795], [-73.693333, 40.6336286], [-73.6919162, 40.6315808], [-73.6923662, 40.6309052], [-73.6921965, 40.630086], [-73.6899094, 40.6285089], [-73.6909905, 40.6285212], [-73.6919198, 40.6281281], [-73.6918377, 40.6249821], [-73.6937592, 40.624069], [-73.6936776, 40.6238078], [-73.6975968, 40.622327], [-73.6991219, 40.6199118], [-73.6998422, 40.6200629], [-73.7003689, 40.6186902], [-73.7010893, 40.6181072], [-73.7015715, 40.6154023], [-73.7027621, 40.6153068], [-73.7052953, 40.6143858], [-73.7058358, 40.6152961], [-73.7050649, 40.6171227], [-73.7050307, 40.6181946], [-73.705786, 40.6188385], [-73.7069933, 40.6190438], [-73.7072724, 40.6199268], [-73.7067257, 40.6199511], [-73.707315, 40.6204954], [-73.7077162, 40.6201586], [-73.7092072, 40.6206301], [-73.7110774, 40.6218846], [-73.7114131, 40.6218128], [-73.712151, 40.619839], [-73.7113283, 40.6194854], [-73.7102012, 40.6204757], [-73.70954, 40.6198559], [-73.7083374, 40.6197786], [-73.7077983, 40.6186619], [-73.7058434, 40.6177548], [-73.7063848, 40.6163852], [-73.7073434, 40.6171594], [-73.7078131, 40.6169978], [-73.7066968, 40.6162347], [-73.7067093, 40.6150254], [-73.7057936, 40.6137111], [-73.7059562, 40.6132235], [-73.7067914, 40.6129826], [-73.7068849, 40.6126477], [-73.7081434, 40.6119088], [-73.7081434, 40.6116125], [-73.7080133, 40.6109459], [-73.706753, 40.6111743], [-73.7057568, 40.6109367], [-73.7074608, 40.6099287], [-73.7077753, 40.6091869], [-73.7086229, 40.6086411], [-73.7087409, 40.6084131], [-73.7084136, 40.6085556], [-73.708596, 40.6080628], [-73.708934, 40.6080506], [-73.7085209, 40.6079081], [-73.7075824, 40.6087361], [-73.7060962, 40.6083927], [-73.7056778, 40.6088529], [-73.7054579, 40.6085312], [-73.7050536, 40.6091867], [-73.7043133, 40.6093657], [-73.7050374, 40.608699], [-73.7053057, 40.6076682], [-73.704326, 40.606556], [-73.7042812, 40.6056496], [-73.7055659, 40.604452], [-73.7068099, 40.6042174], [-73.7085255, 40.6045508], [-73.7089167, 40.6042967], [-73.7058749, 40.6032668], [-73.7051919, 40.6021432], [-73.7046877, 40.601958], [-73.7015167, 40.602563], [-73.700232, 40.6005381], [-73.7000125, 40.5995256], [-73.7018257, 40.5995009], [-73.7018907, 40.5991429], [-73.6997767, 40.5989824], [-73.7003783, 40.5974019], [-73.699858, 40.5972043], [-73.6990855, 40.5974204], [-73.6984594, 40.5988774], [-73.6985164, 40.6007542], [-73.7001669, 40.6024951], [-73.7001751, 40.6030692], [-73.6990611, 40.6038903], [-73.6960283, 40.6048409], [-73.6944509, 40.6049891], [-73.6934101, 40.6038223], [-73.693337, 40.6032297], [-73.6921173, 40.6015382], [-73.6903529, 40.6007418], [-73.6894422, 40.6012974], [-73.6891251, 40.6013036], [-73.6889137, 40.6008283], [-73.6881494, 40.6007542], [-73.6864094, 40.6011308], [-73.6865126, 40.5948263], [-73.6868322, 40.5940062], [-73.6879624, 40.593043], [-73.6887511, 40.5927466], [-73.6947631, 40.5925845], [-73.6960023, 40.5922219], [-73.6992075, 40.5921038], [-73.6997936, 40.5923889], [-73.7001918, 40.5919018], [-73.7045608, 40.5917654], [-73.7109167, 40.5935153], [-73.7118993, 40.5932319], [-73.7169905, 40.5939374], [-73.7179423, 40.5943997], [-73.7198394, 40.5980322], [-73.7190026, 40.5992052], [-73.7174576, 40.6002968], [-73.71764, 40.6004923], [-73.7193888, 40.599694], [-73.72029, 40.5985698], [-73.7183067, 40.5939407], [-73.7205901, 40.5943114], [-73.7260024, 40.5941995], [-73.7263357, 40.5944826], [-73.7261997, 40.5947562], [-73.7268856, 40.5950687], [-73.7269885, 40.5955603], [-73.726009, 40.5965878], [-73.7264483, 40.5968103], [-73.726324, 40.5965499], [-73.7272114, 40.5956872], [-73.7302447, 40.5970598], [-73.7299371, 40.5974148], [-73.7301381, 40.5976048], [-73.7305769, 40.5970006], [-73.7312866, 40.5971501], [-73.7327509, 40.5966829], [-73.7346788, 40.5966767], [-73.7343133, 40.6006743], [-73.7333329, 40.6007844], [-73.7321628, 40.6023101], [-73.7315363, 40.6023013], [-73.7319018, 40.6025479], [-73.731579, 40.602758], [-73.7299421, 40.6034347], [-73.7290535, 40.6033331], [-73.7277461, 40.6043824], [-73.7273075, 40.6055296], [-73.7277194, 40.6062044], [-73.7273071, 40.6072616], [-73.7276066, 40.6074079], [-73.7278706, 40.6069758], [-73.7281684, 40.6071286], [-73.7280472, 40.606407], [-73.731563, 40.6053183], [-73.7313179, 40.6046921], [-73.7318909, 40.6040708], [-73.7348269, 40.6042716], [-73.7347367, 40.6039788], [-73.7343962, 40.6040302], [-73.7351899, 40.6036985], [-73.7360493, 40.6023407], [-73.7371557, 40.601771], [-73.7368715, 40.600573], [-73.7365814, 40.6007316], [-73.7367438, 40.6014715], [-73.7364828, 40.6018106], [-73.7361115, 40.6009298], [-73.7355314, 40.6006655], [-73.7357125, 40.597119], [-73.7359258, 40.5967359], [-73.7365667, 40.5965871], [-73.7357144, 40.5957315], [-73.7358088, 40.5947344], [-73.7388053, 40.594528], [-73.7421523, 40.5949842], [-73.7424087, 40.5947414], [-73.746025, 40.5947187], [-73.7494749, 40.5933334], [-73.7509602, 40.5922917], [-73.7524197, 40.5904986], [-73.7620162, 40.5915565], [-73.7636937, 40.5911638], [-73.7697949, 40.5910457], [-73.7806623, 40.5893841], [-73.7887257, 40.587554], [-73.7888119, 40.5878347], [-73.7918617, 40.5873977], [-73.8011805, 40.5852953], [-73.8033739, 40.5849019], [-73.803902, 40.5850573], [-73.8107263, 40.5835597], [-73.8108529, 40.5839093], [-73.8125301, 40.5837127], [-73.8231072, 40.580629], [-73.8514581, 40.57138], [-73.8546318, 40.5698782], [-73.862963, 40.5669346], [-73.8685761, 40.5656257], [-73.8795643, 40.5619144], [-73.8949549, 40.5574476], [-73.9015865, 40.5566633], [-73.9037119, 40.5560501], [-73.9246945, 40.5483787], [-73.940637, 40.5419011], [-73.9400031, 40.5490558], [-73.9420642, 40.5513265], [-73.9420496, 40.5523979], [-73.9404593, 40.5544559], [-73.9370336, 40.5568993], [-73.9355935, 40.5574847], [-73.9317032, 40.5579769], [-73.9277093, 40.5603375], [-73.9264013, 40.5614316], [-73.924866, 40.5618984], [-73.9189832, 40.562498], [-73.9132668, 40.5647047], [-73.9114743, 40.5650769], [-73.9101132, 40.5649208], [-73.9088919, 40.5641258], [-73.9079032, 40.5641127], [-73.9081216, 40.5637261], [-73.9067183, 40.5628384], [-73.9043578, 40.5629238], [-73.9028987, 40.5634454], [-73.902287, 40.5628827], [-73.9016454, 40.56287], [-73.8967727, 40.5649515], [-73.8953241, 40.5663551], [-73.8956567, 40.5669093], [-73.8952062, 40.5668942], [-73.8925739, 40.568586], [-73.8923934, 40.5682867], [-73.8916183, 40.5682886], [-73.8856209, 40.568772], [-73.8844594, 40.5679075], [-73.8834781, 40.568483], [-73.8826639, 40.5683541], [-73.8815903, 40.5687406], [-73.8778342, 40.5687924], [-73.865291, 40.574758], [-73.8520318, 40.5816159], [-73.8503916, 40.5820954], [-73.8485878, 40.5821473], [-73.8452188, 40.581601], [-73.8391443, 40.5818624], [-73.8388841, 40.5825757], [-73.8359869, 40.5828465], [-73.8284941, 40.584896], [-73.8279386, 40.5861267], [-73.8232384, 40.5875248], [-73.8214357, 40.5867828], [-73.8174304, 40.5889377], [-73.8176101, 40.5892848], [-73.8163323, 40.589453], [-73.8146243, 40.5906092], [-73.8116977, 40.5915462], [-73.8114998, 40.5921508], [-73.8113603, 40.59184], [-73.8099255, 40.5922566], [-73.8100448, 40.5930689], [-73.8097723, 40.5923293], [-73.8094758, 40.5927997], [-73.8095612, 40.5935613], [-73.8060526, 40.5919907], [-73.8057186, 40.5907493], [-73.8058268, 40.5918627], [-73.8042561, 40.5913022], [-73.8041392, 40.5918691], [-73.8075129, 40.5931117], [-73.8079009, 40.5936304], [-73.8077959, 40.5943187], [-73.806864, 40.5952919], [-73.8055496, 40.5953496], [-73.8044803, 40.594887], [-73.8040459, 40.5941549], [-73.8040542, 40.5932308], [-73.8030762, 40.5925992], [-73.8024528, 40.5926547], [-73.8025978, 40.5943822], [-73.8023055, 40.5945393], [-73.8030551, 40.5945555], [-73.8033744, 40.5949005], [-73.8032328, 40.5951652], [-73.8036599, 40.5951785], [-73.8050589, 40.5970606], [-73.8028672, 40.5988444], [-73.793216, 40.5998536], [-73.7902825, 40.6013465], [-73.7881145, 40.6029121], [-73.7865624, 40.6032791], [-73.7862444, 40.6030135], [-73.7872367, 40.6023567], [-73.7879809, 40.6009948], [-73.7904171, 40.5992272], [-73.7912325, 40.5969618], [-73.7910526, 40.5954591], [-73.7906738, 40.5947776], [-73.7897471, 40.5947515], [-73.78907, 40.5952386], [-73.7891841, 40.5971399], [-73.788777, 40.5982604], [-73.7859973, 40.600284], [-73.7853358, 40.6015156], [-73.7837138, 40.6021675], [-73.7830332, 40.6035826], [-73.7837456, 40.6047464], [-73.7836247, 40.6051183], [-73.7807124, 40.6080096], [-73.7787952, 40.6094448], [-73.7775364, 40.6097047], [-73.7752335, 40.6096078], [-73.7743343, 40.6088856], [-73.7747578, 40.6083483], [-73.7743343, 40.607582], [-73.7747029, 40.6072612], [-73.7752525, 40.6044211], [-73.7766266, 40.6021881], [-73.7781628, 40.6004424], [-73.7799292, 40.6007903], [-73.7804339, 40.6005591], [-73.7819566, 40.5991893], [-73.7818551, 40.5983062], [-73.7800481, 40.5970619], [-73.7776463, 40.5986297], [-73.7762272, 40.601232], [-73.7750748, 40.6017576], [-73.773721, 40.5981991], [-73.7723973, 40.5979198], [-73.7695368, 40.598246], [-73.7681064, 40.5978413], [-73.767958, 40.5981691], [-73.7682503, 40.5983296], [-73.7708246, 40.5989517], [-73.771026, 40.6001791], [-73.7699643, 40.6072665], [-73.7693097, 40.6082939], [-73.7690583, 40.6096808], [-73.7716875, 40.6107905], [-73.7723424, 40.6115517], [-73.7736116, 40.611613], [-73.7739244, 40.6122086], [-73.7734501, 40.613596], [-73.7703361, 40.6140846], [-73.7663664, 40.6142312], [-73.7649998, 40.6136394], [-73.765095, 40.6120322], [-73.762268, 40.6113929], [-73.7617047, 40.6118449], [-73.7602134, 40.610835], [-73.7617637, 40.6091653], [-73.7615331, 40.6090553], [-73.7599667, 40.6108879], [-73.7594919, 40.6108187], [-73.7596527, 40.6103958], [-73.7552872, 40.6102146], [-73.7546294, 40.610436], [-73.7543716, 40.6114906], [-73.7557931, 40.6113155], [-73.7567748, 40.6116739], [-73.7574347, 40.61202], [-73.7573703, 40.6128345], [-73.7582897, 40.6123626], [-73.7581016, 40.6122544], [-73.760487, 40.6124313], [-73.7633087, 40.6142801], [-73.763292, 40.6149049], [-73.7629761, 40.6150783], [-73.7575473, 40.6169595], [-73.7552674, 40.6161003], [-73.7578548, 40.6174139], [-73.7583466, 40.6184336], [-73.7607767, 40.6177577], [-73.7627079, 40.6181526], [-73.7629546, 40.6179898], [-73.7625416, 40.6175826], [-73.7630181, 40.6169973], [-73.7620373, 40.617041], [-73.7616994, 40.6168211], [-73.7619569, 40.6166582], [-73.7679511, 40.615467], [-73.7703741, 40.6159391], [-73.770202, 40.6172079], [-73.7689381, 40.6193298], [-73.7678685, 40.6202822], [-73.767037, 40.6204166], [-73.7652506, 40.6200705], [-73.7646766, 40.6207953], [-73.7653311, 40.6207179], [-73.7652131, 40.6212839], [-73.7646981, 40.6209663], [-73.763711, 40.6210966], [-73.7632121, 40.6217318], [-73.763813, 40.6226968], [-73.7642153, 40.6226072], [-73.7637218, 40.6230876], [-73.7608679, 40.6220453], [-73.7601544, 40.6223181], [-73.7604977, 40.6228678], [-73.7601437, 40.623279], [-73.758824, 40.6237798], [-73.7582554, 40.6235925], [-73.7557449, 40.6263001], [-73.7531807, 40.6267317], [-73.7519147, 40.6274727], [-73.751626, 40.6273369], [-73.7485417, 40.6295543], [-73.7466624, 40.6288613], [-73.7454027, 40.6287762], [-73.7448015, 40.6277332], [-73.7452306, 40.6288325], [-73.7471002, 40.6307208], [-73.7458574, 40.6315242], [-73.7435249, 40.6306328], [-73.7426084, 40.6309145], [-73.7411756, 40.6307957], [-73.7406651, 40.6315705], [-73.7386758, 40.6324663], [-73.7387812, 40.6327407], [-73.7402373, 40.632366], [-73.7403735, 40.6330585], [-73.7400291, 40.6334438], [-73.7406598, 40.6348457], [-73.7400804, 40.6349601], [-73.7402116, 40.635298], [-73.7419396, 40.6350011], [-73.7425437, 40.6352139], [-73.7409705, 40.6373081], [-73.7412992, 40.6378879], [-73.7427497, 40.6382526], [-73.7439084, 40.6378684], [-73.7434535, 40.638917], [-73.7437711, 40.6390472], [-73.7448017, 40.6372188], [-73.7462687, 40.6364289], [-73.746758, 40.6368197], [-73.7451959, 40.637927], [-73.7452645, 40.6382526], [-73.747067, 40.6369109], [-73.7461572, 40.6403889], [-73.7467494, 40.6422581], [-73.7475562, 40.6434304], [-73.7487493, 40.6443747], [-73.748613, 40.6450332], [-73.7493964, 40.6449771], [-73.754457, 40.6478979], [-73.7548947, 40.6475658], [-73.7547071, 40.6472468], [-73.7493942, 40.6439059], [-73.7475316, 40.6417242], [-73.7474201, 40.6396531], [-73.7486904, 40.6352827], [-73.7663286, 40.628326], [-73.7686542, 40.6247402], [-73.7688788, 40.6226286], [-73.7695441, 40.6221367], [-73.7698206, 40.621153], [-73.7707883, 40.6200775], [-73.7714967, 40.6202939], [-73.7716436, 40.6209628], [-73.7710388, 40.6218875], [-73.7707623, 40.6233893], [-73.7715095, 40.6233961], [-73.7743724, 40.626208], [-73.7758498, 40.6273162], [-73.7770854, 40.6277162], [-73.7794182, 40.6273752], [-73.7816412, 40.6248561], [-73.7846733, 40.6206187], [-73.7873179, 40.6214804], [-73.7879904, 40.6214248], [-73.7882703, 40.621696], [-73.78758, 40.6216385], [-73.7886875, 40.6222646], [-73.7889365, 40.6220327], [-73.7890282, 40.6224201], [-73.7891904, 40.6218759], [-73.7888217, 40.6213325], [-73.789975, 40.6219921], [-73.7909422, 40.6213955], [-73.7903882, 40.6223438], [-73.7889985, 40.622871], [-73.7866463, 40.6250818], [-73.7854498, 40.6267441], [-73.7848775, 40.6265967], [-73.7843486, 40.6270331], [-73.7829761, 40.6288138], [-73.7827665, 40.6301669], [-73.7853907, 40.6320324], [-73.7869165, 40.6323063], [-73.7894393, 40.63427], [-73.7903539, 40.6340713], [-73.7911784, 40.634311], [-73.7912399, 40.63489], [-73.7921511, 40.635884], [-73.7946362, 40.6366425], [-73.797286, 40.638065], [-73.7990872, 40.6384082], [-73.8056666, 40.6416404], [-73.8110318, 40.6437928], [-73.8125893, 40.6447902], [-73.8134823, 40.644718], [-73.8165541, 40.6461273], [-73.8185008, 40.6464976], [-73.8217512, 40.6497678], [-73.8233859, 40.6549939], [-73.8232982, 40.6563665], [-73.8222682, 40.6593552], [-73.8214442, 40.6599933], [-73.8186977, 40.6610806], [-73.812638, 40.660143], [-73.8114707, 40.6602277], [-73.8112218, 40.6605532], [-73.8114536, 40.660729], [-73.8186633, 40.6621419], [-73.8233325, 40.6603449], [-73.825032, 40.6553833], [-73.8232936, 40.6485542], [-73.824107, 40.6493347], [-73.8246265, 40.6496303], [-73.8250332, 40.649441], [-73.8254331, 40.649861], [-73.8256176, 40.6494954], [-73.8261576, 40.6496769], [-73.8264755, 40.6493891], [-73.8262428, 40.6483816], [-73.827106, 40.649031], [-73.8289233, 40.6494399], [-73.8298319, 40.6503089], [-73.8301332, 40.6510908], [-73.8309447, 40.6516763], [-73.8315496, 40.6538506], [-73.8289556, 40.6561679], [-73.829669, 40.6556155], [-73.8302829, 40.6556541], [-73.8310444, 40.6544469], [-73.8320003, 40.653994], [-73.8321463, 40.6542769], [-73.8312246, 40.6558343], [-73.830571, 40.6561149], [-73.8311611, 40.6561416], [-73.8316152, 40.6552414], [-73.8321731, 40.6549281], [-73.8329081, 40.6574919], [-73.8320015, 40.6562059], [-73.8326345, 40.65785], [-73.8311207, 40.6583392], [-73.8333693, 40.6580512], [-73.8312094, 40.6492455], [-73.8317604, 40.64816], [-73.8338726, 40.6481454], [-73.8352984, 40.6483617], [-73.8362282, 40.6497699], [-73.8388878, 40.6614043], [-73.8380485, 40.6615695], [-73.8380858, 40.6618638], [-73.8384864, 40.6624235], [-73.8397295, 40.6622579], [-73.8396646, 40.6620173], [-73.8400871, 40.6619521], [-73.8359355, 40.6454966], [-73.8395301, 40.6452626], [-73.8406239, 40.6449272], [-73.8474938, 40.644359], [-73.8491606, 40.6444394], [-73.8508855, 40.6451075], [-73.8519224, 40.646117], [-73.8525974, 40.6476378], [-73.8515567, 40.6491031], [-73.85087, 40.6491926], [-73.8502916, 40.6504507], [-73.8491641, 40.6511055], [-73.8500868, 40.651602], [-73.8525544, 40.6504625], [-73.8560125, 40.6510211], [-73.8563364, 40.6517945], [-73.8557652, 40.6521655], [-73.8568443, 40.652871], [-73.8577133, 40.6527709], [-73.8582685, 40.6530716], [-73.8587614, 40.6542032], [-73.8596103, 40.6550893], [-73.8601088, 40.6547587], [-73.8590238, 40.6531329], [-73.8591055, 40.652676], [-73.8570013, 40.6506183], [-73.8583782, 40.6469218], [-73.8571119, 40.6443766], [-73.8571227, 40.6437044], [-73.8626287, 40.6425222], [-73.8670778, 40.6399112], [-73.8675608, 40.6400077], [-73.8687069, 40.6411917], [-73.8707974, 40.6451385], [-73.8727476, 40.6458699], [-73.8793414, 40.6546252], [-73.8797446, 40.6543694], [-73.8732013, 40.6454377], [-73.8732398, 40.6440457], [-73.8711126, 40.6412282], [-73.8708308, 40.6403646], [-73.8702103, 40.6400821], [-73.8697002, 40.638535], [-73.8713891, 40.637101], [-73.8731641, 40.6363341], [-73.8752652, 40.6369959], [-73.876478, 40.6382522], [-73.8786182, 40.6390773], [-73.8802872, 40.6407326], [-73.8805616, 40.641395], [-73.8799452, 40.641884], [-73.8814212, 40.6423679], [-73.8822465, 40.6434661], [-73.882153, 40.6437561], [-73.8834499, 40.6444995], [-73.8846292, 40.6439765], [-73.8856043, 40.6440265], [-73.8874164, 40.6459278], [-73.8876483, 40.6478083], [-73.8886112, 40.6480301], [-73.8902665, 40.6494104], [-73.8911674, 40.6491779], [-73.889339, 40.647057], [-73.888233, 40.6471026], [-73.8882124, 40.6467695], [-73.8886295, 40.6467675], [-73.8880756, 40.646569], [-73.8882718, 40.6460145], [-73.887457, 40.6453401], [-73.8880283, 40.6450929], [-73.8873135, 40.6451783], [-73.8861845, 40.6437946], [-73.8834624, 40.6423037], [-73.8794992, 40.6382122], [-73.8789656, 40.638474], [-73.8784896, 40.6381293], [-73.878465, 40.63753], [-73.8770239, 40.6358769], [-73.8801397, 40.6330953], [-73.8834819, 40.6311185], [-73.8837489, 40.6302499], [-73.8834617, 40.6299307], [-73.884017, 40.6295684], [-73.88262, 40.6283128], [-73.883731, 40.6275995], [-73.885123, 40.628851], [-73.8874059, 40.628092], [-73.8896199, 40.6267018], [-73.8908705, 40.6249553], [-73.8924033, 40.6236373], [-73.8935244, 40.6235488], [-73.8955908, 40.6225552], [-73.8961362, 40.6227673], [-73.8966649, 40.621475], [-73.8957562, 40.6203481], [-73.8956496, 40.6195093], [-73.896466, 40.6173135], [-73.8963889, 40.616118], [-73.8957436, 40.6148768], [-73.8960096, 40.6147468], [-73.8943696, 40.6138548], [-73.8925755, 40.6137343], [-73.8915482, 40.6133396], [-73.8910784, 40.6128689], [-73.8910408, 40.6123363], [-73.8897191, 40.6114566], [-73.8899571, 40.6106862], [-73.8918927, 40.6091122], [-73.8927822, 40.6072433], [-73.8934712, 40.6066821], [-73.8967598, 40.6056026], [-73.8984527, 40.6053214], [-73.899942, 40.6055455], [-73.9010006, 40.6069294], [-73.9006999, 40.6072576], [-73.9002188, 40.6100128], [-73.9014204, 40.611127], [-73.901429, 40.6117394], [-73.9020166, 40.6117321], [-73.9032572, 40.6126191], [-73.9080127, 40.6172547], [-73.9088048, 40.6174292], [-73.9091166, 40.6171548], [-73.9089093, 40.6169865], [-73.9096197, 40.6165719], [-73.9094725, 40.6162652], [-73.9085701, 40.6153816], [-73.9078282, 40.6152619], [-73.9022272, 40.6103842], [-73.9016941, 40.6057943], [-73.9052871, 40.6049155], [-73.9060473, 40.6063378], [-73.9080705, 40.6062879], [-73.9086969, 40.6066469], [-73.9096835, 40.606188], [-73.9097746, 40.6058659], [-73.9083564, 40.6040206], [-73.9109313, 40.6034667], [-73.9136436, 40.603975], [-73.9167384, 40.6068019], [-73.9163221, 40.6086715], [-73.9168001, 40.6087584], [-73.9161747, 40.6104884], [-73.9145448, 40.6116054], [-73.9149224, 40.613143], [-73.9147079, 40.6133385], [-73.9149739, 40.6135796], [-73.9148795, 40.6139575], [-73.9139182, 40.6145569], [-73.9142272, 40.6149022], [-73.9166305, 40.6134167], [-73.9157292, 40.6118073], [-73.9180982, 40.6102175], [-73.9177119, 40.6097223], [-73.9180123, 40.6088166], [-73.9195401, 40.6079043], [-73.9144504, 40.6028216], [-73.9131447, 40.6021958], [-73.9099185, 40.6020787], [-73.9089143, 40.6016029], [-73.9073975, 40.6023368], [-73.9030094, 40.6026463], [-73.898834, 40.6036484], [-73.8976431, 40.6032473], [-73.893037, 40.6028215], [-73.8875706, 40.6052936], [-73.8846202, 40.6052122], [-73.8839657, 40.6055462], [-73.882689, 40.604251], [-73.8833971, 40.6029966], [-73.8827104, 40.6017258], [-73.8825495, 40.6006261], [-73.8816268, 40.5993879], [-73.8800778, 40.5920576], [-73.8796397, 40.5908379], [-73.8791349, 40.5906973], [-73.8795443, 40.59057], [-73.878771, 40.5876323], [-73.8767788, 40.5850326], [-73.8797423, 40.5801742], [-73.8818378, 40.5793813], [-73.8817264, 40.5791181], [-73.8820651, 40.5790265], [-73.882807, 40.5791824], [-73.8874526, 40.5780416], [-73.8917119, 40.5777808], [-73.8939864, 40.5773815], [-73.8952417, 40.5767459], [-73.8967597, 40.5792328], [-73.8966776, 40.5830143], [-73.8981662, 40.585046], [-73.8980831, 40.5860069], [-73.8987845, 40.5873364], [-73.8999877, 40.5880015], [-73.9020339, 40.5874101], [-73.9062142, 40.5871629], [-73.9115407, 40.586058], [-73.9120323, 40.5866398], [-73.9116179, 40.5871795], [-73.9119394, 40.5884394], [-73.9115183, 40.5909593], [-73.9120509, 40.5945693], [-73.9153114, 40.5988518], [-73.9178288, 40.6003688], [-73.9215893, 40.6017578], [-73.9227841, 40.6014376], [-73.9240386, 40.5996639], [-73.9248224, 40.5997585], [-73.9283986, 40.6022853], [-73.9288435, 40.6021923], [-73.9295006, 40.6026881], [-73.929616, 40.6031779], [-73.9290306, 40.6037751], [-73.9293824, 40.6040222], [-73.9299379, 40.6036922], [-73.9301544, 40.6040297], [-73.9304872, 40.6037052], [-73.9311567, 40.6038616], [-73.9320824, 40.6026839], [-73.9302126, 40.6012224], [-73.929174, 40.600864], [-73.9291866, 40.6005042], [-73.9284053, 40.6005467], [-73.9273802, 40.6000298], [-73.9225479, 40.5961522], [-73.9219042, 40.5951876], [-73.9203249, 40.5947379], [-73.9190718, 40.5937798], [-73.9164797, 40.5910946], [-73.9145227, 40.5899735], [-73.9141355, 40.5894634], [-73.9141708, 40.5888264], [-73.9173551, 40.5873728], [-73.9180761, 40.5864082], [-73.9192434, 40.5859714], [-73.9196639, 40.5861357], [-73.9210371, 40.5857434], [-73.9223606, 40.5860413], [-73.9247194, 40.5855738], [-73.927157, 40.5876271], [-73.9277664, 40.5886439], [-73.9239899, 40.5911207], [-73.9242366, 40.5913881], [-73.9281648, 40.5888388], [-73.9299393, 40.5894557], [-73.9305559, 40.5902668], [-73.9304014, 40.5920005], [-73.9297998, 40.5931406], [-73.931591, 40.5946226], [-73.9325051, 40.5948844], [-73.9326604, 40.5942852], [-73.9311643, 40.5920001], [-73.9315561, 40.5914766], [-73.931131, 40.5895107], [-73.9296547, 40.5875228], [-73.9313284, 40.5872881], [-73.9312254, 40.5868318], [-73.9285818, 40.5870469], [-73.9280926, 40.5867406], [-73.9281183, 40.5858932], [-73.9275159, 40.5860156], [-73.925157, 40.5846884], [-73.9199529, 40.5846759], [-73.9155784, 40.5862322], [-73.913055, 40.5860431], [-73.912583, 40.5856195], [-73.9127311, 40.5839842], [-73.9111644, 40.5826393], [-73.9116899, 40.581735], [-73.9157126, 40.5815341], [-73.9188973, 40.5826561], [-73.9195347, 40.582657], [-73.9197583, 40.5822344], [-73.9225604, 40.5830952], [-73.9235947, 40.5829537], [-73.9245241, 40.5832812], [-73.9275858, 40.583483], [-73.9301156, 40.5833078], [-73.9309665, 40.5827241], [-73.9320038, 40.5830907], [-73.9328435, 40.5829023], [-73.9359053, 40.5832726], [-73.941245, 40.5833024], [-73.9415634, 40.5836237], [-73.9425865, 40.5835324], [-73.9420249, 40.5831207], [-73.9427009, 40.5835227], [-73.9430776, 40.583511], [-73.9425636, 40.5831322], [-73.9431969, 40.5835022], [-73.9435701, 40.58349], [-73.9431064, 40.5831511], [-73.9436844, 40.5834815], [-73.9440903, 40.5834877], [-73.9437641, 40.5831554], [-73.9446427, 40.5835119], [-73.9443083, 40.5831682], [-73.9451975, 40.5835335], [-73.9448443, 40.5831728], [-73.94534, 40.5835402], [-73.94575, 40.5835583], [-73.9452571, 40.5831933], [-73.9463075, 40.5835804], [-73.9457879, 40.5832022], [-73.9468114, 40.5835677], [-73.946335, 40.5832197], [-73.9473094, 40.5835524], [-73.9468396, 40.5832095], [-73.9474841, 40.5835458], [-73.9535108, 40.5829946], [-73.9533203, 40.5819986], [-73.9497004, 40.5823145], [-73.9427607, 40.5810056], [-73.9326058, 40.5812857], [-73.931077, 40.5761806], [-73.9316609, 40.5756543], [-73.9349792, 40.5755565], [-73.9361708, 40.5758833], [-73.9365811, 40.575843], [-73.9366533, 40.5755081], [-73.9409723, 40.575386], [-73.9443089, 40.5756801], [-73.9446877, 40.575385], [-73.9457442, 40.5754981], [-73.9459365, 40.5751318], [-73.9526385, 40.5741945], [-73.9646477, 40.5735864], [-73.9755737, 40.5721208], [-73.9814127, 40.5718011], [-73.9929602, 40.570219], [-73.9996603, 40.570378], [-74.0020323, 40.5700235], [-74.0025534, 40.5719465], [-74.0070359, 40.5735418], [-74.0094552, 40.5740764], [-74.0110758, 40.5746963], [-74.0118086, 40.5753777], [-74.0125981, 40.5777792], [-74.0125248, 40.5784538], [-74.0118841, 40.579382], [-74.0107026, 40.5801437], [-74.0089618, 40.5805279], [-74.0075306, 40.5817442], [-74.0062271, 40.5821205], [-73.9999795, 40.5811551], [-73.9980376, 40.5815625], [-73.9979568, 40.5805874], [-73.991819, 40.5792133], [-73.9903762, 40.5794182], [-73.988561, 40.5788118], [-73.987439, 40.5790912], [-73.9866688, 40.579839], [-73.9870365, 40.5800505], [-73.9864, 40.5808339], [-73.9838036, 40.582985], [-73.9832564, 40.5829687], [-73.9814778, 40.5810522], [-73.9795496, 40.5798112], [-73.9794477, 40.5800353], [-73.977951, 40.5800842], [-73.9747979, 40.5826868], [-73.9754029, 40.5826387], [-73.977774, 40.5807646], [-73.979099, 40.5802512], [-73.9800592, 40.5806424], [-73.9815988, 40.5821906], [-73.9838197, 40.583368], [-73.9869847, 40.5811598], [-73.9880099, 40.5796608], [-73.9917193, 40.5812606], [-73.9916176, 40.5821039], [-73.9902377, 40.584669], [-73.9960113, 40.5821448], [-74.0001082, 40.5831269], [-74.0003569, 40.5840497], [-73.9982596, 40.5852986], [-73.9992791, 40.5855607], [-73.9995395, 40.5862345], [-73.9930204, 40.5887705], [-73.9949984, 40.5881647], [-73.9940477, 40.5886951], [-73.9942275, 40.5889021], [-73.9950943, 40.5885105], [-73.9948753, 40.5887793], [-73.9953853, 40.5894052], [-74.0001287, 40.5870428], [-74.0000889, 40.5865305], [-74.0003292, 40.5864609], [-74.0004033, 40.5871316], [-73.9979447, 40.5883127], [-73.9986391, 40.5891987], [-73.9992085, 40.5889314], [-73.9994706, 40.5892419], [-73.998397, 40.5897674], [-73.9986655, 40.590093], [-73.9970139, 40.5913178], [-73.9975351, 40.5919401], [-73.9994698, 40.5910994], [-74.0000634, 40.5911343], [-74.0003906, 40.5915224], [-73.9990388, 40.5923721], [-73.999497, 40.5929526], [-73.9987516, 40.5935147], [-74.0011749, 40.5924899], [-74.0024501, 40.5947462], [-74.0048727, 40.5969768], [-74.0095348, 40.6000089], [-74.0122206, 40.6013558], [-74.016322, 40.6023468], [-74.0183384, 40.6023571], [-74.021085, 40.6034783], [-74.0299027, 40.6046858], [-74.0322087, 40.6059167], [-74.0354325, 40.6085948], [-74.0351106, 40.6087424], [-74.0360801, 40.6093202], [-74.0368662, 40.6110398], [-74.0391146, 40.6132666], [-74.0401782, 40.6147796], [-74.0417449, 40.6207261], [-74.0419611, 40.6244325], [-74.0411682, 40.6301714], [-74.0368353, 40.6390105], [-74.0386965, 40.6397504], [-74.0367428, 40.6391566], [-74.0356957, 40.6406714], [-74.03671, 40.6416741], [-74.0340924, 40.6443325], [-74.032879, 40.6435994], [-74.032664, 40.6438135], [-74.0323022, 40.6435956], [-74.0305223, 40.6452217], [-74.02823, 40.6440482], [-74.0261163, 40.6460475], [-74.0260466, 40.6462684], [-74.0296961, 40.6484699], [-74.0293624, 40.648798], [-74.0257098, 40.6465955], [-74.0253906, 40.6469], [-74.0248751, 40.6467739], [-74.0241224, 40.6476142], [-74.0252273, 40.6483217], [-74.0249681, 40.6486065], [-74.0255202, 40.6497837], [-74.0245273, 40.6509541], [-74.023859, 40.6514124], [-74.0230581, 40.6509816], [-74.0227228, 40.6513102], [-74.0215375, 40.6506816], [-74.0212747, 40.6508256], [-74.0208924, 40.6512137], [-74.0222341, 40.6520505], [-74.0212597, 40.65272], [-74.0220713, 40.6533875], [-74.0212424, 40.6543072], [-74.0208299, 40.6544933], [-74.0184414, 40.653588], [-74.018089, 40.6539432], [-74.0187657, 40.6543415], [-74.0190886, 40.6541858], [-74.0189734, 40.6544721], [-74.0201309, 40.6550872], [-74.019928, 40.65527], [-74.0178731, 40.6540407], [-74.0171507, 40.6547504], [-74.0182922, 40.6555174], [-74.0181421, 40.6556779], [-74.0169289, 40.6549614], [-74.0164649, 40.6555094], [-74.019152, 40.657368], [-74.018629, 40.6578189], [-74.0159057, 40.6562132], [-74.0154401, 40.6566468], [-74.0176843, 40.6583772], [-74.0142653, 40.6566751], [-74.0150996, 40.6572295], [-74.014425, 40.6576111], [-74.0174245, 40.6594232], [-74.0155812, 40.660757], [-74.0139823, 40.6598377], [-74.0136613, 40.6600376], [-74.0118815, 40.6588001], [-74.0110881, 40.6596803], [-74.0140678, 40.6615334], [-74.0127991, 40.662008], [-74.0085862, 40.6595037], [-74.0075306, 40.6605387], [-74.0103625, 40.6623898], [-74.0100707, 40.6629367], [-74.008775, 40.6633386], [-74.0062403, 40.6618797], [-74.0057013, 40.6622918], [-74.0044346, 40.6615313], [-74.0061834, 40.6629179], [-74.005928, 40.6631229], [-74.003799, 40.6619418], [-74.0035476, 40.6621992], [-74.0076773, 40.664801], [-74.0036146, 40.6627441], [-74.0034, 40.6629949], [-74.0045958, 40.6637233], [-74.0042953, 40.664061], [-74.0052985, 40.6646685], [-74.0048951, 40.6650852], [-74.0011188, 40.6629001], [-73.9995223, 40.6643971], [-74.0028974, 40.6664652], [-74.0015603, 40.6667477], [-74.0011765, 40.6670011], [-74.0014381, 40.6671636], [-74.0006901, 40.6675446], [-74.0000216, 40.6674447], [-73.9991997, 40.6682277], [-73.9990461, 40.6691079], [-73.9987028, 40.6689696], [-73.9983631, 40.6693378], [-73.9989299, 40.6696619], [-73.9985586, 40.6712283], [-73.9988663, 40.6715879], [-74.0001898, 40.6687655], [-74.0010732, 40.6689935], [-74.0014244, 40.6683597], [-74.0022243, 40.6685821], [-74.002946, 40.6673319], [-74.0058696, 40.6679778], [-74.0069105, 40.6662207], [-74.0047469, 40.6707775], [-74.0054217, 40.6709637], [-74.0066352, 40.668617], [-74.0098817, 40.6684788], [-74.0115251, 40.6650695], [-74.0155982, 40.6646295], [-74.0165681, 40.6647141], [-74.0174521, 40.6653456], [-74.0178555, 40.6659967], [-74.0187139, 40.6709249], [-74.0190722, 40.6715867], [-74.0175561, 40.6710276], [-74.0165028, 40.6649217], [-74.0160256, 40.6648585], [-74.0158779, 40.6654241], [-74.0122727, 40.6657312], [-74.010865, 40.6686088], [-74.0103309, 40.668807], [-74.0103317, 40.669233], [-74.0108725, 40.6692366], [-74.0108538, 40.6697539], [-74.0115153, 40.6697552], [-74.0116284, 40.6705758], [-74.0142071, 40.6697184], [-74.0116861, 40.6706733], [-74.0120846, 40.6709962], [-74.0139462, 40.6711056], [-74.0136074, 40.671477], [-74.0139077, 40.6716796], [-74.0143934, 40.6714034], [-74.0138423, 40.6718671], [-74.0143064, 40.6721785], [-74.0129498, 40.6733225], [-74.0133757, 40.6736015], [-74.0151057, 40.6721796], [-74.0162884, 40.6729877], [-74.0146126, 40.6744223], [-74.0149117, 40.6746324], [-74.0181476, 40.6719455], [-74.0188162, 40.672247], [-74.0172694, 40.6735769], [-74.0181448, 40.6743575], [-74.0177345, 40.6752751], [-74.0182058, 40.6755189], [-74.0188581, 40.6750878], [-74.0183735, 40.6755501], [-74.0185163, 40.6757938], [-74.0179685, 40.6759845], [-74.0179412, 40.6765772], [-74.0198094, 40.6766672], [-74.0197839, 40.6771208], [-74.0190672, 40.6771517], [-74.0192126, 40.6778394], [-74.0184245, 40.6779061], [-74.0183195, 40.6786835], [-74.0185686, 40.6789797], [-74.0194702, 40.6790396], [-74.0192959, 40.6796046], [-74.0151887, 40.6819821]]], [[[-71.6926004, 41.3419141], [-71.6979981, 41.339706], [-71.6994788, 41.3383932], [-71.7027325, 41.3366533], [-71.7036921, 41.3359127], [-71.7041943, 41.3349706], [-71.7058459, 41.3339345], [-71.7091, 41.333319], [-71.712235, 41.3319695], [-71.7131717, 41.3318715], [-71.7145584, 41.3310492], [-71.7185799, 41.3306964], [-71.7175519, 41.3317656], [-71.7185735, 41.3331949], [-71.722535, 41.336463], [-71.7222689, 41.3370944], [-71.7229036, 41.3384958], [-71.7222389, 41.3380225], [-71.7220475, 41.3370767], [-71.7212941, 41.3369989], [-71.7216417, 41.336547], [-71.7209536, 41.3361765], [-71.7213192, 41.3365246], [-71.7207971, 41.3368616], [-71.7207199, 41.3376858], [-71.7208786, 41.3382849], [-71.7225686, 41.3387331], [-71.7226921, 41.3392761], [-71.7212906, 41.3388151], [-71.7200825, 41.3375215], [-71.7205291, 41.3384759], [-71.7199984, 41.3388265], [-71.7193468, 41.3381574], [-71.7196978, 41.3375558], [-71.7188345, 41.3370063], [-71.7173923, 41.3377553], [-71.7169563, 41.3384308], [-71.7170939, 41.338681], [-71.7167661, 41.3387018], [-71.7167438, 41.3380838], [-71.7174434, 41.3373244], [-71.7187711, 41.3367915], [-71.7171051, 41.3372429], [-71.7169947, 41.3365379], [-71.717555, 41.3363676], [-71.7177108, 41.3367443], [-71.7183308, 41.3367451], [-71.7184387, 41.3363674], [-71.7180424, 41.3360008], [-71.7188012, 41.3357252], [-71.7184602, 41.3353552], [-71.7175601, 41.3354898], [-71.7174077, 41.3353241], [-71.7177211, 41.335197], [-71.717183, 41.3346685], [-71.7168657, 41.3348921], [-71.7170534, 41.3352515], [-71.7179254, 41.3360152], [-71.717448, 41.3360927], [-71.7175801, 41.3357935], [-71.7170523, 41.3356418], [-71.7169641, 41.3360226], [-71.7173569, 41.3362066], [-71.716998, 41.3362709], [-71.7156364, 41.3354964], [-71.715473, 41.3358735], [-71.7163882, 41.336425], [-71.7155215, 41.3365733], [-71.71516, 41.3372963], [-71.7154243, 41.3385156], [-71.7157275, 41.3385511], [-71.7153231, 41.3389444], [-71.7161681, 41.3388989], [-71.7151562, 41.3396586], [-71.715745, 41.3398446], [-71.7164106, 41.3395191], [-71.7162707, 41.3400159], [-71.7156618, 41.3401754], [-71.7149055, 41.3398994], [-71.7146356, 41.3401257], [-71.7145771, 41.3397125], [-71.7139368, 41.3400828], [-71.7144241, 41.3394181], [-71.7142, 41.3392931], [-71.7143701, 41.3388606], [-71.7141979, 41.3391718], [-71.7129976, 41.3391777], [-71.7136611, 41.338764], [-71.7132015, 41.3380436], [-71.7139098, 41.3378928], [-71.7134698, 41.3375666], [-71.7139582, 41.3372753], [-71.7136248, 41.3361575], [-71.7131249, 41.3368508], [-71.7121428, 41.3373303], [-71.7123681, 41.338784], [-71.7127742, 41.3392523], [-71.7122975, 41.3396257], [-71.712472, 41.3406884], [-71.7122341, 41.3413093], [-71.7127842, 41.3423614], [-71.711699, 41.3438893], [-71.7123137, 41.3447336], [-71.7111591, 41.3450382], [-71.7113153, 41.3444805], [-71.7108055, 41.3444802], [-71.7107257, 41.3449505], [-71.7111159, 41.3451014], [-71.7109573, 41.3456356], [-71.710045, 41.3462307], [-71.7100144, 41.3467361], [-71.7090419, 41.3470156], [-71.7089151, 41.3483518], [-71.7085062, 41.3486393], [-71.7093719, 41.3491477], [-71.7089126, 41.3496303], [-71.7093307, 41.349775], [-71.708533, 41.3499022], [-71.7088454, 41.3503095], [-71.7092982, 41.3503031], [-71.7086548, 41.3510378], [-71.7092516, 41.3516064], [-71.7102172, 41.351445], [-71.7098818, 41.351959], [-71.7116259, 41.3514231], [-71.7114629, 41.3508935], [-71.71096, 41.3512256], [-71.7105151, 41.3508253], [-71.7106728, 41.3504323], [-71.7115949, 41.3507769], [-71.7119631, 41.3512342], [-71.7142, 41.351536], [-71.7154354, 41.3505985], [-71.7163978, 41.3502923], [-71.7170488, 41.3489406], [-71.7182273, 41.3503197], [-71.7182813, 41.3497852], [-71.71977, 41.3486883], [-71.7206644, 41.348423], [-71.7224339, 41.3464987], [-71.7231887, 41.3470726], [-71.7229398, 41.3480408], [-71.7240117, 41.3480453], [-71.7242223, 41.3477356], [-71.723788, 41.3465612], [-71.7242177, 41.3459645], [-71.7241346, 41.3454521], [-71.7257039, 41.3443392], [-71.7271836, 41.3446329], [-71.7281483, 41.3440915], [-71.7285093, 41.3452921], [-71.7291499, 41.3453353], [-71.7298428, 41.3441704], [-71.7293236, 41.3440529], [-71.7292803, 41.3436688], [-71.7301479, 41.3428669], [-71.7311134, 41.3427392], [-71.7320345, 41.3416268], [-71.7323218, 41.3406076], [-71.7320153, 41.3386591], [-71.7331799, 41.3375016], [-71.7333345, 41.3365748], [-71.7341411, 41.3360233], [-71.7359059, 41.3359452], [-71.7368456, 41.3351857], [-71.7370967, 41.3365647], [-71.7366656, 41.3371185], [-71.7368162, 41.3379686], [-71.7374351, 41.3383666], [-71.738172, 41.3380134], [-71.7387112, 41.338809], [-71.7394564, 41.3373619], [-71.7426431, 41.3357914], [-71.7430486, 41.334762], [-71.7443648, 41.3332837], [-71.7447532, 41.3334902], [-71.7450462, 41.3345467], [-71.7467673, 41.335471], [-71.7473698, 41.3354081], [-71.7475221, 41.336537], [-71.7487743, 41.3367794], [-71.7506027, 41.3361802], [-71.7508551, 41.3357491], [-71.7501805, 41.3348217], [-71.7504039, 41.3347267], [-71.750063, 41.3318849], [-71.7495946, 41.330145], [-71.7487479, 41.3300164], [-71.7498861, 41.3296011], [-71.7508253, 41.3299942], [-71.751191, 41.3296795], [-71.7513124, 41.3287437], [-71.7508349, 41.3281039], [-71.7497638, 41.3280654], [-71.7482194, 41.329556], [-71.7481256, 41.3300172], [-71.7476481, 41.3296587], [-71.74775, 41.329268], [-71.7472833, 41.3294452], [-71.7474067, 41.3298984], [-71.7466745, 41.3298843], [-71.7457035, 41.3307323], [-71.7442095, 41.3305953], [-71.7421592, 41.3312352], [-71.7403168, 41.3312467], [-71.7395693, 41.3317051], [-71.7391187, 41.332563], [-71.7381477, 41.3321159], [-71.7360038, 41.3321144], [-71.7355225, 41.3318218], [-71.7345505, 41.3322159], [-71.7342577, 41.3319972], [-71.7334372, 41.3321578], [-71.7329132, 41.3323579], [-71.7330121, 41.3332403], [-71.7322467, 41.3336106], [-71.7325338, 41.3340861], [-71.733566, 41.3342221], [-71.733969, 41.3335748], [-71.7336731, 41.3326026], [-71.7341877, 41.3335228], [-71.7336209, 41.3346852], [-71.7327245, 41.3343591], [-71.7319494, 41.3348443], [-71.7309892, 41.3341818], [-71.7314892, 41.3338697], [-71.7317886, 41.3327709], [-71.7313162, 41.3325107], [-71.7296799, 41.3327864], [-71.7298835, 41.3330512], [-71.7296585, 41.3332728], [-71.7284188, 41.3335644], [-71.7282929, 41.3346318], [-71.7267803, 41.334785], [-71.7242376, 41.3343191], [-71.7247984, 41.3335276], [-71.7256165, 41.3333465], [-71.7244297, 41.3334493], [-71.7240651, 41.333662], [-71.7243348, 41.3336818], [-71.7242453, 41.3339716], [-71.7236404, 41.334065], [-71.7212237, 41.3328403], [-71.7209471, 41.3330835], [-71.7214168, 41.3336675], [-71.7228396, 41.3343864], [-71.7223901, 41.3347965], [-71.7234618, 41.3344795], [-71.7254726, 41.3348045], [-71.7259028, 41.3351659], [-71.7259461, 41.3355435], [-71.7254447, 41.3359571], [-71.724716, 41.3360037], [-71.7252303, 41.3357504], [-71.7246839, 41.3356131], [-71.7244028, 41.3359994], [-71.7232258, 41.3363999], [-71.7189639, 41.3326717], [-71.7182813, 41.33179], [-71.7187874, 41.3310616], [-71.718751, 41.3314356], [-71.7206386, 41.3319593], [-71.7255951, 41.3321298], [-71.7309013, 41.3316208], [-71.7400982, 41.3297779], [-71.7486037, 41.3275714], [-71.7496796, 41.3271076], [-71.7520523, 41.3253162], [-71.7534499, 41.3263116], [-71.7567573, 41.3267226], [-71.7582844, 41.3275024], [-71.7596752, 41.3276777], [-71.7607186, 41.3284502], [-71.7624297, 41.3284284], [-71.7626299, 41.3274733], [-71.7623983, 41.3298657], [-71.7634374, 41.3320397], [-71.7665265, 41.3353621], [-71.7674899, 41.3362223], [-71.7676022, 41.3359015], [-71.7677298, 41.3363895], [-71.7683995, 41.3367632], [-71.7690022, 41.3349496], [-71.7693701, 41.3352361], [-71.7695534, 41.3360627], [-71.7705553, 41.3359701], [-71.7709914, 41.3347401], [-71.7694357, 41.334882], [-71.7706103, 41.3342653], [-71.772386, 41.3347008], [-71.7729304, 41.3344487], [-71.7730826, 41.3339959], [-71.7741821, 41.3348299], [-71.7745334, 41.3346479], [-71.7742152, 41.3340723], [-71.7745343, 41.3336779], [-71.7749422, 41.3343264], [-71.7767574, 41.3352476], [-71.7768638, 41.3342681], [-71.7772683, 41.3343472], [-71.7768923, 41.3349892], [-71.7775808, 41.3353504], [-71.7782103, 41.3365263], [-71.77799, 41.3373866], [-71.7787228, 41.3380357], [-71.7784707, 41.3388921], [-71.7786916, 41.3393631], [-71.7794122, 41.3378917], [-71.779395, 41.3369075], [-71.7797053, 41.3369175], [-71.779896, 41.336498], [-71.7797826, 41.3359155], [-71.7799371, 41.3351346], [-71.7799136, 41.336073], [-71.7804847, 41.3365053], [-71.7810056, 41.3360868], [-71.7817366, 41.3360478], [-71.7819412, 41.3355728], [-71.7839676, 41.3352164], [-71.7836827, 41.3348804], [-71.7841371, 41.3349558], [-71.7842438, 41.335895], [-71.7845939, 41.3359298], [-71.7848403, 41.3354796], [-71.7851268, 41.3360315], [-71.7850455, 41.3364497], [-71.7847708, 41.33599], [-71.7843836, 41.336192], [-71.7847331, 41.3365386], [-71.7845136, 41.3375788], [-71.7860892, 41.3386153], [-71.7867481, 41.3382742], [-71.7868413, 41.337835], [-71.7861666, 41.3375031], [-71.786059, 41.3369873], [-71.7867364, 41.3375171], [-71.7875617, 41.3369999], [-71.7875446, 41.3364706], [-71.7870649, 41.3367409], [-71.7868042, 41.3361987], [-71.7876904, 41.3342515], [-71.7891251, 41.333803], [-71.7868514, 41.3334435], [-71.7860212, 41.3339254], [-71.7860604, 41.3325065], [-71.7874997, 41.3328249], [-71.7880189, 41.3322093], [-71.7888816, 41.33186], [-71.7903264, 41.3325584], [-71.7916434, 41.332286], [-71.7939762, 41.3327416], [-71.7955765, 41.3325046], [-71.7961947, 41.332168], [-71.7969226, 41.331047], [-71.7980943, 41.3315396], [-71.7991992, 41.3314371], [-71.7994958, 41.3305312], [-71.7989501, 41.3304018], [-71.7990757, 41.330195], [-71.8005048, 41.3293559], [-71.8011053, 41.3294733], [-71.800872, 41.3305907], [-71.8014252, 41.3310484], [-71.8031876, 41.3308594], [-71.804382, 41.3300613], [-71.8057462, 41.3300511], [-71.8075712, 41.3290593], [-71.8077066, 41.3281772], [-71.8083303, 41.3277456], [-71.808329, 41.3267243], [-71.8087919, 41.3262846], [-71.808552, 41.3257058], [-71.8087092, 41.324814], [-71.8094249, 41.3242283], [-71.8099203, 41.3231913], [-71.8092172, 41.3228548], [-71.8079304, 41.3235085], [-71.8072613, 41.3234548], [-71.8070371, 41.3237964], [-71.8045006, 41.3245875], [-71.80086, 41.3263693], [-71.7995381, 41.3273914], [-71.797953, 41.3267777], [-71.7982748, 41.326356], [-71.7993898, 41.3260518], [-71.7992525, 41.3254378], [-71.7988838, 41.3259945], [-71.7980522, 41.3262381], [-71.7976005, 41.3257438], [-71.7973509, 41.3264204], [-71.7972638, 41.3261258], [-71.796409, 41.3266168], [-71.7975365, 41.3266971], [-71.7977933, 41.3271478], [-71.7972131, 41.3268093], [-71.7967058, 41.3269408], [-71.7960401, 41.3265999], [-71.7951608, 41.3268046], [-71.7947307, 41.3265441], [-71.7953062, 41.3266593], [-71.7955147, 41.3262562], [-71.794871, 41.3264835], [-71.7937719, 41.3260441], [-71.7915005, 41.3262588], [-71.7905317, 41.3258599], [-71.7895958, 41.3266071], [-71.7896396, 41.3272698], [-71.7894232, 41.32702], [-71.7891304, 41.3272761], [-71.7881189, 41.3272154], [-71.7881597, 41.3274521], [-71.7891726, 41.3276434], [-71.7879229, 41.3281579], [-71.7897773, 41.3275817], [-71.7893241, 41.3280707], [-71.7887682, 41.3281332], [-71.7884765, 41.3288945], [-71.787248, 41.3292337], [-71.7875853, 41.3285032], [-71.7873887, 41.3283088], [-71.7863124, 41.329741], [-71.7859837, 41.3294753], [-71.7860617, 41.3286284], [-71.785856, 41.3291582], [-71.7847807, 41.3293768], [-71.7846151, 41.3296952], [-71.784983, 41.3297158], [-71.7846506, 41.3298759], [-71.7840184, 41.3297598], [-71.7839068, 41.3292455], [-71.7838944, 41.3295618], [-71.7835956, 41.3293157], [-71.7836392, 41.3296206], [-71.7829016, 41.3293273], [-71.7826322, 41.3296622], [-71.7828249, 41.3298781], [-71.782419, 41.3300214], [-71.7820816, 41.3307466], [-71.7815051, 41.3305812], [-71.7817163, 41.3309711], [-71.7806652, 41.3309401], [-71.7806198, 41.3313471], [-71.7801044, 41.3310071], [-71.7796681, 41.3314196], [-71.7777682, 41.331725], [-71.774037, 41.3316315], [-71.7736812, 41.3315214], [-71.7739655, 41.3313539], [-71.7735553, 41.3315516], [-71.7732566, 41.3314154], [-71.7736584, 41.3312307], [-71.7730379, 41.3307195], [-71.7736492, 41.330999], [-71.7740297, 41.3308565], [-71.7737885, 41.3305709], [-71.7718898, 41.3306686], [-71.7713922, 41.3319102], [-71.770146, 41.3322792], [-71.7691632, 41.3321919], [-71.7685201, 41.3325428], [-71.7676602, 41.3339462], [-71.7676049, 41.3344539], [-71.7677936, 41.3345727], [-71.7678347, 41.333923], [-71.7683907, 41.333754], [-71.7683205, 41.3329118], [-71.7687023, 41.3339041], [-71.7677692, 41.3354437], [-71.7671466, 41.3352549], [-71.7655374, 41.3333091], [-71.7652143, 41.332831], [-71.7652058, 41.3319474], [-71.7649757, 41.3325925], [-71.7638303, 41.3308505], [-71.7634005, 41.3306756], [-71.7629168, 41.3297753], [-71.7631172, 41.3277518], [-71.7631847, 41.3287954], [-71.7656432, 41.328953], [-71.774546, 41.3280214], [-71.7844816, 41.3262187], [-71.7930168, 41.3242049], [-71.8041086, 41.3225402], [-71.8219359, 41.318947], [-71.8327787, 41.3162885], [-71.8440857, 41.3123426], [-71.8536, 41.3083887], [-71.8569746, 41.3062709], [-71.8581499, 41.3038785], [-71.8587881, 41.3035785], [-71.8585621, 41.3056061], [-71.8576109, 41.3058251], [-71.8573806, 41.3068289], [-71.8580299, 41.3082951], [-71.8600359, 41.3095101], [-71.8631735, 41.3099676], [-71.8630019, 41.3104411], [-71.863246, 41.3105781], [-71.8654048, 41.310925], [-71.8721683, 41.3102932], [-71.8764692, 41.3089716], [-71.8840014, 41.3056434], [-71.8856146, 41.306005], [-71.8865705, 41.3071248], [-71.8844462, 41.3077131], [-71.8826619, 41.3098823], [-71.8776984, 41.3098877], [-71.8792861, 41.3094779], [-71.882499, 41.3095269], [-71.8815676, 41.3082202], [-71.880762, 41.3081277], [-71.8797876, 41.3085342], [-71.878833, 41.3094119], [-71.8720987, 41.3113699], [-71.8641097, 41.3117936], [-71.8626705, 41.312203], [-71.862052, 41.3128082], [-71.8617278, 41.3111926], [-71.8604739, 41.3102966], [-71.8591038, 41.3099833], [-71.8588396, 41.3099983], [-71.8591, 41.3102731], [-71.8588272, 41.310344], [-71.8587786, 41.3100189], [-71.8581267, 41.3104058], [-71.858513, 41.3105152], [-71.8582671, 41.3107189], [-71.8580799, 41.3104421], [-71.8578129, 41.310646], [-71.856865, 41.3119994], [-71.8571086, 41.3124406], [-71.8573731, 41.3123057], [-71.8575262, 41.3128715], [-71.85958, 41.313393], [-71.8592235, 41.3143753], [-71.8586836, 41.3144371], [-71.85873, 41.3152331], [-71.8575104, 41.3155506], [-71.8570689, 41.3145051], [-71.8567403, 41.314497], [-71.8553089, 41.3146684], [-71.8548055, 41.3154031], [-71.8556498, 41.3155596], [-71.8552095, 41.3167779], [-71.8556979, 41.3167494], [-71.8557799, 41.3170521], [-71.8569078, 41.3172362], [-71.8572687, 41.3164387], [-71.8578178, 41.3165357], [-71.8584561, 41.3171729], [-71.8596947, 41.31662], [-71.8596813, 41.3174036], [-71.8592978, 41.3176151], [-71.8580846, 41.3174482], [-71.8579873, 41.3182898], [-71.8567909, 41.3184998], [-71.8559366, 41.3199485], [-71.8550136, 41.3203041], [-71.8533862, 41.3203638], [-71.8547491, 41.3198], [-71.8535874, 41.3193524], [-71.8535733, 41.3188087], [-71.8520751, 41.3190099], [-71.8517729, 41.319642], [-71.8499284, 41.319746], [-71.8509279, 41.3201474], [-71.8503591, 41.3202141], [-71.8499867, 41.3209865], [-71.851747, 41.3208475], [-71.8502519, 41.3217644], [-71.8507006, 41.3222878], [-71.8502287, 41.3225382], [-71.849878, 41.3221168], [-71.8482559, 41.3230587], [-71.8468895, 41.3233922], [-71.8456766, 41.3242392], [-71.845372, 41.3240722], [-71.845453, 41.3242935], [-71.8449556, 41.3245646], [-71.8452853, 41.324982], [-71.8443893, 41.3242139], [-71.8434911, 41.3241643], [-71.8425805, 41.3244762], [-71.8428045, 41.3248384], [-71.8423561, 41.3247243], [-71.8418442, 41.3257666], [-71.8410587, 41.3258639], [-71.8408799, 41.325419], [-71.8405945, 41.3254519], [-71.8410774, 41.3260235], [-71.8405194, 41.3265838], [-71.8413177, 41.3264715], [-71.8408852, 41.3268669], [-71.8410512, 41.3279697], [-71.84286, 41.3267976], [-71.84604, 41.3266294], [-71.8469693, 41.3259647], [-71.847387, 41.3260876], [-71.8474105, 41.3279438], [-71.846411, 41.3290291], [-71.8458025, 41.3293534], [-71.8448765, 41.3293112], [-71.8447187, 41.3300866], [-71.843171, 41.3304552], [-71.841499, 41.331736], [-71.8406048, 41.3318736], [-71.8401713, 41.3323703], [-71.839957, 41.3321848], [-71.8393777, 41.3325878], [-71.8394819, 41.3329733], [-71.8391752, 41.3328486], [-71.8385896, 41.3333546], [-71.8387059, 41.333565], [-71.8368673, 41.3334386], [-71.8367528, 41.333941], [-71.8360901, 41.3342402], [-71.8363235, 41.3343727], [-71.8359248, 41.3348241], [-71.8360779, 41.334994], [-71.835843, 41.3349029], [-71.8349536, 41.3361298], [-71.8342154, 41.3362165], [-71.833507, 41.3358727], [-71.8322887, 41.3365256], [-71.8320787, 41.335949], [-71.8323397, 41.3348968], [-71.8334695, 41.33506], [-71.8331129, 41.3347284], [-71.832195, 41.3344083], [-71.8313915, 41.3346319], [-71.8308113, 41.3354143], [-71.8304266, 41.3347162], [-71.8295832, 41.3347711], [-71.82905, 41.3364897], [-71.8297992, 41.33721], [-71.8304173, 41.3369557], [-71.8306974, 41.3374917], [-71.8303643, 41.3379345], [-71.8280483, 41.3382824], [-71.828166, 41.3374283], [-71.8275318, 41.3370739], [-71.8275826, 41.3358762], [-71.8268026, 41.3352106], [-71.8267382, 41.3346089], [-71.8254415, 41.3351653], [-71.8252843, 41.335762], [-71.8259964, 41.3359708], [-71.8268654, 41.3357631], [-71.82684, 41.3363343], [-71.8265653, 41.3361637], [-71.8260708, 41.336613], [-71.8261629, 41.3369946], [-71.8267319, 41.3369444], [-71.8265497, 41.3376723], [-71.825936, 41.3373087], [-71.8257934, 41.3375573], [-71.8261823, 41.3382969], [-71.8265586, 41.3383369], [-71.8268892, 41.3378983], [-71.8271329, 41.3384029], [-71.826905, 41.3391401], [-71.8277946, 41.3399436], [-71.8272992, 41.3397623], [-71.8266756, 41.3401685], [-71.8269695, 41.3409858], [-71.8268055, 41.3421581], [-71.8244032, 41.3425317], [-71.8234818, 41.343273], [-71.8263407, 41.3431226], [-71.8276661, 41.3440829], [-71.8267232, 41.3441119], [-71.8266549, 41.3443636], [-71.8277832, 41.3444757], [-71.8278149, 41.3451907], [-71.8292334, 41.3461187], [-71.8290917, 41.3464593], [-71.8276284, 41.3471532], [-71.8275954, 41.3476262], [-71.8279998, 41.3479283], [-71.827794, 41.3482193], [-71.8264381, 41.3480602], [-71.8263555, 41.3490017], [-71.8287874, 41.3499676], [-71.8294628, 41.3506661], [-71.8301662, 41.3522361], [-71.8301739, 41.3530639], [-71.8298614, 41.3532602], [-71.8300931, 41.3535994], [-71.8309541, 41.3534443], [-71.8341546, 41.3541684], [-71.8350238, 41.3551285], [-71.8348596, 41.3558817], [-71.8356232, 41.3562937], [-71.8354545, 41.3574368], [-71.836472, 41.3589524], [-71.8368604, 41.3614295], [-71.8397272, 41.3609422], [-71.8399717, 41.3606525], [-71.8399313, 41.3574054], [-71.8389366, 41.3560413], [-71.8380373, 41.3553719], [-71.8381637, 41.3539905], [-71.8375995, 41.3536502], [-71.8378965, 41.3534491], [-71.8373941, 41.3534947], [-71.8377803, 41.3531861], [-71.8372343, 41.3531258], [-71.8377842, 41.3521603], [-71.8370153, 41.3507046], [-71.8364924, 41.3507769], [-71.8360726, 41.3514987], [-71.8356587, 41.3515868], [-71.8337762, 41.351182], [-71.8322418, 41.3500421], [-71.832811, 41.3496334], [-71.8329749, 41.3489953], [-71.8338097, 41.3484861], [-71.8330477, 41.3473277], [-71.8320092, 41.3472039], [-71.8316787, 41.3461705], [-71.8304181, 41.3460922], [-71.8312494, 41.3452322], [-71.8310944, 41.3446365], [-71.8317487, 41.3438856], [-71.8304763, 41.3427578], [-71.8308618, 41.3425093], [-71.8320909, 41.3427188], [-71.8321264, 41.3419783], [-71.8332486, 41.3415165], [-71.832939, 41.3411519], [-71.8336149, 41.3399149], [-71.8344189, 41.3395822], [-71.8343642, 41.3393708], [-71.8355905, 41.3389529], [-71.8363551, 41.3393034], [-71.8361924, 41.3384729], [-71.8366386, 41.3375106], [-71.8377115, 41.3365293], [-71.8393667, 41.3357418], [-71.8407516, 41.3343372], [-71.8427003, 41.3338165], [-71.8429011, 41.3333082], [-71.8450863, 41.3333261], [-71.8443326, 41.3324379], [-71.8445223, 41.3314424], [-71.8460693, 41.3310306], [-71.8470935, 41.3311966], [-71.8490849, 41.3302989], [-71.8506958, 41.3299789], [-71.8512878, 41.3289926], [-71.8516027, 41.3290023], [-71.8522707, 41.3301538], [-71.8528536, 41.3301606], [-71.8533269, 41.3290753], [-71.8529795, 41.3279015], [-71.8535455, 41.3277339], [-71.8538226, 41.3270857], [-71.8535688, 41.3266187], [-71.858016, 41.3251536], [-71.8578249, 41.3237364], [-71.8586686, 41.3236505], [-71.8591119, 41.3229024], [-71.8599935, 41.322446], [-71.860567, 41.3225078], [-71.8609407, 41.3232811], [-71.8614642, 41.3231909], [-71.8613475, 41.3240271], [-71.8618253, 41.3248963], [-71.8619848, 41.3273183], [-71.8622775, 41.3275024], [-71.8620001, 41.3277653], [-71.8626514, 41.3291249], [-71.8627096, 41.3305153], [-71.8621126, 41.3320459], [-71.8611344, 41.3325336], [-71.8603685, 41.3324231], [-71.8577198, 41.3330224], [-71.8576385, 41.3331381], [-71.8577836, 41.3334234], [-71.8588472, 41.3328501], [-71.8611787, 41.3327803], [-71.8636673, 41.3313375], [-71.8640767, 41.3308304], [-71.8636568, 41.3302097], [-71.8639388, 41.3280378], [-71.8655591, 41.3280228], [-71.8648509, 41.3291615], [-71.8653892, 41.3295539], [-71.8658389, 41.3305528], [-71.8672906, 41.3298429], [-71.8676939, 41.3284212], [-71.8683068, 41.3278629], [-71.8682934, 41.3287705], [-71.8696763, 41.3283969], [-71.8700733, 41.3288247], [-71.8699436, 41.3295638], [-71.8685442, 41.3312846], [-71.8671961, 41.3322221], [-71.86597, 41.3324085], [-71.8659109, 41.3329607], [-71.8671432, 41.3332756], [-71.8670583, 41.3336409], [-71.8661601, 41.3332833], [-71.863977, 41.3331581], [-71.8623264, 41.3335659], [-71.8621458, 41.3341189], [-71.8624622, 41.333984], [-71.8632357, 41.3347757], [-71.8645362, 41.334468], [-71.8647262, 41.3351628], [-71.8655546, 41.3357239], [-71.8639583, 41.3369134], [-71.8665458, 41.3356045], [-71.8669336, 41.3359111], [-71.8666969, 41.3372671], [-71.867132, 41.3358275], [-71.8682466, 41.3356468], [-71.8672341, 41.334969], [-71.8691119, 41.3344309], [-71.8694447, 41.3357902], [-71.8698678, 41.3359773], [-71.869736, 41.3362617], [-71.8705295, 41.3364177], [-71.8712981, 41.3357662], [-71.8718078, 41.335862], [-71.8719844, 41.3361696], [-71.8715941, 41.3370979], [-71.8710035, 41.3376897], [-71.8690074, 41.3380055], [-71.8665843, 41.3394565], [-71.8691762, 41.3383138], [-71.8697043, 41.338895], [-71.8698294, 41.3395993], [-71.8704852, 41.339723], [-71.8709477, 41.3402517], [-71.8705141, 41.3396475], [-71.8698953, 41.3394981], [-71.8700374, 41.3387181], [-71.8719747, 41.3379662], [-71.8746186, 41.3381681], [-71.8743255, 41.3398444], [-71.8746372, 41.3399233], [-71.8747823, 41.3385093], [-71.8755931, 41.3372525], [-71.8757009, 41.33653], [-71.8766793, 41.3361788], [-71.8770386, 41.3367333], [-71.8786026, 41.3363621], [-71.8785096, 41.3369357], [-71.8793667, 41.3381562], [-71.8808743, 41.3386322], [-71.8798935, 41.3396751], [-71.8806076, 41.3407694], [-71.8804509, 41.3420893], [-71.8809481, 41.343424], [-71.880579, 41.3445085], [-71.8811922, 41.3455005], [-71.881032, 41.3461791], [-71.8812892, 41.3464383], [-71.885004, 41.3440723], [-71.8853294, 41.3435005], [-71.8848576, 41.3430819], [-71.8862904, 41.3423159], [-71.887174, 41.3413376], [-71.8888677, 41.3407525], [-71.8880241, 41.3414747], [-71.8882039, 41.3419176], [-71.8897167, 41.3409208], [-71.8887599, 41.3398547], [-71.8897992, 41.3407571], [-71.8905321, 41.3403437], [-71.8900467, 41.3393379], [-71.8903312, 41.3393875], [-71.8906684, 41.3388924], [-71.8909225, 41.339083], [-71.8908291, 41.3397109], [-71.891179, 41.3398525], [-71.8928446, 41.3387224], [-71.8927891, 41.3373297], [-71.8931536, 41.3370581], [-71.8932156, 41.3362879], [-71.8952568, 41.3342746], [-71.8976393, 41.3340529], [-71.8981966, 41.3328091], [-71.8984102, 41.3330255], [-71.8978713, 41.3340079], [-71.8981157, 41.3353945], [-71.898619, 41.3354394], [-71.8989787, 41.3353918], [-71.8986233, 41.3351245], [-71.8990152, 41.3346415], [-71.8996746, 41.3350461], [-71.9000007, 41.3347675], [-71.9007215, 41.3351174], [-71.9020018, 41.3349469], [-71.9021361, 41.33427], [-71.9031134, 41.3335697], [-71.9032148, 41.3330823], [-71.9025039, 41.3322849], [-71.9035338, 41.332641], [-71.9049371, 41.3319398], [-71.9048885, 41.3315227], [-71.904346, 41.3314831], [-71.904944, 41.3314137], [-71.9051046, 41.3308499], [-71.9042073, 41.3307907], [-71.9044742, 41.3306769], [-71.9040855, 41.3293625], [-71.9053413, 41.3273216], [-71.9063178, 41.3283401], [-71.9067754, 41.3298995], [-71.9094872, 41.3305527], [-71.9074977, 41.3301808], [-71.9078671, 41.3308854], [-71.907599, 41.3317509], [-71.9081274, 41.3317564], [-71.9071121, 41.3319486], [-71.907726, 41.3321811], [-71.9071349, 41.3323431], [-71.9070607, 41.3328248], [-71.9079853, 41.3330305], [-71.9074528, 41.3331496], [-71.9075178, 41.3335363], [-71.9081361, 41.333486], [-71.908358, 41.3341219], [-71.9089347, 41.3340766], [-71.9089741, 41.3347561], [-71.9105253, 41.3346456], [-71.9089903, 41.335096], [-71.9113118, 41.3352754], [-71.9099997, 41.3355759], [-71.9098446, 41.3364215], [-71.9092643, 41.3364631], [-71.9091036, 41.3372173], [-71.9079264, 41.3383678], [-71.9077151, 41.3391974], [-71.911511, 41.341685], [-71.9154471, 41.3425388], [-71.9166889, 41.3417624], [-71.9172947, 41.340949], [-71.917401, 41.3401284], [-71.9167579, 41.3391301], [-71.9170333, 41.3383662], [-71.9166626, 41.3372905], [-71.9168285, 41.3360964], [-71.9162424, 41.3343228], [-71.9165914, 41.3335887], [-71.9163221, 41.3327777], [-71.9183385, 41.3300898], [-71.9204843, 41.3291391], [-71.9210504, 41.3283842], [-71.921638, 41.3294477], [-71.9214739, 41.3302032], [-71.9217619, 41.3316878], [-71.9227964, 41.3315952], [-71.9230901, 41.3308778], [-71.9235906, 41.3310368], [-71.923804, 41.33037], [-71.9242684, 41.3301621], [-71.9249253, 41.3303639], [-71.9251234, 41.3311257], [-71.9255628, 41.331245], [-71.9228635, 41.3332408], [-71.9224462, 41.3337112], [-71.922285, 41.3344507], [-71.9227268, 41.3337415], [-71.9233817, 41.3345958], [-71.9230842, 41.3338769], [-71.923535, 41.3332626], [-71.9242212, 41.3332237], [-71.9244506, 41.3339587], [-71.9252984, 41.3344834], [-71.9253328, 41.3342322], [-71.926168, 41.3340529], [-71.9263322, 41.3334817], [-71.9268598, 41.3338069], [-71.9272061, 41.3334982], [-71.9273739, 41.3339547], [-71.9277772, 41.3338906], [-71.9275713, 41.3332016], [-71.9282268, 41.3333674], [-71.9282748, 41.332696], [-71.9297744, 41.3329565], [-71.9294882, 41.333823], [-71.9297415, 41.334157], [-71.9295692, 41.3350768], [-71.929923, 41.3356554], [-71.9316745, 41.3359224], [-71.9323367, 41.3354382], [-71.9322947, 41.3343442], [-71.9326456, 41.3339755], [-71.9330272, 41.3339662], [-71.9332539, 41.334074], [-71.9328927, 41.3343916], [-71.933109, 41.3348157], [-71.9337876, 41.3352012], [-71.9330915, 41.3356463], [-71.9327445, 41.3364817], [-71.9329071, 41.3367324], [-71.9345834, 41.3375599], [-71.9368458, 41.3380611], [-71.9393697, 41.3378879], [-71.940628, 41.3371274], [-71.941009, 41.3371928], [-71.9411668, 41.3376261], [-71.9417862, 41.3376325], [-71.9464753, 41.3363889], [-71.947179, 41.3369767], [-71.9466555, 41.336996], [-71.9467235, 41.3377432], [-71.9458938, 41.3376095], [-71.9455573, 41.3379651], [-71.9459631, 41.3384078], [-71.9458312, 41.3390812], [-71.946727, 41.3396803], [-71.9470574, 41.3390566], [-71.9479011, 41.338559], [-71.9481842, 41.3378324], [-71.9481645, 41.3371489], [-71.9475237, 41.3371681], [-71.9485501, 41.336374], [-71.9489624, 41.335314], [-71.9502304, 41.3337252], [-71.9515026, 41.3329448], [-71.9519428, 41.3332205], [-71.9528657, 41.3327271], [-71.953704, 41.3327667], [-71.9540437, 41.3334975], [-71.9538431, 41.3349506], [-71.9531634, 41.3354945], [-71.9519468, 41.3358418], [-71.9512662, 41.3365639], [-71.9516264, 41.3368129], [-71.9515003, 41.3371686], [-71.9498084, 41.3378736], [-71.9506047, 41.3386384], [-71.9509954, 41.3398291], [-71.9514013, 41.3399795], [-71.9516274, 41.3397337], [-71.9516962, 41.3401537], [-71.9521239, 41.3403021], [-71.9523246, 41.3410569], [-71.9519199, 41.3415636], [-71.9527617, 41.3411011], [-71.9531344, 41.33909], [-71.9538972, 41.3384638], [-71.9544626, 41.3387227], [-71.9546698, 41.3392741], [-71.9537587, 41.3405108], [-71.9547277, 41.3410584], [-71.9553727, 41.3409197], [-71.9559198, 41.339649], [-71.9570546, 41.339315], [-71.9573073, 41.3386546], [-71.9567956, 41.3380691], [-71.9575297, 41.3374295], [-71.9576192, 41.3368992], [-71.95802, 41.3370437], [-71.9580002, 41.3375995], [-71.9583785, 41.3379439], [-71.9580891, 41.3382623], [-71.9596463, 41.3387294], [-71.9598047, 41.3390173], [-71.9594166, 41.3398289], [-71.96013, 41.3401495], [-71.959548, 41.3402522], [-71.9588397, 41.3410533], [-71.9588468, 41.3419242], [-71.9582139, 41.3435913], [-71.9585273, 41.3437383], [-71.9592545, 41.3432916], [-71.9592494, 41.3443372], [-71.9597933, 41.344649], [-71.9603377, 41.3463199], [-71.9592459, 41.3474338], [-71.9598901, 41.3483134], [-71.9594911, 41.3486868], [-71.9616459, 41.3499705], [-71.9614169, 41.3490301], [-71.9622964, 41.3478462], [-71.9646826, 41.3476227], [-71.9648524, 41.3469596], [-71.9658331, 41.3459565], [-71.9677909, 41.3466649], [-71.9685056, 41.348127], [-71.9678674, 41.3482801], [-71.9671074, 41.3469434], [-71.9662582, 41.346971], [-71.9657375, 41.3475903], [-71.965922, 41.3477483], [-71.9655251, 41.3483721], [-71.9660385, 41.348873], [-71.9651461, 41.3492144], [-71.9657181, 41.3497908], [-71.9665754, 41.3493972], [-71.9672969, 41.3500698], [-71.9746244, 41.3469662], [-71.9747925, 41.3471993], [-71.9741398, 41.3475831], [-71.9741253, 41.3479063], [-71.9744553, 41.348291], [-71.9749902, 41.3481235], [-71.9754327, 41.3472935], [-71.9747444, 41.3469301], [-71.9746062, 41.3463094], [-71.9756278, 41.3455332], [-71.9736304, 41.3441149], [-71.9741869, 41.3432169], [-71.9749322, 41.3430511], [-71.9766297, 41.3418126], [-71.9769788, 41.3407888], [-71.977429, 41.3415646], [-71.9771009, 41.3421694], [-71.9777947, 41.3435346], [-71.97908, 41.34125], [-71.9791679, 41.3418847], [-71.9796851, 41.3420267], [-71.9800915, 41.3413672], [-71.9808545, 41.3411629], [-71.9810537, 41.340523], [-71.9795644, 41.3408427], [-71.9793195, 41.3412287], [-71.9786279, 41.341013], [-71.9785534, 41.3403777], [-71.9797432, 41.3394241], [-71.9792745, 41.3387966], [-71.9803385, 41.3383956], [-71.9804901, 41.3380252], [-71.9804817, 41.338393], [-71.9811339, 41.3384394], [-71.9805846, 41.3388929], [-71.9807259, 41.3394841], [-71.9813485, 41.3391171], [-71.9831267, 41.3393298], [-71.983518, 41.3388567], [-71.9827064, 41.3385388], [-71.9824529, 41.3374482], [-71.9844548, 41.3359855], [-71.9853265, 41.3344314], [-71.986087, 41.3344821], [-71.9867893, 41.3350216], [-71.9868761, 41.3362782], [-71.9881975, 41.3368271], [-71.9883205, 41.3373637], [-71.9903675, 41.3372031], [-71.9909214, 41.3376813], [-71.9912881, 41.3375945], [-71.9919163, 41.3349954], [-71.9915565, 41.3344687], [-71.9924049, 41.333692], [-71.9925706, 41.3325456], [-71.9916326, 41.3312649], [-71.9910078, 41.3314408], [-71.9905422, 41.3308874], [-71.990846, 41.3301668], [-71.9905026, 41.3294053], [-71.9906512, 41.3290264], [-71.9887694, 41.3296082], [-71.987139, 41.3293239], [-71.985633, 41.3306636], [-71.9858478, 41.3300339], [-71.9853229, 41.3295557], [-71.985629, 41.3292983], [-71.9855545, 41.3279639], [-71.9849716, 41.327254], [-71.9843812, 41.327243], [-71.9847815, 41.3269396], [-71.9841704, 41.3264591], [-71.984816, 41.3247808], [-71.9859221, 41.3240543], [-71.9862028, 41.3231323], [-71.9872299, 41.3227963], [-71.9880572, 41.3217051], [-71.9882806, 41.3207351], [-71.9887419, 41.3205143], [-71.9886103, 41.3202114], [-71.9890332, 41.3202902], [-71.9893102, 41.3199395], [-71.9888852, 41.3197655], [-71.9889409, 41.3194573], [-71.9896326, 41.3197702], [-71.9893671, 41.3194912], [-71.9895831, 41.3179592], [-71.9891006, 41.3171211], [-71.9891374, 41.3164174], [-71.9898856, 41.316099], [-71.9907964, 41.3168505], [-71.9906508, 41.3177146], [-71.9912203, 41.3187173], [-71.9908366, 41.3190241], [-71.9913724, 41.3190783], [-71.9909954, 41.3200404], [-71.9916616, 41.3206358], [-71.9919759, 41.322057], [-71.9914929, 41.3231703], [-71.9915628, 41.3244885], [-71.9927607, 41.3244149], [-71.993087, 41.3240336], [-71.9929602, 41.3234972], [-71.9932591, 41.3235012], [-71.9936834, 41.3224798], [-71.9950941, 41.3216434], [-71.9955232, 41.3204788], [-71.9958141, 41.3211364], [-71.9962547, 41.3212754], [-71.9976038, 41.3213303], [-71.9993613, 41.3207134], [-71.9993251, 41.3193278], [-71.9986678, 41.3183193], [-71.9991788, 41.3182271], [-71.9992889, 41.3177974], [-72.0007462, 41.3204966], [-72.001664, 41.3205704], [-72.0027848, 41.3199596], [-72.0030849, 41.3194278], [-72.0031291, 41.3180227], [-72.0037695, 41.3171713], [-72.0035531, 41.3153181], [-72.0046734, 41.3141755], [-72.0042819, 41.3135513], [-72.0042801, 41.3125767], [-72.0036807, 41.3119131], [-72.0046277, 41.3076281], [-72.0041915, 41.307304], [-72.0051219, 41.3064545], [-72.0068414, 41.3078153], [-72.0083739, 41.3081241], [-72.0091505, 41.3078898], [-72.0095536, 41.3070953], [-72.0111464, 41.3067145], [-72.0115489, 41.3079933], [-72.0110759, 41.3097034], [-72.0105877, 41.3100642], [-72.0109748, 41.3109733], [-72.0131649, 41.3127266], [-72.0154604, 41.3139946], [-72.0169297, 41.3140328], [-72.0170941, 41.3133416], [-72.0167956, 41.3132742], [-72.0171279, 41.3132554], [-72.017707, 41.3141368], [-72.0176122, 41.3151779], [-72.0183266, 41.31532], [-72.0142578, 41.3145335], [-72.0113171, 41.3126694], [-72.0102298, 41.3114618], [-72.0107601, 41.3133632], [-72.0127127, 41.3148847], [-72.014366, 41.3154814], [-72.0156098, 41.3151254], [-72.0180068, 41.315687], [-72.019259, 41.3149324], [-72.0182754, 41.3158648], [-72.0155009, 41.316092], [-72.0147557, 41.3165473], [-72.0144994, 41.3161006], [-72.013694, 41.3159648], [-72.0142722, 41.3162914], [-72.0144709, 41.3173904], [-72.0130562, 41.3183243], [-72.0133058, 41.3197473], [-72.0113528, 41.3226274], [-72.0120195, 41.3227435], [-72.0131353, 41.3205374], [-72.013917, 41.3200199], [-72.014994, 41.3206887], [-72.0156052, 41.3239384], [-72.0160298, 41.325013], [-72.0168359, 41.3255715], [-72.0169844, 41.3266234], [-72.0186687, 41.3273546], [-72.019322, 41.3270741], [-72.0214818, 41.3273433], [-72.0214475, 41.3285161], [-72.0218382, 41.3290084], [-72.0213579, 41.3301999], [-72.0207645, 41.3307397], [-72.0211961, 41.3314287], [-72.0209853, 41.3331779], [-72.0216567, 41.3335149], [-72.0224647, 41.3328794], [-72.0240353, 41.333417], [-72.0240423, 41.3340116], [-72.024606, 41.3343605], [-72.0248353, 41.3350319], [-72.0248693, 41.3343538], [-72.0242583, 41.3336439], [-72.0247456, 41.3328874], [-72.0228664, 41.3318096], [-72.0228075, 41.3301499], [-72.0237903, 41.3292003], [-72.0233185, 41.3283181], [-72.023646, 41.3275303], [-72.0232225, 41.3245518], [-72.0228084, 41.3241447], [-72.0219592, 41.3242659], [-72.0211789, 41.3234725], [-72.02211, 41.3222518], [-72.021536, 41.3213659], [-72.0219648, 41.3205828], [-72.0213582, 41.3202611], [-72.0207885, 41.3203769], [-72.0199305, 41.3210665], [-72.0199818, 41.3217626], [-72.0193547, 41.3221784], [-72.0195393, 41.3215592], [-72.0192864, 41.3208581], [-72.0207694, 41.3200587], [-72.0222339, 41.3198774], [-72.0247003, 41.3186509], [-72.0251586, 41.3166655], [-72.0283669, 41.3158608], [-72.0286206, 41.3134271], [-72.0293172, 41.3131433], [-72.0297835, 41.3124167], [-72.0302992, 41.3122985], [-72.0348073, 41.3133486], [-72.0365415, 41.3147136], [-72.0364144, 41.3158566], [-72.0367787, 41.3163062], [-72.0399576, 41.3179843], [-72.0428218, 41.3190701], [-72.0466423, 41.3198108], [-72.051744, 41.3192825], [-72.0515674, 41.3199446], [-72.0506919, 41.3206347], [-72.0504132, 41.3201574], [-72.0491923, 41.3198467], [-72.046375, 41.3202532], [-72.0448074, 41.320161], [-72.0417059, 41.319147], [-72.042186, 41.3200383], [-72.0418726, 41.3210567], [-72.0396712, 41.3224659], [-72.0399282, 41.3228145], [-72.0391068, 41.3241405], [-72.0378022, 41.3253979], [-72.0371802, 41.3267395], [-72.036549, 41.3265651], [-72.0364844, 41.326277], [-72.0371356, 41.3260752], [-72.0378346, 41.3249541], [-72.0372662, 41.3241598], [-72.0378302, 41.3238545], [-72.0377415, 41.324473], [-72.0381035, 41.3246683], [-72.0387678, 41.324374], [-72.0387224, 41.3239204], [-72.0385971, 41.3235196], [-72.0382436, 41.3235471], [-72.0384689, 41.323337], [-72.0381388, 41.3228594], [-72.0367967, 41.3229387], [-72.0369081, 41.3222002], [-72.0363349, 41.3221442], [-72.0364429, 41.3226643], [-72.0359316, 41.3232256], [-72.0365923, 41.3243813], [-72.0361453, 41.3250304], [-72.035468, 41.3252105], [-72.0352971, 41.3262624], [-72.0356774, 41.3266995], [-72.0341275, 41.3282535], [-72.0340342, 41.3308431], [-72.0330967, 41.3317787], [-72.0325733, 41.3340081], [-72.033832, 41.3352315], [-72.0354666, 41.3349194], [-72.0340798, 41.3353812], [-72.0350802, 41.3363077], [-72.0341461, 41.337758], [-72.034075, 41.3388182], [-72.0335127, 41.3395589], [-72.0344862, 41.3406268], [-72.03679, 41.341313], [-72.0387562, 41.3415914], [-72.0370433, 41.341167], [-72.0370131, 41.3408058], [-72.0368708, 41.3411696], [-72.036145, 41.3397713], [-72.0359019, 41.3384016], [-72.0365621, 41.3374558], [-72.0368298, 41.3360649], [-72.037384, 41.335082], [-72.0367495, 41.3347079], [-72.0356533, 41.334859], [-72.0366582, 41.334577], [-72.0365585, 41.3342357], [-72.03752, 41.3341339], [-72.036456, 41.3339542], [-72.0356357, 41.3330528], [-72.0376874, 41.3309784], [-72.0359851, 41.3299401], [-72.0371358, 41.3299723], [-72.0387712, 41.3288037], [-72.0400564, 41.3287058], [-72.0406882, 41.3291198], [-72.040955, 41.3285421], [-72.0420419, 41.3289401], [-72.0425821, 41.3287499], [-72.0422607, 41.3281699], [-72.0424506, 41.327597], [-72.0427888, 41.327511], [-72.042369, 41.3272504], [-72.0426196, 41.3263447], [-72.0420651, 41.325816], [-72.0423501, 41.3251589], [-72.0434741, 41.3243932], [-72.0442137, 41.3224582], [-72.0454505, 41.3233278], [-72.0451903, 41.324649], [-72.0455041, 41.3242006], [-72.046137, 41.3241323], [-72.0453826, 41.3223716], [-72.0460912, 41.3221639], [-72.0461171, 41.3227991], [-72.0463977, 41.3223506], [-72.0460863, 41.3220204], [-72.0462358, 41.3217875], [-72.0470745, 41.3215226], [-72.0475125, 41.3217641], [-72.0472204, 41.3214268], [-72.0496959, 41.3203872], [-72.0492151, 41.3209383], [-72.0495666, 41.322165], [-72.0486336, 41.3227679], [-72.0478585, 41.3241854], [-72.0495125, 41.3229445], [-72.0497112, 41.3232411], [-72.0505053, 41.3232999], [-72.0521503, 41.3226432], [-72.0521398, 41.3242498], [-72.0522797, 41.3237808], [-72.0523432, 41.3241133], [-72.0524234, 41.3241445], [-72.052229, 41.3245528], [-72.0524586, 41.3241693], [-72.052297, 41.3223302], [-72.0533873, 41.3220353], [-72.0539759, 41.3222599], [-72.0538685, 41.3235535], [-72.0541946, 41.3238746], [-72.0542802, 41.3249367], [-72.0531373, 41.326311], [-72.0517071, 41.3269667], [-72.0508711, 41.3277221], [-72.0490041, 41.327227], [-72.0482631, 41.3280354], [-72.0481656, 41.3282909], [-72.0490576, 41.32728], [-72.0508524, 41.3277942], [-72.0518652, 41.3269534], [-72.0530342, 41.3268782], [-72.0536764, 41.3264976], [-72.0544326, 41.3280951], [-72.0554307, 41.3283923], [-72.0561739, 41.3292896], [-72.0576319, 41.3290832], [-72.0581662, 41.3283521], [-72.0574183, 41.328799], [-72.0562513, 41.3281849], [-72.0566581, 41.327288], [-72.0553959, 41.3265754], [-72.0569897, 41.3266684], [-72.0582971, 41.3271506], [-72.0585519, 41.3269619], [-72.0575379, 41.3260668], [-72.0567802, 41.3260808], [-72.0557063, 41.3255333], [-72.0560517, 41.3245524], [-72.0558223, 41.3225566], [-72.0561003, 41.3221267], [-72.0556138, 41.3217001], [-72.0554989, 41.3177522], [-72.0568298, 41.3204703], [-72.057754, 41.3208474], [-72.0590719, 41.3204199], [-72.0591922, 41.3207904], [-72.0592153, 41.3202424], [-72.0594295, 41.3203819], [-72.0593671, 41.3201316], [-72.0605686, 41.3194326], [-72.0611093, 41.3180666], [-72.0624684, 41.3182826], [-72.0633473, 41.3188202], [-72.0615623, 41.3168247], [-72.0610515, 41.316595], [-72.0606114, 41.3168302], [-72.0610692, 41.3163329], [-72.0599988, 41.3159568], [-72.0616789, 41.3163162], [-72.0632543, 41.3151906], [-72.0644769, 41.3151266], [-72.066641, 41.315852], [-72.0669184, 41.3165225], [-72.0665702, 41.3185462], [-72.0675781, 41.3192967], [-72.0682394, 41.3191586], [-72.0682024, 41.3195587], [-72.0711983, 41.3199229], [-72.0713829, 41.3192913], [-72.071398, 41.3199], [-72.0723971, 41.3199635], [-72.072438, 41.3194082], [-72.0725359, 41.3199711], [-72.072972, 41.3200314], [-72.0738482, 41.3197484], [-72.0734755, 41.3190851], [-72.0739153, 41.3193993], [-72.0743909, 41.3191573], [-72.0754862, 41.3195131], [-72.0748451, 41.3197735], [-72.075633, 41.3203046], [-72.0755369, 41.3206951], [-72.0745484, 41.320442], [-72.0742336, 41.320789], [-72.0744306, 41.3213923], [-72.0737876, 41.321233], [-72.0731049, 41.3214893], [-72.0737598, 41.3222899], [-72.0745335, 41.3221529], [-72.0751249, 41.3231404], [-72.0759825, 41.3231195], [-72.0764406, 41.3234436], [-72.0764226, 41.3236871], [-72.0753938, 41.3234552], [-72.0750199, 41.3243509], [-72.0751528, 41.3247935], [-72.0764809, 41.3253092], [-72.0767576, 41.3257265], [-72.0772717, 41.3257198], [-72.0769596, 41.3260042], [-72.0768497, 41.3269318], [-72.077674, 41.3274494], [-72.0788816, 41.329025], [-72.079761, 41.3341656], [-72.0802018, 41.3334986], [-72.0801299, 41.3344917], [-72.0800977, 41.3341644], [-72.0797821, 41.3342945], [-72.0789235, 41.3353806], [-72.0793694, 41.3355786], [-72.0798194, 41.3364165], [-72.0796324, 41.3374626], [-72.0800305, 41.3376827], [-72.0800603, 41.3386845], [-72.080812, 41.3395791], [-72.0808787, 41.3401132], [-72.0822982, 41.3401682], [-72.0818658, 41.3423444], [-72.0822717, 41.3432021], [-72.0813899, 41.3438315], [-72.0812962, 41.3443058], [-72.0829958, 41.3432909], [-72.0814464, 41.3444425], [-72.083398, 41.3435797], [-72.0816497, 41.3447243], [-72.0816201, 41.3450864], [-72.0837254, 41.3438784], [-72.0814055, 41.3455469], [-72.0817892, 41.345773], [-72.0816655, 41.3466899], [-72.0824742, 41.3467177], [-72.0827185, 41.3458092], [-72.0826285, 41.3466804], [-72.0830444, 41.3467445], [-72.0834963, 41.3457795], [-72.0832026, 41.3469854], [-72.0813285, 41.3470548], [-72.0840932, 41.3471977], [-72.0841327, 41.3474782], [-72.0819983, 41.3474021], [-72.0819809, 41.347677], [-72.084172, 41.3477788], [-72.0842233, 41.3482348], [-72.0819552, 41.3481439], [-72.0819189, 41.3486642], [-72.0814579, 41.3486478], [-72.081334, 41.3490033], [-72.0829011, 41.3502449], [-72.0824183, 41.3505751], [-72.0829399, 41.3507724], [-72.0834849, 41.3519218], [-72.0834217, 41.3537638], [-72.0842636, 41.3537323], [-72.0844254, 41.3544699], [-72.0838919, 41.3545397], [-72.0838602, 41.3548372], [-72.0847033, 41.3561559], [-72.0845118, 41.3569817], [-72.0850172, 41.3570702], [-72.0846938, 41.3576557], [-72.0849532, 41.3582157], [-72.0843874, 41.3588596], [-72.0846176, 41.359768], [-72.0843174, 41.3609393], [-72.0850835, 41.3619438], [-72.0845672, 41.3624924], [-72.0847174, 41.3629691], [-72.0842408, 41.36315], [-72.0898062, 41.3628508], [-72.0893453, 41.3621552], [-72.0909647, 41.3597277], [-72.0889001, 41.3574063], [-72.0894613, 41.3571217], [-72.0896776, 41.3573218], [-72.0909788, 41.3564295], [-72.0931134, 41.3589307], [-72.0952261, 41.3592411], [-72.0965084, 41.3604557], [-72.0966552, 41.3592131], [-72.0963111, 41.3586082], [-72.0956613, 41.3584174], [-72.0956066, 41.3580701], [-72.094585, 41.35813], [-72.0945254, 41.3576356], [-72.0941675, 41.357718], [-72.0925825, 41.356621], [-72.0930001, 41.356435], [-72.0923247, 41.3552848], [-72.0922495, 41.3540389], [-72.0939213, 41.3523367], [-72.0951572, 41.3519158], [-72.094976, 41.351737], [-72.0957972, 41.3508115], [-72.0961199, 41.3508311], [-72.0965651, 41.3497132], [-72.0977149, 41.3498497], [-72.1000887, 41.3492226], [-72.0995012, 41.3466221], [-72.0992069, 41.3464854], [-72.0997776, 41.346415], [-72.099746, 41.3463024], [-72.0981179, 41.3466373], [-72.0977685, 41.348763], [-72.0971874, 41.3490822], [-72.0972507, 41.3483425], [-72.0969491, 41.3480195], [-72.0963731, 41.3480743], [-72.0958392, 41.3476731], [-72.0949823, 41.3480386], [-72.0948432, 41.3477767], [-72.0955518, 41.3475699], [-72.0953537, 41.346499], [-72.0949406, 41.3461443], [-72.0932711, 41.3463531], [-72.092042, 41.3441991], [-72.0923415, 41.3423743], [-72.0933777, 41.3418682], [-72.0946537, 41.3419368], [-72.0950379, 41.3416144], [-72.0954363, 41.3421575], [-72.095714, 41.3414946], [-72.097088, 41.3413309], [-72.0975676, 41.3421751], [-72.0980126, 41.3421419], [-72.0979807, 41.3411826], [-72.0974298, 41.3408838], [-72.0944316, 41.3414077], [-72.0942679, 41.339947], [-72.0972652, 41.3389861], [-72.099024, 41.3390477], [-72.0994433, 41.3386624], [-72.0988022, 41.3380317], [-72.0990945, 41.3376205], [-72.0997574, 41.3377487], [-72.0999754, 41.3370183], [-72.096901, 41.3338025], [-72.0965037, 41.3339721], [-72.0958088, 41.333099], [-72.0960712, 41.3327171], [-72.0950518, 41.3320631], [-72.0946301, 41.3312393], [-72.0912262, 41.3287806], [-72.0905271, 41.3263542], [-72.0892376, 41.3249888], [-72.0886627, 41.3235992], [-72.08806, 41.3232174], [-72.0885766, 41.3222286], [-72.0884619, 41.3214645], [-72.0893258, 41.3196493], [-72.0893037, 41.31919], [-72.0886971, 41.3186506], [-72.0899196, 41.3172799], [-72.0894924, 41.3167763], [-72.0900931, 41.3164732], [-72.0902857, 41.3157258], [-72.0931003, 41.3146684], [-72.0945567, 41.313343], [-72.0946206, 41.312094], [-72.0938977, 41.3107704], [-72.09453, 41.3102212], [-72.0941787, 41.3095673], [-72.0950311, 41.3092808], [-72.0947148, 41.3088127], [-72.0951001, 41.3090586], [-72.0976884, 41.3084021], [-72.1000814, 41.3070132], [-72.1009959, 41.3056828], [-72.1005572, 41.3051503], [-72.1020409, 41.304965], [-72.1015494, 41.3040014], [-72.1052809, 41.3040339], [-72.1078625, 41.3032882], [-72.108331, 41.3020717], [-72.1088494, 41.3021652], [-72.110286, 41.301594], [-72.1121831, 41.2992873], [-72.1132998, 41.2993209], [-72.1141642, 41.2998053], [-72.11975, 41.3012594], [-72.1262515, 41.3016963], [-72.1292828, 41.3007011], [-72.1303039, 41.3008323], [-72.1311774, 41.3005075], [-72.1314005, 41.3001053], [-72.1316145, 41.300376], [-72.1328167, 41.3002368], [-72.1338349, 41.2996995], [-72.1344645, 41.3003656], [-72.1355604, 41.3006959], [-72.1362741, 41.3005762], [-72.1372489, 41.3010214], [-72.1388355, 41.3009017], [-72.1406386, 41.3024239], [-72.1414924, 41.3027446], [-72.1438499, 41.3028355], [-72.1450733, 41.3053006], [-72.1465715, 41.3068665], [-72.1478826, 41.3078293], [-72.1481957, 41.3077278], [-72.1486286, 41.3083009], [-72.1476155, 41.3091098], [-72.1477875, 41.310067], [-72.1484311, 41.3107945], [-72.1484311, 41.3120962], [-72.1480424, 41.3122207], [-72.1481125, 41.3117229], [-72.1478066, 41.3113831], [-72.1474498, 41.3117469], [-72.1482138, 41.3137675], [-72.147975, 41.3143867], [-72.1485517, 41.3152226], [-72.1486869, 41.3167149], [-72.1481417, 41.3179703], [-72.1481958, 41.3191377], [-72.1502728, 41.3192528], [-72.1501241, 41.3184914], [-72.150926, 41.3182241], [-72.1510162, 41.3174154], [-72.1524083, 41.3167318], [-72.1526741, 41.316769], [-72.1530436, 41.3178282], [-72.1548179, 41.3175328], [-72.1550919, 41.3183823], [-72.1558724, 41.3183105], [-72.1559489, 41.3172433], [-72.156739, 41.3170734], [-72.156739, 41.3164393], [-72.1555507, 41.3160948], [-72.1550583, 41.3151382], [-72.155852, 41.3144285], [-72.1574346, 41.3143816], [-72.159996, 41.3137069], [-72.1609644, 41.3125391], [-72.1609135, 41.311759], [-72.1625849, 41.3117875], [-72.1640491, 41.3102714], [-72.1640582, 41.3084506], [-72.1628777, 41.3071612], [-72.1617334, 41.3073135], [-72.1625, 41.3069595], [-72.1624678, 41.3064599], [-72.1615988, 41.3063672], [-72.1617007, 41.3070422], [-72.160821, 41.3066251], [-72.1610355, 41.3061516], [-72.162959, 41.3059536], [-72.1642924, 41.3070698], [-72.1642879, 41.3073778], [-72.1657477, 41.3085014], [-72.1663289, 41.3086131], [-72.1665181, 41.3079701], [-72.166018, 41.3072898], [-72.1631585, 41.3053265], [-72.165171, 41.3046025], [-72.165563, 41.3041626], [-72.1663514, 41.3053877], [-72.1660901, 41.3058311], [-72.1653647, 41.3055604], [-72.1652521, 41.3062711], [-72.1668876, 41.3076147], [-72.1668245, 41.3065486], [-72.1674507, 41.3060525], [-72.1693092, 41.3086926], [-72.16931, 41.309563], [-72.1704441, 41.3098502], [-72.1702673, 41.3102698], [-72.1733426, 41.3096665], [-72.1736236, 41.3101546], [-72.1730688, 41.3105793], [-72.173263, 41.3124743], [-72.1726044, 41.3132685], [-72.1727927, 41.3135081], [-72.172253, 41.3134243], [-72.1721696, 41.3148337], [-72.1741224, 41.3182618], [-72.1766682, 41.3197423], [-72.177291, 41.3204467], [-72.1769495, 41.3220404], [-72.176181, 41.3225784], [-72.1762997, 41.3230378], [-72.1758904, 41.3240332], [-72.1763525, 41.3251617], [-72.1775165, 41.3256246], [-72.1746532, 41.326752], [-72.1739562, 41.3282518], [-72.1755437, 41.3301406], [-72.1768386, 41.3308174], [-72.1768502, 41.3314751], [-72.1754739, 41.3322669], [-72.1750069, 41.3331777], [-72.1743329, 41.3333251], [-72.1738608, 41.3341082], [-72.1747028, 41.3374219], [-72.1734849, 41.3407983], [-72.1735293, 41.3413044], [-72.1744289, 41.3423062], [-72.1751091, 41.3422875], [-72.1780972, 41.3511888], [-72.176173, 41.3533228], [-72.1767916, 41.3555934], [-72.1759298, 41.3564532], [-72.1761042, 41.3567452], [-72.177286, 41.3558628], [-72.1770594, 41.354149], [-72.1777586, 41.3537698], [-72.1775848, 41.3527909], [-72.1787998, 41.3528916], [-72.1783143, 41.3524265], [-72.1774077, 41.3525735], [-72.1796652, 41.3518782], [-72.1809113, 41.35068], [-72.1807841, 41.3504234], [-72.1816339, 41.3498365], [-72.1818463, 41.3490421], [-72.1815049, 41.3478375], [-72.1867354, 41.3472174], [-72.1857926, 41.3489072], [-72.1856121, 41.3499366], [-72.1870872, 41.3517246], [-72.1870286, 41.3524187], [-72.1878358, 41.3548366], [-72.1885148, 41.3550786], [-72.1888334, 41.3556139], [-72.1876689, 41.3571429], [-72.1887133, 41.3613333], [-72.1885074, 41.3634833], [-72.1903988, 41.3639309], [-72.1895887, 41.3648813], [-72.1895813, 41.3658176], [-72.1901728, 41.3665562], [-72.1921546, 41.3671937], [-72.1926461, 41.3688042], [-72.1929674, 41.3688744], [-72.1932508, 41.3680692], [-72.1936274, 41.368378], [-72.1938765, 41.3679723], [-72.1947672, 41.3681807], [-72.1949428, 41.3679296], [-72.1931699, 41.3645566], [-72.1920687, 41.3601133], [-72.1912265, 41.3593241], [-72.1907156, 41.3577765], [-72.1904654, 41.3560833], [-72.1913445, 41.3554748], [-72.1904036, 41.3527343], [-72.1907169, 41.3514762], [-72.190395, 41.3497848], [-72.1895326, 41.3488168], [-72.1899959, 41.3481935], [-72.1901902, 41.3460057], [-72.189026, 41.3435787], [-72.186985, 41.3436757], [-72.1856637, 41.3425923], [-72.184567, 41.3394258], [-72.1865427, 41.3381216], [-72.1873116, 41.3381053], [-72.1886048, 41.338717], [-72.1902118, 41.3382934], [-72.1907553, 41.3387821], [-72.1913642, 41.33617], [-72.1919131, 41.3355438], [-72.1916074, 41.3340816], [-72.1923101, 41.3334975], [-72.1909655, 41.332906], [-72.188359, 41.3335975], [-72.1884377, 41.3348558], [-72.1880288, 41.3352725], [-72.1879389, 41.3362078], [-72.1887681, 41.3371885], [-72.1887082, 41.3375427], [-72.1868674, 41.3372251], [-72.1863879, 41.3375743], [-72.1848152, 41.3373603], [-72.1838694, 41.3349533], [-72.1828044, 41.334209], [-72.1833242, 41.333137], [-72.1829115, 41.3313175], [-72.1841102, 41.3306018], [-72.1842251, 41.3296764], [-72.1854417, 41.3291921], [-72.1859027, 41.3281731], [-72.1857456, 41.3275738], [-72.186171, 41.3269668], [-72.1871123, 41.3267505], [-72.1868057, 41.3266623], [-72.1865065, 41.3256205], [-72.1861516, 41.3256143], [-72.1856351, 41.324932], [-72.1840634, 41.3251695], [-72.1839498, 41.3247647], [-72.1804451, 41.3245569], [-72.1786613, 41.3239482], [-72.1770189, 41.3243196], [-72.177834, 41.3236582], [-72.1770066, 41.3239633], [-72.1767856, 41.3233563], [-72.1773045, 41.3226105], [-72.1781586, 41.3224722], [-72.1806473, 41.3235452], [-72.1845961, 41.3241322], [-72.1873497, 41.3240916], [-72.1908084, 41.3233043], [-72.1953651, 41.3213166], [-72.1968884, 41.3198822], [-72.1958529, 41.3188118], [-72.1981181, 41.3178625], [-72.2017169, 41.3153684], [-72.2029382, 41.3131264], [-72.2032271, 41.3118058], [-72.2021693, 41.3110949], [-72.2020691, 41.3106121], [-72.2012633, 41.3105076], [-72.2008952, 41.3110324], [-72.2008221, 41.3107816], [-72.2012057, 41.3104331], [-72.2021458, 41.310223], [-72.2038744, 41.3079957], [-72.2039294, 41.3065354], [-72.2044754, 41.3056853], [-72.2042245, 41.3048973], [-72.20449, 41.3040813], [-72.2038664, 41.3039594], [-72.2044981, 41.3038838], [-72.2049255, 41.3030905], [-72.2045235, 41.3027152], [-72.2043733, 41.3006941], [-72.204089, 41.300679], [-72.204372, 41.3006176], [-72.2042781, 41.3001788], [-72.2033668, 41.3001269], [-72.2041172, 41.2999204], [-72.2041145, 41.2992433], [-72.2033581, 41.2992503], [-72.2041158, 41.2991587], [-72.2041655, 41.2987264], [-72.2040929, 41.2982665], [-72.2034265, 41.2983516], [-72.2037712, 41.2977269], [-72.2035244, 41.2976504], [-72.2035144, 41.2967205], [-72.2029496, 41.2951754], [-72.2023201, 41.2944462], [-72.2016762, 41.2944779], [-72.2021055, 41.2941681], [-72.2022021, 41.2938034], [-72.2018829, 41.2937288], [-72.2022074, 41.2936542], [-72.2020116, 41.2934306], [-72.2022718, 41.2934245], [-72.2023737, 41.2929267], [-72.2019794, 41.2928159], [-72.2024055, 41.2927912], [-72.2024998, 41.2925479], [-72.2021913, 41.2924622], [-72.2025964, 41.292433], [-72.2027036, 41.2920239], [-72.202371, 41.2919715], [-72.2026875, 41.2913609], [-72.2023536, 41.2911932], [-72.2027814, 41.2906192], [-72.2017729, 41.2904318], [-72.2030014, 41.290059], [-72.203051, 41.2887288], [-72.2036169, 41.2869859], [-72.205508, 41.285621], [-72.2103011, 41.2856996], [-72.2125206, 41.2884003], [-72.2126277, 41.2914497], [-72.2135145, 41.2921949], [-72.217614, 41.2932904], [-72.2194255, 41.2932609], [-72.2197825, 41.2930056], [-72.220208, 41.2933039], [-72.220327, 41.2937373], [-72.2195506, 41.2938229], [-72.2200961, 41.2950678], [-72.2194141, 41.2958748], [-72.2189499, 41.2959689], [-72.2163956, 41.295658], [-72.2172203, 41.2949462], [-72.2171203, 41.2946931], [-72.2148987, 41.2938394], [-72.2154332, 41.2948405], [-72.2150805, 41.2959419], [-72.2156909, 41.2964699], [-72.2161787, 41.2964617], [-72.2164271, 41.2972379], [-72.2160871, 41.2980534], [-72.2170549, 41.2988787], [-72.2161656, 41.29993], [-72.2164533, 41.3004704], [-72.2174865, 41.300942], [-72.2176807, 41.3017051], [-72.2184529, 41.3025614], [-72.2173353, 41.3032927], [-72.2181927, 41.3082888], [-72.2188103, 41.3084968], [-72.2196016, 41.3079367], [-72.2198039, 41.3080899], [-72.2183291, 41.3104713], [-72.2188148, 41.3111015], [-72.2179587, 41.3136862], [-72.2183102, 41.3139163], [-72.2195402, 41.3125052], [-72.2208998, 41.3093773], [-72.2208945, 41.3071039], [-72.2199941, 41.3078812], [-72.2197482, 41.3077584], [-72.2208021, 41.3065816], [-72.2208488, 41.3055633], [-72.2215368, 41.3037212], [-72.2228305, 41.3030873], [-72.223629, 41.3016175], [-72.2272384, 41.2995265], [-72.2273991, 41.2986916], [-72.2270367, 41.2983251], [-72.2290959, 41.2986292], [-72.2305233, 41.2982719], [-72.2308715, 41.2977949], [-72.230138, 41.2970811], [-72.2314455, 41.2965662], [-72.231678, 41.2958785], [-72.231819, 41.2971587], [-72.2324856, 41.2975869], [-72.2323287, 41.2978257], [-72.2331266, 41.2990206], [-72.2336134, 41.2991375], [-72.2338185, 41.2996908], [-72.2355747, 41.2999644], [-72.2355072, 41.3004311], [-72.2405362, 41.3003183], [-72.2441532, 41.2992725], [-72.2448217, 41.2984609], [-72.2439498, 41.2964681], [-72.2450108, 41.2983382], [-72.2463597, 41.2977693], [-72.2460958, 41.2971002], [-72.2468511, 41.2974224], [-72.2479145, 41.2994034], [-72.2500876, 41.2994035], [-72.2518471, 41.2987889], [-72.2522454, 41.2982096], [-72.251019, 41.2960811], [-72.2506294, 41.2947551], [-72.2506589, 41.2932824], [-72.250968, 41.2928602], [-72.2505831, 41.291647], [-72.2511557, 41.2912979], [-72.2512684, 41.2904499], [-72.2515098, 41.2902459], [-72.2524992, 41.2910744], [-72.2548538, 41.2897224], [-72.2551221, 41.2892327], [-72.2549343, 41.2881161], [-72.256195, 41.2863143], [-72.2580135, 41.2857117], [-72.259905, 41.2845341], [-72.2610505, 41.2835975], [-72.2617587, 41.2824195], [-72.2629067, 41.283206], [-72.2656965, 41.2831662], [-72.2670929, 41.2843449], [-72.2707253, 41.2841365], [-72.2716597, 41.2846235], [-72.2792068, 41.2835722], [-72.2818443, 41.2827308], [-72.282591, 41.2820155], [-72.285195, 41.2810689], [-72.2895899, 41.2802692], [-72.2912446, 41.2804224], [-72.2939519, 41.2801153], [-72.2955699, 41.279552], [-72.2955568, 41.2793115], [-72.2970575, 41.2795844], [-72.2991958, 41.2789968], [-72.3005013, 41.2798956], [-72.3056613, 41.2797071], [-72.3057179, 41.2799931], [-72.30698, 41.2799228], [-72.3326572, 41.2715593], [-72.3429938, 41.2685318], [-72.3479271, 41.2700287], [-72.3504658, 41.2698171], [-72.3507875, 41.2692905], [-72.3512052, 41.2692073], [-72.3565467, 41.2687357], [-72.3584436, 41.2682917], [-72.363088, 41.266311], [-72.3677372, 41.2636686], [-72.3720459, 41.2637073], [-72.3776249, 41.2651912], [-72.3785862, 41.2651395], [-72.383058, 41.2631589], [-72.3847918, 41.2628621], [-72.3884417, 41.2604546], [-72.3886112, 41.2613975], [-72.389255, 41.2621846], [-72.3895125, 41.2640105], [-72.3925626, 41.2677765], [-72.3946173, 41.2713091], [-72.3948664, 41.2728417], [-72.3952551, 41.2733837], [-72.3950234, 41.2735576], [-72.3958388, 41.2739593], [-72.3980526, 41.2762999], [-72.3983702, 41.2767514], [-72.3980829, 41.2772045], [-72.3984611, 41.2781074], [-72.4002715, 41.2784344], [-72.4008653, 41.2783951], [-72.4008669, 41.2781421], [-72.4025363, 41.2772884], [-72.4029386, 41.2780758], [-72.4041849, 41.2779861], [-72.4046598, 41.2785803], [-72.4050761, 41.2785998], [-72.4054744, 41.2772397], [-72.4066461, 41.2766326], [-72.409238, 41.2776367], [-72.4118646, 41.2782203], [-72.4178597, 41.2785483], [-72.4186441, 41.2774521], [-72.4211357, 41.2762842], [-72.4209985, 41.2759949], [-72.4215407, 41.2756634], [-72.4213284, 41.2752975], [-72.4216978, 41.2745292], [-72.4223171, 41.2747687], [-72.4242114, 41.2737846], [-72.4259208, 41.2742866], [-72.4266396, 41.2738204], [-72.4284211, 41.2748375], [-72.431236, 41.2757344], [-72.4309043, 41.276253], [-72.4311751, 41.2766527], [-72.4341003, 41.2777473], [-72.4392582, 41.2785937], [-72.4423162, 41.2783829], [-72.442697, 41.27869], [-72.4452606, 41.2791414], [-72.4509074, 41.279154], [-72.4550923, 41.2782118], [-72.4594689, 41.2763], [-72.4623297, 41.2741736], [-72.4645698, 41.273225], [-72.4674795, 41.269814], [-72.4682421, 41.2693251], [-72.4699236, 41.2695489], [-72.471506, 41.2702027], [-72.471609, 41.2710661], [-72.4703494, 41.2709632], [-72.4702499, 41.2707145], [-72.4687685, 41.2709758], [-72.468398, 41.2714258], [-72.4686788, 41.2715685], [-72.470665, 41.2712665], [-72.470283, 41.2716982], [-72.4688243, 41.2720151], [-72.4689615, 41.2724583], [-72.4697509, 41.2723683], [-72.4694483, 41.2727149], [-72.4673028, 41.2731278], [-72.4675717, 41.2734089], [-72.4692756, 41.2731713], [-72.4689459, 41.2736084], [-72.4658194, 41.2742472], [-72.4662263, 41.2752229], [-72.4690194, 41.2746804], [-72.4690139, 41.2744343], [-72.4692193, 41.2749409], [-72.4675794, 41.2752107], [-72.4663486, 41.2763165], [-72.4658424, 41.2761516], [-72.4652896, 41.2768163], [-72.4653834, 41.2772335], [-72.4671498, 41.2778908], [-72.467739, 41.2777758], [-72.4674947, 41.2776579], [-72.4686772, 41.2773479], [-72.4685392, 41.276889], [-72.466858, 41.2772879], [-72.4665438, 41.2770764], [-72.4673844, 41.2766094], [-72.4678127, 41.2759036], [-72.4693798, 41.2758493], [-72.4701114, 41.2752795], [-72.4701462, 41.2747558], [-72.4710623, 41.2749032], [-72.4710233, 41.2746674], [-72.4741569, 41.2742174], [-72.4700795, 41.274674], [-72.4698099, 41.2743518], [-72.469756, 41.2739227], [-72.4721303, 41.2711466], [-72.4729245, 41.2710722], [-72.4761241, 41.2735817], [-72.4763877, 41.2744716], [-72.4757241, 41.2746601], [-72.4763775, 41.2745222], [-72.4766329, 41.2748266], [-72.4762681, 41.2754181], [-72.4751616, 41.2752663], [-72.4761968, 41.2760013], [-72.4746015, 41.2753305], [-72.4743485, 41.2754242], [-72.4745892, 41.2758421], [-72.4757834, 41.2762922], [-72.4755013, 41.2765856], [-72.4741886, 41.2764082], [-72.4740112, 41.2757108], [-72.473819, 41.2758922], [-72.4740482, 41.2763389], [-72.47367, 41.2758102], [-72.4734231, 41.2758869], [-72.4736452, 41.2764169], [-72.4722435, 41.2772086], [-72.4717498, 41.2768924], [-72.4707299, 41.2776074], [-72.4707169, 41.2784509], [-72.4717057, 41.2789136], [-72.4716488, 41.2781839], [-72.4721395, 41.2777591], [-72.4726035, 41.2791958], [-72.4733091, 41.2794022], [-72.4731694, 41.2803879], [-72.473812, 41.2811552], [-72.4746222, 41.2808115], [-72.4737401, 41.2805547], [-72.4740143, 41.2790707], [-72.473652, 41.277064], [-72.475463, 41.2771123], [-72.4767081, 41.2765105], [-72.4771452, 41.2758807], [-72.4773684, 41.2741279], [-72.4771268, 41.2730229], [-72.4761103, 41.2716808], [-72.4762173, 41.2713237], [-72.4751551, 41.2703504], [-72.4749377, 41.2703749], [-72.4753102, 41.2708459], [-72.4750367, 41.2709353], [-72.473677, 41.2703309], [-72.4727669, 41.2703568], [-72.4728608, 41.269318], [-72.4848248, 41.2710576], [-72.4878007, 41.2704198], [-72.4908011, 41.2689414], [-72.4945222, 41.2682617], [-72.4975106, 41.2671577], [-72.5020823, 41.2647542], [-72.5075058, 41.2592802], [-72.5076502, 41.258685], [-72.5071629, 41.2581429], [-72.5070154, 41.2568475], [-72.5091947, 41.2562912], [-72.5149915, 41.2585718], [-72.5162364, 41.2585382], [-72.5181807, 41.2576754], [-72.518632, 41.2578432], [-72.5187947, 41.2581547], [-72.5181803, 41.2585664], [-72.5183142, 41.2593576], [-72.517852, 41.2597875], [-72.5149983, 41.2602206], [-72.512468, 41.2608509], [-72.5121055, 41.2611588], [-72.5128595, 41.2616781], [-72.5132703, 41.2614428], [-72.513323, 41.2610144], [-72.5124977, 41.2612589], [-72.5128698, 41.2608974], [-72.5183462, 41.2599253], [-72.5199809, 41.2650556], [-72.5197272, 41.2671366], [-72.5198532, 41.2678881], [-72.5203474, 41.2681742], [-72.5202077, 41.2695769], [-72.520492, 41.2702591], [-72.5198644, 41.2702547], [-72.5191994, 41.2697281], [-72.5185039, 41.2664875], [-72.5168202, 41.2650728], [-72.5140441, 41.2649155], [-72.5135321, 41.2659051], [-72.5131588, 41.2651568], [-72.5126215, 41.2649666], [-72.5111075, 41.2657251], [-72.5113115, 41.2670697], [-72.5100826, 41.267317], [-72.5106294, 41.2675351], [-72.5114453, 41.2672], [-72.511331, 41.2658396], [-72.5126566, 41.2651889], [-72.5133493, 41.2661835], [-72.5140145, 41.2659861], [-72.5143253, 41.2652747], [-72.51685, 41.2656633], [-72.5176026, 41.2665783], [-72.5178889, 41.2679824], [-72.5188659, 41.2700479], [-72.5202648, 41.2707875], [-72.5208938, 41.2701963], [-72.521477, 41.2703807], [-72.5218249, 41.269862], [-72.5221187, 41.2699497], [-72.5214835, 41.2709823], [-72.5219296, 41.2710314], [-72.5223183, 41.2705031], [-72.5230163, 41.2706617], [-72.5231617, 41.2721566], [-72.522836, 41.2724849], [-72.5224969, 41.2722976], [-72.5224283, 41.2731052], [-72.5240262, 41.2733775], [-72.52347, 41.2743954], [-72.5237075, 41.2749599], [-72.5243041, 41.2754633], [-72.5253858, 41.2751661], [-72.5262732, 41.2755456], [-72.524322, 41.276734], [-72.5247638, 41.2777556], [-72.5246906, 41.278356], [-72.525026, 41.2784013], [-72.5251457, 41.2779045], [-72.5247169, 41.2768927], [-72.5259825, 41.2762743], [-72.5260734, 41.2765524], [-72.5266169, 41.2754508], [-72.5272316, 41.2753664], [-72.5254334, 41.2748635], [-72.5242532, 41.2749363], [-72.5239493, 41.2743199], [-72.5245191, 41.2737248], [-72.5244615, 41.2730591], [-72.5235371, 41.2727629], [-72.523885, 41.2721816], [-72.5237912, 41.2715284], [-72.5242066, 41.2711078], [-72.5240993, 41.2701805], [-72.5229835, 41.2696508], [-72.523099, 41.2692704], [-72.5255783, 41.2693751], [-72.5258497, 41.2691307], [-72.5260188, 41.2694715], [-72.5268684, 41.269413], [-72.5268924, 41.2691337], [-72.5272884, 41.2693309], [-72.5272222, 41.269115], [-72.5291362, 41.2687942], [-72.5287759, 41.2695861], [-72.5305283, 41.268832], [-72.5348242, 41.2681667], [-72.5380952, 41.2671645], [-72.5413282, 41.2647045], [-72.5437777, 41.2637617], [-72.5444227, 41.2632118], [-72.5456578, 41.2629277], [-72.5463082, 41.2633114], [-72.5465607, 41.2645332], [-72.5463167, 41.2651103], [-72.5417995, 41.2672963], [-72.5411883, 41.2666356], [-72.539886, 41.2672103], [-72.5404129, 41.2678953], [-72.5374171, 41.2693588], [-72.538263, 41.270375], [-72.5387732, 41.2701806], [-72.5392595, 41.2698921], [-72.5387031, 41.2691703], [-72.5458048, 41.2659324], [-72.5455759, 41.2676599], [-72.5464483, 41.2688031], [-72.546275, 41.270688], [-72.5466032, 41.2714122], [-72.5441941, 41.273206], [-72.5439553, 41.273931], [-72.5435086, 41.2742163], [-72.5441542, 41.2745498], [-72.544323, 41.2748859], [-72.5439989, 41.2750658], [-72.544654, 41.2756267], [-72.5459184, 41.2760588], [-72.546406, 41.275868], [-72.5451108, 41.2751839], [-72.5445884, 41.2737601], [-72.5471899, 41.2715559], [-72.5473248, 41.2684425], [-72.5467185, 41.2667828], [-72.5477093, 41.26561], [-72.5482579, 41.2642123], [-72.5479097, 41.2629028], [-72.5482671, 41.2616114], [-72.54778, 41.261469], [-72.5473646, 41.2606204], [-72.5448031, 41.2600307], [-72.5444465, 41.2595716], [-72.5421854, 41.259182], [-72.5426333, 41.2596991], [-72.5421442, 41.2600568], [-72.5408269, 41.2598503], [-72.5403964, 41.2601553], [-72.5379848, 41.2601621], [-72.5371877, 41.2607349], [-72.5366582, 41.2606871], [-72.5356894, 41.2620337], [-72.5352379, 41.2621337], [-72.5351058, 41.2626667], [-72.5319933, 41.2644614], [-72.5302944, 41.2646171], [-72.528198, 41.2654602], [-72.5270745, 41.2662961], [-72.5244815, 41.2672469], [-72.523708, 41.2669433], [-72.5246618, 41.2657546], [-72.5258607, 41.2651288], [-72.5295316, 41.2643671], [-72.5343722, 41.2627435], [-72.5348862, 41.2622158], [-72.534926, 41.2613953], [-72.5353294, 41.2615164], [-72.5357267, 41.2612236], [-72.5366621, 41.2596624], [-72.5374747, 41.2597826], [-72.5385237, 41.259332], [-72.539056, 41.2586469], [-72.5385967, 41.2571238], [-72.5364531, 41.2554138], [-72.5377531, 41.2550504], [-72.5382637, 41.2540637], [-72.5381704, 41.2537419], [-72.5370773, 41.2533763], [-72.5371763, 41.2527426], [-72.5364749, 41.2518785], [-72.5384113, 41.2502529], [-72.5414181, 41.2502045], [-72.5441457, 41.2486808], [-72.5461874, 41.2492975], [-72.5481929, 41.2516748], [-72.5537139, 41.2565485], [-72.5661246, 41.2658005], [-72.5695036, 41.2677868], [-72.5720694, 41.2686138], [-72.5768383, 41.2708079], [-72.5791811, 41.2714868], [-72.5831191, 41.2721074], [-72.5851736, 41.2719448], [-72.585301, 41.271172], [-72.589578, 41.270688], [-72.589927, 41.270133], [-72.589483, 41.269936], [-72.593259, 41.270182], [-72.5984367, 41.2689504], [-72.6008797, 41.269603], [-72.601047, 41.26941], [-72.601441, 41.2694437], [-72.6011925, 41.2694532], [-72.6011848, 41.2698635], [-72.602582, 41.2706523], [-72.6042625, 41.270992], [-72.607393, 41.270704], [-72.608076, 41.2700334], [-72.6074572, 41.2697957], [-72.6084278, 41.2699719], [-72.6089898, 41.2697436], [-72.6088966, 41.2701801], [-72.6096469, 41.2706111], [-72.616147, 41.2722114], [-72.6179695, 41.2718072], [-72.6207301, 41.2719486], [-72.6214737, 41.2714773], [-72.622363, 41.2718667], [-72.6248838, 41.271725], [-72.6267094, 41.2708848], [-72.6280242, 41.2709343], [-72.6302544, 41.2702769], [-72.6314577, 41.2694629], [-72.6318727, 41.2686781], [-72.6318228, 41.2680706], [-72.6330852, 41.2682074], [-72.6353766, 41.2674942], [-72.6380303, 41.267491], [-72.6386628, 41.2669426], [-72.6395638, 41.2673096], [-72.6416687, 41.2672015], [-72.6495912, 41.2653649], [-72.6502432, 41.2655656], [-72.6503664, 41.2662872], [-72.6511108, 41.2664377], [-72.6534725, 41.2663528], [-72.6542375, 41.2660133], [-72.6542221, 41.2656389], [-72.6549357, 41.2662487], [-72.6569431, 41.2655888], [-72.6572563, 41.265855], [-72.6585449, 41.2657277], [-72.6606755, 41.2678193], [-72.6617177, 41.2697641], [-72.6631142, 41.2703545], [-72.6627959, 41.271134], [-72.6635767, 41.2717379], [-72.665275, 41.2711375], [-72.6650388, 41.2714077], [-72.6652852, 41.2721408], [-72.6664039, 41.2726037], [-72.6654732, 41.2704799], [-72.6658038, 41.269861], [-72.6684766, 41.2676711], [-72.6679033, 41.2664498], [-72.6674628, 41.2661545], [-72.6679549, 41.2659393], [-72.6681514, 41.2662825], [-72.6684491, 41.26622], [-72.6687837, 41.2657356], [-72.6686148, 41.2655376], [-72.6699203, 41.2661615], [-72.6713303, 41.267543], [-72.6720879, 41.2676674], [-72.6738372, 41.2670021], [-72.6753924, 41.2668106], [-72.6770301, 41.2675917], [-72.677214, 41.267006], [-72.6759104, 41.2663213], [-72.6747374, 41.2651255], [-72.6748973, 41.2648267], [-72.674007, 41.2643074], [-72.6743083, 41.2640952], [-72.6752958, 41.2647272], [-72.6766439, 41.26453], [-72.677866, 41.2637551], [-72.6780061, 41.2632758], [-72.677732, 41.2626826], [-72.676856, 41.2622241], [-72.6773583, 41.2620425], [-72.6783175, 41.2624058], [-72.6792857, 41.2617403], [-72.6786217, 41.2600976], [-72.6775036, 41.2595299], [-72.6769542, 41.2584743], [-72.6769217, 41.258148], [-72.6777086, 41.2578085], [-72.6776666, 41.2569036], [-72.6771365, 41.2563154], [-72.6774632, 41.2558666], [-72.6775008, 41.2547869], [-72.6785423, 41.254904], [-72.680116, 41.2564788], [-72.6819985, 41.2570212], [-72.6837999, 41.2585091], [-72.6843978, 41.2584554], [-72.6853072, 41.2578234], [-72.6843139, 41.2553475], [-72.6850519, 41.2551065], [-72.6857761, 41.2515734], [-72.6882081, 41.2494427], [-72.6888256, 41.2483535], [-72.6903263, 41.2468694], [-72.6906726, 41.2470213], [-72.6907893, 41.2476946], [-72.6921039, 41.2473641], [-72.692935, 41.2467522], [-72.6938296, 41.2453549], [-72.6950763, 41.2448038], [-72.6957746, 41.2454417], [-72.6971194, 41.2458756], [-72.6957342, 41.2469996], [-72.6970086, 41.2478339], [-72.6992945, 41.2471212], [-72.700806, 41.24738], [-72.7020638, 41.2465764], [-72.7017065, 41.246151], [-72.7021929, 41.2455838], [-72.7047772, 41.2442321], [-72.7054019, 41.2443588], [-72.7065599, 41.2437571], [-72.7064336, 41.2446121], [-72.7070302, 41.2449551], [-72.707718, 41.2440157], [-72.7079216, 41.2444168], [-72.7088761, 41.2440474], [-72.7087427, 41.2444538], [-72.70922, 41.2447229], [-72.7094235, 41.2454142], [-72.707781, 41.2460227], [-72.7060756, 41.2453984], [-72.703584, 41.2461583], [-72.7055001, 41.2464433], [-72.7066411, 41.2460792], [-72.7071172, 41.2462249], [-72.7068031, 41.2473204], [-72.705205, 41.2478353], [-72.7048253, 41.2488622], [-72.7053992, 41.2490124], [-72.7060289, 41.2483503], [-72.7068626, 41.2484398], [-72.7071306, 41.2479548], [-72.7078453, 41.2476936], [-72.7087089, 41.2481115], [-72.7088478, 41.2473204], [-72.7091952, 41.247104], [-72.7096617, 41.2478353], [-72.7101779, 41.2471637], [-72.7105253, 41.2474697], [-72.7114683, 41.2470144], [-72.7131755, 41.2472831], [-72.7135428, 41.2477085], [-72.7133542, 41.2484995], [-72.7139795, 41.2489399], [-72.7132395, 41.2490152], [-72.7115769, 41.2505861], [-72.7097441, 41.2512054], [-72.708951, 41.2510946], [-72.7075262, 41.2525879], [-72.7054627, 41.2534269], [-72.7043959, 41.2542289], [-72.7028237, 41.2561865], [-72.7033431, 41.2573631], [-72.7045152, 41.2579435], [-72.7043187, 41.2588036], [-72.7048381, 41.2593628], [-72.7039186, 41.2593787], [-72.7028658, 41.2606608], [-72.6976861, 41.26055], [-72.6969772, 41.2594525], [-72.6971316, 41.2584659], [-72.6967947, 41.2589091], [-72.6968508, 41.2596688], [-72.6956366, 41.2597691], [-72.6968579, 41.2598324], [-72.6973562, 41.2606291], [-72.6990898, 41.2608401], [-72.6976299, 41.2626973], [-72.696163, 41.2614047], [-72.6964929, 41.2621011], [-72.6977703, 41.2634887], [-72.6986967, 41.2641903], [-72.6989915, 41.2642273], [-72.6979879, 41.2635203], [-72.6977984, 41.2630086], [-72.6990547, 41.2616579], [-72.699174, 41.2611092], [-72.6996092, 41.2607346], [-72.7013428, 41.2609457], [-72.7016025, 41.2610828], [-72.7008585, 41.2612675], [-72.7007672, 41.2625232], [-72.7003882, 41.2627184], [-72.7007953, 41.2629083], [-72.7009006, 41.2633884], [-72.699188, 41.2635942], [-72.6997495, 41.264127], [-72.7000303, 41.2638158], [-72.700669, 41.2638052], [-72.7017358, 41.2643908], [-72.7022514, 41.2655756], [-72.7041001, 41.2656055], [-72.7034109, 41.2650392], [-72.7023254, 41.26495], [-72.7020938, 41.2642431], [-72.7010691, 41.2637472], [-72.7014761, 41.263457], [-72.7011252, 41.2629136], [-72.7012024, 41.2616474], [-72.7018902, 41.2612675], [-72.7025219, 41.2613361], [-72.7046345, 41.2602545], [-72.7048872, 41.2594736], [-72.7067027, 41.2600016], [-72.7104352, 41.2578946], [-72.7120262, 41.2579521], [-72.7128824, 41.2573823], [-72.7150301, 41.2567333], [-72.7169322, 41.2569285], [-72.7183921, 41.2558838], [-72.7192764, 41.2562637], [-72.717992, 41.2576144], [-72.715732, 41.2580313], [-72.7147494, 41.2596827], [-72.7154442, 41.2604794], [-72.7147775, 41.2615346], [-72.7156197, 41.2624104], [-72.7168971, 41.263033], [-72.7205889, 41.2604425], [-72.7245124, 41.2582634], [-72.7249405, 41.2583742], [-72.7242667, 41.2592817], [-72.7231777, 41.259652], [-72.7233714, 41.2607015], [-72.7252791, 41.2601344], [-72.7258139, 41.2612502], [-72.7265719, 41.2615668], [-72.7271123, 41.2600684], [-72.726607, 41.2597412], [-72.7269509, 41.258876], [-72.726256, 41.2586174], [-72.7265004, 41.2577121], [-72.7270639, 41.2570606], [-72.7283804, 41.2570527], [-72.7272878, 41.2585963], [-72.7283546, 41.2596516], [-72.7286985, 41.2594405], [-72.7286253, 41.2586379], [-72.7292811, 41.2582481], [-72.7307901, 41.2594669], [-72.731127, 41.257578], [-72.7323482, 41.2564752], [-72.7352399, 41.256317], [-72.7366507, 41.2567285], [-72.7373455, 41.2574197], [-72.7368472, 41.2579262], [-72.7335484, 41.2592717], [-72.7337443, 41.259859], [-72.7344691, 41.2600994], [-72.7340468, 41.2594722], [-72.7357013, 41.2587], [-72.7362388, 41.259102], [-72.7356726, 41.2596466], [-72.7364947, 41.2599822], [-72.7361991, 41.2607086], [-72.7352119, 41.2614823], [-72.7350294, 41.2621946], [-72.7340538, 41.2627855], [-72.7331484, 41.2623793], [-72.7316031, 41.2628853], [-72.7310438, 41.263724], [-72.730748, 41.2651385], [-72.7312112, 41.2646742], [-72.7311263, 41.2638616], [-72.7320956, 41.2627961], [-72.7329657, 41.262602], [-72.7335625, 41.2630387], [-72.7344248, 41.262969], [-72.736067, 41.2619958], [-72.7381537, 41.2618025], [-72.7385325, 41.261934], [-72.7386092, 41.2626103], [-72.7384442, 41.2645201], [-72.7387717, 41.2647802], [-72.7384876, 41.2652034], [-72.7396511, 41.2642593], [-72.739221, 41.2634742], [-72.7393033, 41.2622479], [-72.739802, 41.262552], [-72.7419395, 41.2618704], [-72.7423416, 41.2609949], [-72.743964, 41.2606478], [-72.746154, 41.2594522], [-72.7469962, 41.2597583], [-72.7477747, 41.2596465], [-72.7477674, 41.2591291], [-72.7483502, 41.2590023], [-72.7487047, 41.2593101], [-72.7511176, 41.2586499], [-72.7513065, 41.2589609], [-72.7493825, 41.2599429], [-72.7502683, 41.2598472], [-72.7506319, 41.2602384], [-72.7501616, 41.2614835], [-72.749179, 41.2622116], [-72.7499742, 41.2626574], [-72.7511247, 41.262288], [-72.751797, 41.2625123], [-72.7519073, 41.2630633], [-72.7512704, 41.2632226], [-72.7508817, 41.2637837], [-72.7524491, 41.2634897], [-72.7525382, 41.264053], [-72.7530326, 41.2641567], [-72.7524546, 41.2642499], [-72.7519935, 41.2648001], [-72.7518911, 41.2653024], [-72.752247, 41.2659131], [-72.75191, 41.2659209], [-72.75212, 41.2662668], [-72.7514965, 41.2673495], [-72.7522346, 41.2675171], [-72.7529071, 41.2669546], [-72.7539587, 41.2669439], [-72.7547618, 41.2689353], [-72.7551268, 41.2687079], [-72.7557654, 41.2693057], [-72.7570443, 41.2691522], [-72.7579051, 41.2713745], [-72.7578343, 41.272088], [-72.7585086, 41.272374], [-72.7592017, 41.273364], [-72.7598761, 41.2755496], [-72.7599316, 41.2740814], [-72.7590748, 41.2727475], [-72.764204, 41.2749197], [-72.7650571, 41.2748679], [-72.7639293, 41.2745555], [-72.7629036, 41.2737381], [-72.7607215, 41.2733861], [-72.7580787, 41.2718917], [-72.7582556, 41.2713843], [-72.75712, 41.268426], [-72.7574998, 41.2669343], [-72.7585576, 41.2663076], [-72.7600278, 41.2665589], [-72.7605267, 41.2657578], [-72.760779, 41.2667713], [-72.7613137, 41.2666489], [-72.7613611, 41.267009], [-72.762132, 41.2671492], [-72.7627039, 41.2677466], [-72.7623908, 41.2693662], [-72.7615175, 41.2695305], [-72.7621082, 41.2696244], [-72.7623424, 41.2705202], [-72.7640447, 41.2715348], [-72.7647444, 41.2730044], [-72.765608, 41.2728552], [-72.766814, 41.2731611], [-72.766149, 41.2727583], [-72.7647742, 41.2728851], [-72.764809, 41.2723218], [-72.7642035, 41.2717026], [-72.7643027, 41.2714639], [-72.7625831, 41.2704261], [-72.7622603, 41.2698774], [-72.7628849, 41.2677409], [-72.7647531, 41.2669736], [-72.7643278, 41.2664783], [-72.7648429, 41.2666363], [-72.7655941, 41.2652667], [-72.7660504, 41.2662321], [-72.7675703, 41.2649175], [-72.7678963, 41.2658259], [-72.7686071, 41.265251], [-72.7687643, 41.2656418], [-72.7692609, 41.265423], [-72.7693823, 41.2658112], [-72.7709477, 41.2659229], [-72.7729665, 41.2645199], [-72.7730855, 41.2633199], [-72.7772326, 41.2649966], [-72.77991, 41.2655686], [-72.7814404, 41.2650902], [-72.7835119, 41.2652018], [-72.783772, 41.2642565], [-72.7840979, 41.2649883], [-72.7863308, 41.2648039], [-72.7882868, 41.2636], [-72.7879921, 41.2629678], [-72.7872774, 41.2626848], [-72.7893198, 41.26177], [-72.7906463, 41.2602347], [-72.7906814, 41.2593747], [-72.7914675, 41.2593641], [-72.7928555, 41.2603685], [-72.7956067, 41.2602089], [-72.7970087, 41.2598984], [-72.7995834, 41.2584199], [-72.7999555, 41.2580286], [-72.7994415, 41.2574729], [-72.7999919, 41.2569822], [-72.799759, 41.2576375], [-72.8008259, 41.2577978], [-72.8050547, 41.2568423], [-72.8065447, 41.2558674], [-72.8067283, 41.2552878], [-72.8062681, 41.2550193], [-72.8071185, 41.2543635], [-72.8072223, 41.2533851], [-72.808338, 41.2522793], [-72.8081229, 41.2519758], [-72.8087314, 41.2518775], [-72.8119901, 41.2498822], [-72.8126077, 41.2500933], [-72.8114356, 41.2510748], [-72.8118637, 41.2516394], [-72.8132815, 41.2517449], [-72.8133377, 41.2513966], [-72.8126548, 41.2512655], [-72.8126279, 41.2510215], [-72.8144396, 41.2502516], [-72.8151976, 41.2503096], [-72.816287, 41.2496289], [-72.8167759, 41.2503229], [-72.8158131, 41.2510337], [-72.8166469, 41.2511121], [-72.8170637, 41.2504442], [-72.8164686, 41.2494079], [-72.8169351, 41.2497438], [-72.8179774, 41.2496318], [-72.818091, 41.2487903], [-72.8186561, 41.2485108], [-72.8188345, 41.2490248], [-72.8182873, 41.2492077], [-72.818272, 41.2495935], [-72.8195608, 41.2497556], [-72.8195109, 41.250237], [-72.8187634, 41.2501672], [-72.8186424, 41.2511467], [-72.817352, 41.2514975], [-72.8175009, 41.2524079], [-72.8187714, 41.2538108], [-72.820836, 41.2551391], [-72.8224043, 41.2556017], [-72.8242604, 41.2554599], [-72.8226227, 41.256333], [-72.8219874, 41.2575418], [-72.8211536, 41.2578701], [-72.8213422, 41.2584522], [-72.8204291, 41.2592356], [-72.8191486, 41.2589446], [-72.8179774, 41.2599967], [-72.8170741, 41.2601982], [-72.8156845, 41.2593028], [-72.814808, 41.2578655], [-72.8137489, 41.257318], [-72.8119623, 41.2582059], [-72.810668, 41.260338], [-72.8095855, 41.2611998], [-72.808361, 41.2610925], [-72.8068604, 41.2592655], [-72.805163, 41.2589894], [-72.8036841, 41.2595043], [-72.8029793, 41.2605638], [-72.8009717, 41.2612966], [-72.8031481, 41.2607503], [-72.8035352, 41.2599594], [-72.8046568, 41.2593699], [-72.8063641, 41.2594222], [-72.8073864, 41.2603176], [-72.8077541, 41.2616911], [-72.8089215, 41.2621468], [-72.8086172, 41.2631156], [-72.8092325, 41.2645905], [-72.8123891, 41.2655404], [-72.8149103, 41.2658015], [-72.8176133, 41.2671751], [-72.8178279, 41.2675666], [-72.8177784, 41.2684034], [-72.8168477, 41.2704627], [-72.8136201, 41.2715803], [-72.812687, 41.2723635], [-72.8123192, 41.2732733], [-72.8115721, 41.2736654], [-72.8119758, 41.2745525], [-72.8108985, 41.2738126], [-72.8105477, 41.2745442], [-72.8094962, 41.2749022], [-72.8085746, 41.2746372], [-72.8066503, 41.275166], [-72.8061057, 41.2747013], [-72.8052766, 41.2747326], [-72.8051787, 41.2754729], [-72.8056, 41.2761869], [-72.8082969, 41.2766878], [-72.8114305, 41.2758011], [-72.8147207, 41.272263], [-72.8173528, 41.2715228], [-72.8178871, 41.2695898], [-72.8183109, 41.2693177], [-72.8186086, 41.2683782], [-72.8190967, 41.2681242], [-72.818968, 41.2673399], [-72.8156137, 41.2649867], [-72.812618, 41.2646008], [-72.8122404, 41.2641621], [-72.8123428, 41.2634482], [-72.817082, 41.2628253], [-72.8185787, 41.2632072], [-72.8193372, 41.2630574], [-72.8198317, 41.2626266], [-72.8197232, 41.26187], [-72.8208235, 41.2617731], [-72.8206095, 41.2604439], [-72.8209188, 41.2602253], [-72.8216419, 41.2617039], [-72.8221973, 41.2619023], [-72.8231537, 41.2615163], [-72.824889, 41.2620093], [-72.8245021, 41.2627641], [-72.8247716, 41.262965], [-72.8241646, 41.2633522], [-72.8244196, 41.2638622], [-72.8250888, 41.264034], [-72.8257283, 41.2633842], [-72.8262939, 41.2633281], [-72.8267459, 41.2635182], [-72.8267459, 41.2643187], [-72.8270268, 41.2645669], [-72.8283905, 41.2645163], [-72.8288785, 41.2642148], [-72.8292052, 41.2633627], [-72.8293048, 41.2616695], [-72.8300897, 41.2607938], [-72.830922, 41.2606366], [-72.8313808, 41.2601433], [-72.8311874, 41.2595765], [-72.8301029, 41.2589942], [-72.8307759, 41.2579431], [-72.8314194, 41.2580641], [-72.8318477, 41.2577374], [-72.8315267, 41.257229], [-72.8306855, 41.2572082], [-72.8312219, 41.2567654], [-72.8309451, 41.2563826], [-72.8321358, 41.2552676], [-72.8328858, 41.2551925], [-72.8335674, 41.2546055], [-72.8332429, 41.2528342], [-72.8336413, 41.2517341], [-72.8342038, 41.2515618], [-72.8338472, 41.2510867], [-72.8339961, 41.2505913], [-72.8367059, 41.248635], [-72.8371102, 41.2490751], [-72.8371553, 41.2500272], [-72.836152, 41.2499029], [-72.8360956, 41.2502137], [-72.8350613, 41.2505489], [-72.8348898, 41.2508916], [-72.8349124, 41.25184], [-72.8357482, 41.2527421], [-72.8356255, 41.2543578], [-72.8365463, 41.2543239], [-72.8372575, 41.2530128], [-72.8380673, 41.2531872], [-72.8378398, 41.2527593], [-72.8382305, 41.2523216], [-72.8399149, 41.2513934], [-72.84018, 41.2521147], [-72.8400498, 41.2532928], [-72.8405844, 41.2530046], [-72.8408951, 41.253415], [-72.8396368, 41.2543594], [-72.8397341, 41.2551181], [-72.8386217, 41.2555543], [-72.838606, 41.2558006], [-72.8404223, 41.2569708], [-72.8413685, 41.2561779], [-72.841315, 41.2568604], [-72.8416888, 41.2575585], [-72.8409514, 41.2586457], [-72.8418204, 41.2591971], [-72.8426522, 41.2589925], [-72.8424983, 41.2588216], [-72.8434847, 41.2582338], [-72.8451725, 41.2580997], [-72.8447487, 41.2568395], [-72.8449888, 41.2566242], [-72.8458437, 41.2566378], [-72.8461009, 41.2569312], [-72.8466296, 41.2565043], [-72.8472767, 41.2571354], [-72.8481954, 41.2571364], [-72.8500152, 41.2568934], [-72.8501379, 41.2564579], [-72.8507562, 41.256478], [-72.8509265, 41.2560349], [-72.8500515, 41.2550999], [-72.850489, 41.2533641], [-72.8501213, 41.2529494], [-72.851022, 41.2527879], [-72.8518451, 41.2530934], [-72.8520519, 41.253925], [-72.8532312, 41.2526812], [-72.8544189, 41.2527834], [-72.8549154, 41.2523637], [-72.8553106, 41.252479], [-72.8553978, 41.2533638], [-72.854971, 41.2540784], [-72.8544424, 41.2540265], [-72.8538103, 41.2563817], [-72.8529832, 41.257186], [-72.8527799, 41.2580248], [-72.8520315, 41.2578785], [-72.8519324, 41.25865], [-72.8521898, 41.2588997], [-72.8515934, 41.2597314], [-72.8518221, 41.2608401], [-72.8512322, 41.2619805], [-72.8515276, 41.2633939], [-72.8519804, 41.263795], [-72.8517465, 41.2632993], [-72.8519224, 41.2625611], [-72.8523613, 41.2630587], [-72.8524121, 41.2641459], [-72.8538448, 41.2645433], [-72.8558674, 41.2645836], [-72.8573461, 41.2657872], [-72.8583191, 41.2661039], [-72.8601885, 41.265816], [-72.8602192, 41.2664264], [-72.8613377, 41.2672384], [-72.8600659, 41.2673824], [-72.8601272, 41.2678719], [-72.8607861, 41.2684535], [-72.8618434, 41.2686608], [-72.8623588, 41.2699399], [-72.8634199, 41.2697996], [-72.8635845, 41.2687586], [-72.8639329, 41.2688619], [-72.8640622, 41.2692227], [-72.8625789, 41.2709815], [-72.862487, 41.2738952], [-72.8627628, 41.2710333], [-72.8643028, 41.2693864], [-72.8641265, 41.2687357], [-72.863414, 41.268488], [-72.8631842, 41.2696167], [-72.8625406, 41.2695246], [-72.8626632, 41.2682231], [-72.8615982, 41.2681425], [-72.8609317, 41.2676991], [-72.8617515, 41.2672154], [-72.8606022, 41.2662997], [-72.8606482, 41.2654244], [-72.8579576, 41.2657056], [-72.8565166, 41.2642519], [-72.8544742, 41.2638039], [-72.8538349, 41.2641786], [-72.8532931, 41.2640931], [-72.8529735, 41.2626189], [-72.8521663, 41.2617311], [-72.852448, 41.2612099], [-72.8522313, 41.2593243], [-72.8539104, 41.257571], [-72.8543687, 41.2559261], [-72.8548486, 41.2558829], [-72.8567766, 41.2540624], [-72.8594214, 41.2541932], [-72.8611898, 41.2525584], [-72.8582192, 41.2540484], [-72.8570367, 41.2537284], [-72.8584994, 41.2511502], [-72.8578998, 41.2513971], [-72.8578147, 41.2511768], [-72.8594203, 41.2496437], [-72.8595731, 41.2487207], [-72.8602125, 41.248031], [-72.8595862, 41.2473466], [-72.8605225, 41.2469868], [-72.8608417, 41.2459651], [-72.8628397, 41.2451629], [-72.8632325, 41.2454278], [-72.8650332, 41.2451958], [-72.8683448, 41.2453622], [-72.8706812, 41.2449332], [-72.8715515, 41.244419], [-72.8747482, 41.2446758], [-72.8768346, 41.24413], [-72.8772038, 41.2436576], [-72.8776743, 41.2438826], [-72.8798725, 41.2434213], [-72.8803164, 41.2442455], [-72.8798376, 41.2453342], [-72.8798759, 41.246135], [-72.8811975, 41.2470134], [-72.8819445, 41.2471027], [-72.8821665, 41.2470103], [-72.8812243, 41.2469702], [-72.879941, 41.246037], [-72.8803586, 41.244882], [-72.8803984, 41.2438066], [-72.8808687, 41.2429431], [-72.880214, 41.2422811], [-72.8818229, 41.242122], [-72.8812979, 41.242705], [-72.8820228, 41.2431326], [-72.8862192, 41.2442963], [-72.889338, 41.2445856], [-72.890587, 41.2444002], [-72.8918446, 41.2434319], [-72.8932207, 41.2430327], [-72.8936101, 41.242554], [-72.8932729, 41.2422223], [-72.8934979, 41.2419745], [-72.8944581, 41.2422104], [-72.8952722, 41.2437443], [-72.8971897, 41.2453907], [-72.9005934, 41.2464253], [-72.9011576, 41.2470301], [-72.9023026, 41.2474856], [-72.9045025, 41.247606], [-72.9041495, 41.2482832], [-72.9042724, 41.2505071], [-72.9035072, 41.2521109], [-72.902847, 41.2524075], [-72.9029053, 41.2529527], [-72.9012798, 41.2539667], [-72.9008076, 41.2551212], [-72.9004282, 41.2545192], [-72.8993261, 41.2548246], [-72.8988965, 41.2555303], [-72.8982474, 41.2553828], [-72.8959498, 41.2562572], [-72.8946811, 41.2563419], [-72.893745, 41.2577372], [-72.8933856, 41.259439], [-72.8945032, 41.2618764], [-72.8971222, 41.2648058], [-72.8991525, 41.2661827], [-72.8993769, 41.266946], [-72.9008223, 41.2679911], [-72.9018208, 41.2681324], [-72.9019942, 41.2686059], [-72.9029808, 41.2692247], [-72.9058286, 41.2703969], [-72.9048672, 41.271847], [-72.9052851, 41.272137], [-72.9042666, 41.2725318], [-72.9031874, 41.2745572], [-72.9035311, 41.2762338], [-72.9040404, 41.2766582], [-72.9033351, 41.2768977], [-72.9031227, 41.2775823], [-72.906131, 41.2831012], [-72.9078918, 41.2832937], [-72.9060308, 41.2832444], [-72.9051737, 41.2885951], [-72.9057305, 41.2891745], [-72.908047, 41.2895045], [-72.9056562, 41.2893375], [-72.9057768, 41.2899032], [-72.9079173, 41.29022], [-72.9069682, 41.2919747], [-72.9065945, 41.2920031], [-72.9065158, 41.2923237], [-72.9055893, 41.2922625], [-72.9052515, 41.2929887], [-72.9053613, 41.2936469], [-72.9044086, 41.2936224], [-72.9042917, 41.2942277], [-72.9067432, 41.2944768], [-72.9041254, 41.2943736], [-72.9040481, 41.2947863], [-72.9052326, 41.2951604], [-72.9042541, 41.2961534], [-72.9037219, 41.2961663], [-72.9035908, 41.2967639], [-72.9063913, 41.2983717], [-72.9072668, 41.29783], [-72.9085177, 41.297634], [-72.9087688, 41.2976753], [-72.9089662, 41.2986812], [-72.9096958, 41.2986812], [-72.9101421, 41.2986038], [-72.9103209, 41.2970332], [-72.9132049, 41.2969107], [-72.9144752, 41.2963174], [-72.9151961, 41.2969494], [-72.9170461, 41.2948241], [-72.9166995, 41.2942337], [-72.9173206, 41.2941018], [-72.9198538, 41.2916645], [-72.9221562, 41.2889371], [-72.924238, 41.2853146], [-72.925964, 41.2841466], [-72.9276169, 41.2848566], [-72.9269829, 41.2839358], [-72.9260153, 41.28406], [-72.9257796, 41.2832719], [-72.9279824, 41.2822545], [-72.9291621, 41.2811737], [-72.9297189, 41.281293], [-72.9290827, 41.2803694], [-72.9294008, 41.2801816], [-72.9298912, 41.2808108], [-72.9329322, 41.2803134], [-72.9327125, 41.2819063], [-72.9344721, 41.2820837], [-72.9362581, 41.2817687], [-72.9375673, 41.2820998], [-72.9384522, 41.2803779], [-72.9391337, 41.2800197], [-72.9384667, 41.2795652], [-72.9375382, 41.2776901], [-72.9362635, 41.2769189], [-72.9369477, 41.2764918], [-72.9364459, 41.2730243], [-72.9355675, 41.2719579], [-72.9328459, 41.2698065], [-72.9313327, 41.2691236], [-72.9305113, 41.2677938], [-72.9309098, 41.2676538], [-72.9308733, 41.2669361], [-72.929779, 41.2668877], [-72.9262157, 41.2682921], [-72.9242053, 41.2686171], [-72.9281366, 41.2673258], [-72.9297136, 41.2664522], [-72.9310493, 41.264424], [-72.9310868, 41.2635772], [-72.9320862, 41.2635763], [-72.9317952, 41.263102], [-72.9306741, 41.2629246], [-72.9310818, 41.2631585], [-72.9305936, 41.2634448], [-72.9304648, 41.2639246], [-72.9289789, 41.2643883], [-72.9282332, 41.2652996], [-72.9282172, 41.2658117], [-72.9267527, 41.2673077], [-72.9239148, 41.2684105], [-72.9217229, 41.270349], [-72.9217309, 41.2687717], [-72.9221392, 41.2683887], [-72.9241814, 41.2675077], [-72.9270074, 41.2656485], [-72.9315288, 41.2619372], [-72.9347446, 41.2605986], [-72.9359277, 41.2595443], [-72.9383507, 41.2589055], [-72.938098, 41.2582883], [-72.9410762, 41.2583113], [-72.9419131, 41.2580572], [-72.9418004, 41.257779], [-72.953357, 41.255203], [-72.953866, 41.254663], [-72.956622, 41.253374], [-72.957079, 41.2526715], [-72.956643, 41.252573], [-72.956352, 41.25205], [-72.956963, 41.251673], [-72.9579011, 41.2522289], [-72.9601066, 41.2521617], [-72.9629193, 41.249276], [-72.9630113, 41.2484841], [-72.9627122, 41.2483074], [-72.9636685, 41.2473985], [-72.963868, 41.2467547], [-72.9672766, 41.2451264], [-72.9699732, 41.2426279], [-72.9704006, 41.2418282], [-72.9702067, 41.240783], [-72.971335, 41.238915], [-72.9718596, 41.2373453], [-72.9747722, 41.2342495], [-72.9757916, 41.2335844], [-72.9784817, 41.2333263], [-72.9797303, 41.2344898], [-72.9816976, 41.2346102], [-72.9823226, 41.2351467], [-72.9842142, 41.2357225], [-72.9861099, 41.2357437], [-72.9865142, 41.2354866], [-72.9870245, 41.2341916], [-72.9864178, 41.2331418], [-72.9873437, 41.2321604], [-72.9872015, 41.2311942], [-72.9891053, 41.2282587], [-72.9914565, 41.2254321], [-72.9917548, 41.2242963], [-72.9914473, 41.224208], [-72.9918711, 41.2240285], [-72.9921983, 41.2232719], [-72.9925095, 41.2230843], [-72.9935001, 41.2237195], [-72.9948818, 41.2231369], [-72.9950789, 41.2235358], [-72.9958664, 41.223588], [-72.9969574, 41.2224796], [-72.9981543, 41.2230987], [-72.9999229, 41.2225406], [-73.0000979, 41.2231994], [-73.0006964, 41.223304], [-73.0024995, 41.2227618], [-73.0043167, 41.2214606], [-73.0045514, 41.2210298], [-73.0043741, 41.2205657], [-73.0050101, 41.2196728], [-73.0081518, 41.210307], [-73.0092676, 41.2098752], [-73.010543, 41.2088527], [-73.014058, 41.2050705], [-73.0156807, 41.204453], [-73.0201198, 41.2041907], [-73.0203531, 41.2042472], [-73.0203934, 41.2064982], [-73.0208083, 41.2068121], [-73.0240376, 41.2075204], [-73.0296594, 41.2073075], [-73.0332841, 41.2065174], [-73.0362372, 41.2049757], [-73.0375622, 41.2036519], [-73.0377285, 41.2032543], [-73.037361, 41.2023079], [-73.0379511, 41.201763], [-73.0442302, 41.2082024], [-73.0449678, 41.2085051], [-73.0454586, 41.2095947], [-73.0483818, 41.2102533], [-73.0468852, 41.2105678], [-73.0473497, 41.2121635], [-73.0501239, 41.2124678], [-73.0523844, 41.2138723], [-73.0538699, 41.2138458], [-73.0545174, 41.2134335], [-73.053173, 41.21234], [-73.0523072, 41.212181], [-73.0521301, 41.2118286], [-73.0511917, 41.2114671], [-73.0496735, 41.2115579], [-73.0494382, 41.2112779], [-73.0494337, 41.2101798], [-73.0497366, 41.2106136], [-73.0521995, 41.2100659], [-73.0551218, 41.2089046], [-73.058614, 41.2068242], [-73.0625448, 41.2032705], [-73.0656518, 41.1977099], [-73.0659335, 41.1979288], [-73.0706174, 41.1969319], [-73.0716884, 41.1974059], [-73.0753932, 41.1962984], [-73.0787841, 41.1948581], [-73.0835602, 41.1917584], [-73.0893362, 41.1865787], [-73.0927916, 41.1821435], [-73.0951615, 41.179739], [-73.098347, 41.1741257], [-73.0995118, 41.1736741], [-73.1027663, 41.1709368], [-73.1041523, 41.1705948], [-73.1045328, 41.1712483], [-73.1037384, 41.1709895], [-73.1033991, 41.1714792], [-73.1023696, 41.1716417], [-73.1009956, 41.1731922], [-73.0983726, 41.1749424], [-73.0986611, 41.1754483], [-73.0997015, 41.1753335], [-73.101273, 41.1739624], [-73.1027922, 41.1739844], [-73.1060834, 41.1726497], [-73.1083431, 41.1721263], [-73.1104312, 41.1725845], [-73.110863, 41.1735063], [-73.1102967, 41.1742256], [-73.1097517, 41.1742788], [-73.1101056, 41.1733891], [-73.1088244, 41.1726804], [-73.1083289, 41.1726964], [-73.1071645, 41.1736071], [-73.1052012, 41.1735781], [-73.1022978, 41.1755026], [-73.1005738, 41.1771094], [-73.0991054, 41.1776864], [-73.0998509, 41.1790481], [-73.0997237, 41.1793832], [-73.0977946, 41.1804682], [-73.0978158, 41.1808192], [-73.104981, 41.18125], [-73.1086273, 41.1807394], [-73.1102384, 41.1814414], [-73.1111712, 41.1813776], [-73.1118495, 41.1808351], [-73.1126551, 41.1793992], [-73.1126551, 41.1786333], [-73.1120191, 41.1771973], [-73.1103232, 41.1753144], [-73.1120615, 41.1749634], [-73.1164285, 41.176208], [-73.1191374, 41.1783302], [-73.1203157, 41.1801778], [-73.1204506, 41.1840158], [-73.1201567, 41.1865771], [-73.1197836, 41.1873724], [-73.118208, 41.1883257], [-73.1149102, 41.1893296], [-73.1118972, 41.1921046], [-73.1110278, 41.1921159], [-73.1110542, 41.1958166], [-73.1107126, 41.1978085], [-73.1091033, 41.2001262], [-73.111724, 41.2006667], [-73.1123834, 41.1996214], [-73.1145033, 41.1978189], [-73.1151541, 41.1976658], [-73.1166156, 41.1961939], [-73.1178483, 41.194313], [-73.1213493, 41.1906335], [-73.1212367, 41.1902257], [-73.1223125, 41.1884548], [-73.1240132, 41.1887106], [-73.1241496, 41.1881235], [-73.1231035, 41.1879378], [-73.1234415, 41.1871142], [-73.1233015, 41.186396], [-73.1226583, 41.1861897], [-73.1226583, 41.1858789], [-73.123023, 41.185895], [-73.1233695, 41.1853746], [-73.1242083, 41.1835268], [-73.1244179, 41.1822352], [-73.1255, 41.1822903], [-73.125737, 41.180746], [-73.1248226, 41.181028], [-73.1242766, 41.1794809], [-73.1244838, 41.179412], [-73.1243286, 41.1785847], [-73.1255107, 41.1782828], [-73.1242009, 41.1785223], [-73.124208, 41.1771018], [-73.1260968, 41.1735364], [-73.1259319, 41.1732994], [-73.1245528, 41.1732317], [-73.1235643, 41.1723437], [-73.1214797, 41.171906], [-73.1197134, 41.1737198], [-73.1194712, 41.1734235], [-73.1209498, 41.1718168], [-73.1186549, 41.1715845], [-73.1158576, 41.1720844], [-73.111533, 41.1695311], [-73.1097311, 41.16768], [-73.1085755, 41.1660445], [-73.1083233, 41.1651715], [-73.1103625, 41.1591381], [-73.1100998, 41.1568779], [-73.1061587, 41.1549736], [-73.1041464, 41.1546771], [-73.1029125, 41.1553056], [-73.1017613, 41.1549731], [-73.1013325, 41.154503], [-73.1015343, 41.1537669], [-73.1031755, 41.1517774], [-73.1039551, 41.1514522], [-73.1042173, 41.1513901], [-73.1050981, 41.1522421], [-73.107431, 41.1526536], [-73.1084748, 41.1524798], [-73.110508, 41.1513062], [-73.1115419, 41.1511589], [-73.1173727, 41.1515137], [-73.1215177, 41.1500596], [-73.1248929, 41.1484173], [-73.1269756, 41.1482634], [-73.1302694, 41.1472006], [-73.1325731, 41.1474779], [-73.1363094, 41.1488849], [-73.1371898, 41.1487145], [-73.1486396, 41.1531508], [-73.163, 41.1576653], [-73.1718074, 41.1591068], [-73.1714997, 41.1599394], [-73.1696745, 41.1609798], [-73.1683485, 41.1642913], [-73.1675239, 41.1647707], [-73.1677505, 41.1671463], [-73.1702588, 41.1680199], [-73.1697585, 41.1686545], [-73.1705418, 41.1691064], [-73.1718034, 41.1694784], [-73.1725448, 41.1687531], [-73.1730795, 41.1688541], [-73.1741734, 41.1698934], [-73.175533, 41.1705734], [-73.1740039, 41.1715506], [-73.1741691, 41.1718111], [-73.1760719, 41.1710235], [-73.1778719, 41.1724778], [-73.1774933, 41.1726665], [-73.1775589, 41.1732069], [-73.1765819, 41.1746338], [-73.1761705, 41.1760764], [-73.1745029, 41.1773972], [-73.1745226, 41.1780936], [-73.1747964, 41.1781773], [-73.1713816, 41.1840489], [-73.1713301, 41.1852117], [-73.171739, 41.1855156], [-73.172853, 41.1841151], [-73.1726515, 41.1840353], [-73.1736152, 41.1824878], [-73.1764027, 41.1786614], [-73.1771419, 41.1769156], [-73.1778555, 41.1762478], [-73.1784551, 41.1761176], [-73.1789497, 41.1754197], [-73.1806893, 41.1750021], [-73.1825496, 41.1750193], [-73.1839057, 41.175672], [-73.184133, 41.1777142], [-73.183889, 41.1780715], [-73.185212, 41.1792313], [-73.1848353, 41.1797446], [-73.1850155, 41.1826257], [-73.1859425, 41.1837368], [-73.1871296, 41.1840272], [-73.1882708, 41.183406], [-73.1861071, 41.1825075], [-73.185994, 41.1814048], [-73.1868055, 41.1790881], [-73.1864356, 41.1767411], [-73.185351, 41.175335], [-73.1856179, 41.1752421], [-73.1847537, 41.1738251], [-73.1849248, 41.1730197], [-73.180516, 41.1698084], [-73.1778179, 41.1673886], [-73.1775452, 41.1666448], [-73.1815881, 41.1659235], [-73.1818787, 41.1663172], [-73.1822733, 41.1662365], [-73.1822407, 41.1657932], [-73.1843325, 41.164757], [-73.1847006, 41.1641824], [-73.1846776, 41.1613465], [-73.1865292, 41.1601596], [-73.1865558, 41.1598041], [-73.1888756, 41.159479], [-73.1896037, 41.1604784], [-73.1908608, 41.160724], [-73.1964606, 41.1599984], [-73.2035554, 41.1577759], [-73.2086322, 41.1548135], [-73.2131777, 41.1513215], [-73.21589, 41.1482254], [-73.2161721, 41.1473693], [-73.2152364, 41.1454133], [-73.2153004, 41.1434403], [-73.2153917, 41.1428098], [-73.2166972, 41.1415921], [-73.2175856, 41.1422905], [-73.2173658, 41.1433344], [-73.2157491, 41.1447064], [-73.2156166, 41.1455042], [-73.2164083, 41.1474712], [-73.2160231, 41.1481997], [-73.2166148, 41.1486915], [-73.2164002, 41.1494994], [-73.217134, 41.1525293], [-73.2157766, 41.1539329], [-73.2146126, 41.1544823], [-73.2086842, 41.1592201], [-73.2068878, 41.1609607], [-73.2043439, 41.1642217], [-73.2008205, 41.1664698], [-73.2008111, 41.1668393], [-73.2042753, 41.164874], [-73.203869, 41.1663657], [-73.2047234, 41.1662406], [-73.2063758, 41.1632537], [-73.2081355, 41.1613479], [-73.2088295, 41.1612786], [-73.2099046, 41.1625007], [-73.2097701, 41.1614892], [-73.2094198, 41.1612959], [-73.2094815, 41.1602377], [-73.2110412, 41.1596312], [-73.2116856, 41.1585796], [-73.2129336, 41.1578549], [-73.2141165, 41.1575159], [-73.2152398, 41.158157], [-73.2157516, 41.1589264], [-73.2174124, 41.1589266], [-73.2178551, 41.1574591], [-73.2189537, 41.1569799], [-73.2200256, 41.1556865], [-73.2194258, 41.1554683], [-73.2179653, 41.1561879], [-73.2167192, 41.1558706], [-73.2169394, 41.1544521], [-73.2177405, 41.1536718], [-73.2180645, 41.1537491], [-73.2179586, 41.1534029], [-73.2201038, 41.1534502], [-73.2205338, 41.1530031], [-73.2200971, 41.1528409], [-73.2203753, 41.1524445], [-73.2207945, 41.1526442], [-73.221424, 41.1522961], [-73.2210225, 41.1518238], [-73.2214276, 41.1512545], [-73.2219836, 41.1515461], [-73.2236524, 41.1505652], [-73.2240367, 41.1499387], [-73.2233659, 41.1490808], [-73.222623, 41.1488046], [-73.2228173, 41.1481193], [-73.2249385, 41.1458443], [-73.2254775, 41.1448012], [-73.2275321, 41.1429639], [-73.2342346, 41.1438692], [-73.2349865, 41.1444971], [-73.2312838, 41.1449638], [-73.2308096, 41.1453397], [-73.2315828, 41.147906], [-73.2317365, 41.1499788], [-73.2325713, 41.1508178], [-73.2320399, 41.1513], [-73.23159, 41.152612], [-73.2325713, 41.1526516], [-73.2323781, 41.1529747], [-73.2332043, 41.1537987], [-73.2329226, 41.153991], [-73.2338839, 41.1536938], [-73.2345105, 41.1539103], [-73.2358194, 41.1530378], [-73.2359723, 41.1538068], [-73.2367207, 41.1536841], [-73.2371927, 41.1539749], [-73.2356055, 41.1561613], [-73.2326008, 41.1576261], [-73.2316829, 41.1589136], [-73.231961, 41.1591553], [-73.2328206, 41.1584528], [-73.2334719, 41.1589039], [-73.233183, 41.1583151], [-73.2353497, 41.1570868], [-73.23617, 41.1570078], [-73.2365237, 41.1573843], [-73.2367506, 41.1572429], [-73.2362895, 41.1569894], [-73.2370507, 41.1570776], [-73.2366172, 41.1566591], [-73.2367085, 41.1563833], [-73.2386143, 41.1552108], [-73.238508, 41.1541905], [-73.2369082, 41.1533655], [-73.2367112, 41.1528896], [-73.2371812, 41.1523255], [-73.2370745, 41.1519637], [-73.2345744, 41.1517527], [-73.2343844, 41.1508258], [-73.2331257, 41.1495263], [-73.2343852, 41.147312], [-73.2363344, 41.1463163], [-73.2360506, 41.1451129], [-73.235288, 41.1441346], [-73.2359057, 41.1443796], [-73.2363278, 41.1449974], [-73.2368321, 41.1467829], [-73.2374973, 41.1469364], [-73.2389028, 41.145571], [-73.2376475, 41.1448035], [-73.2379264, 41.1447308], [-73.2375509, 41.1443268], [-73.2365291, 41.1438025], [-73.236179, 41.144139], [-73.2348867, 41.1439043], [-73.2329751, 41.1424233], [-73.2338512, 41.1429017], [-73.2350401, 41.142239], [-73.2392718, 41.1372411], [-73.2411142, 41.1330303], [-73.2416984, 41.1290826], [-73.2421742, 41.1287207], [-73.242551, 41.127568], [-73.2423809, 41.1271334], [-73.2427774, 41.1277173], [-73.2460613, 41.1274614], [-73.249516, 41.1262653], [-73.2507306, 41.1255226], [-73.2513613, 41.1256349], [-73.2565036, 41.1224441], [-73.260725, 41.118816], [-73.2613868, 41.1187605], [-73.2622939, 41.1179826], [-73.2663268, 41.1188551], [-73.2658594, 41.1197592], [-73.2681689, 41.1204846], [-73.2687678, 41.1202767], [-73.2707591, 41.1208418], [-73.2743159, 41.1207474], [-73.2759766, 41.1220562], [-73.2772372, 41.1245293], [-73.2796048, 41.125153], [-73.279542, 41.1257249], [-73.279863, 41.1261243], [-73.2811817, 41.126734], [-73.2861845, 41.1273489], [-73.2864357, 41.1276643], [-73.28617, 41.128172], [-73.2852077, 41.128379], [-73.2845099, 41.1289519], [-73.2820678, 41.1320841], [-73.2803653, 41.1328199], [-73.2767573, 41.1334185], [-73.2762952, 41.1339521], [-73.2755912, 41.1360518], [-73.2744442, 41.136583], [-73.2744986, 41.1375054], [-73.2756599, 41.1376108], [-73.2761609, 41.1366091], [-73.2786709, 41.1349486], [-73.2799382, 41.1346558], [-73.2804209, 41.134003], [-73.2819439, 41.1330302], [-73.2845344, 41.1320205], [-73.284453, 41.1299934], [-73.2853327, 41.1292967], [-73.2850957, 41.1292021], [-73.285305, 41.1289683], [-73.286368, 41.1290422], [-73.2867491, 41.1287096], [-73.2865196, 41.1285531], [-73.2867147, 41.1281485], [-73.2886876, 41.1277988], [-73.2894799, 41.1267758], [-73.2902323, 41.1263865], [-73.2910217, 41.1262758], [-73.2926967, 41.1270583], [-73.29531, 41.1263866], [-73.2976186, 41.1249096], [-73.2988901, 41.1248447], [-73.2989423, 41.1236144], [-73.2983176, 41.1222576], [-73.2982936, 41.12128], [-73.2986926, 41.1202745], [-73.3027044, 41.119015], [-73.3085556, 41.1155382], [-73.3091209, 41.1148494], [-73.3108549, 41.1158224], [-73.3109718, 41.1163276], [-73.3117011, 41.1167101], [-73.3135938, 41.1169538], [-73.3167896, 41.1164738], [-73.3194474, 41.115327], [-73.3209386, 41.1153405], [-73.3234101, 41.1145278], [-73.3299687, 41.1103171], [-73.330169, 41.1097656], [-73.3317854, 41.111032], [-73.3332274, 41.1115636], [-73.3346422, 41.1112516], [-73.3348195, 41.1118779], [-73.3355238, 41.1119912], [-73.3378284, 41.111241], [-73.3380608, 41.1117561], [-73.3395573, 41.1120995], [-73.3417531, 41.1135684], [-73.3439961, 41.113275], [-73.3444064, 41.113661], [-73.3451675, 41.1135747], [-73.3464132, 41.1125494], [-73.3461667, 41.1115565], [-73.3449458, 41.1110827], [-73.3456461, 41.1104215], [-73.3460612, 41.1086739], [-73.3471094, 41.1077246], [-73.3487953, 41.1073859], [-73.3509241, 41.1060636], [-73.3526819, 41.1037432], [-73.3532454, 41.1022318], [-73.3544867, 41.1034551], [-73.3566416, 41.1040391], [-73.3571257, 41.1048099], [-73.3567605, 41.1060719], [-73.3567526, 41.1053842], [-73.3547383, 41.1050168], [-73.3540358, 41.1064231], [-73.3546623, 41.1069979], [-73.3563677, 41.107341], [-73.357085, 41.1067663], [-73.3606262, 41.10627], [-73.3624262, 41.1065495], [-73.3650042, 41.1064352], [-73.3644696, 41.107121], [-73.3633112, 41.1069235], [-73.3620285, 41.1081086], [-73.3601543, 41.1078038], [-73.3594633, 41.1071946], [-73.3587652, 41.1075914], [-73.3596234, 41.1085259], [-73.3591983, 41.1087092], [-73.3584586, 41.1076175], [-73.3573731, 41.1075924], [-73.3575825, 41.1079694], [-73.358704, 41.1081329], [-73.3588623, 41.1084512], [-73.3585947, 41.1086123], [-73.3590827, 41.1087406], [-73.3579345, 41.1096642], [-73.3571825, 41.1089504], [-73.3571869, 41.1076304], [-73.3561761, 41.1084406], [-73.3561732, 41.1090502], [-73.3566416, 41.1093276], [-73.3563739, 41.1096131], [-73.3565837, 41.1099808], [-73.3607818, 41.1096039], [-73.3623653, 41.1090895], [-73.3630921, 41.1087212], [-73.3632967, 41.1083392], [-73.3630244, 41.1081342], [-73.3636408, 41.1074469], [-73.365185, 41.1073229], [-73.3654787, 41.1088596], [-73.3658907, 41.1090296], [-73.367719, 41.1078798], [-73.3681271, 41.1081445], [-73.3685113, 41.109327], [-73.3695916, 41.1092149], [-73.3706292, 41.1084958], [-73.3712918, 41.1087198], [-73.3711574, 41.1102292], [-73.3703074, 41.1114536], [-73.3694446, 41.114515], [-73.3684961, 41.1164396], [-73.3683235, 41.1181571], [-73.3680106, 41.1182486], [-73.3675613, 41.1204112], [-73.3678526, 41.1208939], [-73.3662377, 41.1221976], [-73.3671772, 41.1230549], [-73.3688032, 41.1228861], [-73.3688436, 41.1241911], [-73.3684076, 41.1257621], [-73.3676796, 41.126955], [-73.3681355, 41.1271045], [-73.3677868, 41.1280541], [-73.3677654, 41.1304017], [-73.3663277, 41.1318401], [-73.3661668, 41.1323937], [-73.3646989, 41.1324184], [-73.364182, 41.1315613], [-73.3643912, 41.1324018], [-73.3628999, 41.1331452], [-73.3627067, 41.1336058], [-73.3610629, 41.1334857], [-73.3607987, 41.1337269], [-73.3616798, 41.1350472], [-73.3600308, 41.1349499], [-73.3607353, 41.1363334], [-73.3617835, 41.1365745], [-73.3604515, 41.1364128], [-73.3594023, 41.1374077], [-73.3604322, 41.1374561], [-73.3609739, 41.1379789], [-73.3606844, 41.1386399], [-73.3589409, 41.1390358], [-73.3586324, 41.1394981], [-73.3604549, 41.1392182], [-73.3611571, 41.1382556], [-73.3619331, 41.1379462], [-73.3617982, 41.1392318], [-73.3622577, 41.1409296], [-73.3626929, 41.1411544], [-73.3623984, 41.1413473], [-73.3627962, 41.1430301], [-73.363712, 41.1430949], [-73.364163, 41.1443918], [-73.3637476, 41.1446918], [-73.3636314, 41.1454521], [-73.3631362, 41.1454913], [-73.3631565, 41.1457519], [-73.3636064, 41.1457314], [-73.3633782, 41.1464778], [-73.363847, 41.1464645], [-73.3641824, 41.147173], [-73.365953, 41.148368], [-73.3663559, 41.1489217], [-73.3657789, 41.149139], [-73.3664547, 41.1495274], [-73.3667699, 41.1492039], [-73.3666839, 41.1485561], [-73.3648723, 41.1469321], [-73.3652516, 41.1467995], [-73.3654214, 41.145216], [-73.3647389, 41.1430987], [-73.3643724, 41.1430641], [-73.3639618, 41.1422016], [-73.3641118, 41.1413651], [-73.3633073, 41.1381529], [-73.3647935, 41.1338523], [-73.3664527, 41.1330744], [-73.3678563, 41.131944], [-73.3674521, 41.1318314], [-73.3681731, 41.1309835], [-73.3685409, 41.1299163], [-73.3692382, 41.1266255], [-73.3700719, 41.1263693], [-73.3697403, 41.1262034], [-73.3702301, 41.1248336], [-73.3705263, 41.1242004], [-73.3711475, 41.1238908], [-73.3705593, 41.123764], [-73.3696399, 41.1223629], [-73.3698252, 41.1205441], [-73.3691862, 41.1196562], [-73.3691104, 41.1189574], [-73.3695194, 41.117445], [-73.3711091, 41.1158662], [-73.3710876, 41.1151468], [-73.3719835, 41.1132554], [-73.3726433, 41.1129886], [-73.3729115, 41.1135383], [-73.3732602, 41.1136029], [-73.3725325, 41.1142468], [-73.3731739, 41.1150571], [-73.3728976, 41.1158897], [-73.3731147, 41.1161796], [-73.3735686, 41.1148489], [-73.3746343, 41.1136595], [-73.3747823, 41.1126112], [-73.3757789, 41.111905], [-73.3765486, 41.1122469], [-73.3768058, 41.1113735], [-73.3762328, 41.1116076], [-73.3759664, 41.1112507], [-73.3780781, 41.1096225], [-73.3794595, 41.1071616], [-73.3795286, 41.1064627], [-73.3782557, 41.1056672], [-73.3783741, 41.104827], [-73.3790254, 41.1047675], [-73.3792949, 41.1049185], [-73.3792627, 41.1054683], [-73.3798581, 41.1056279], [-73.3801478, 41.1054986], [-73.3804214, 41.1044598], [-73.3814085, 41.104292], [-73.3817974, 41.1044092], [-73.3826396, 41.1057936], [-73.3832619, 41.105923], [-73.3827553, 41.1039199], [-73.3808316, 41.1036792], [-73.379501, 41.1041735], [-73.3793115, 41.1045147], [-73.3788675, 41.1044701], [-73.3772887, 41.1026633], [-73.3738054, 41.1003805], [-73.3705313, 41.099314], [-73.3688159, 41.0993979], [-73.3691983, 41.0976956], [-73.3675262, 41.0977562], [-73.3675074, 41.0992073], [-73.3687412, 41.1003734], [-73.3681862, 41.1006635], [-73.3676805, 41.1003036], [-73.3672333, 41.1003791], [-73.3664323, 41.0994812], [-73.3658664, 41.0994158], [-73.3658811, 41.0974556], [-73.3672999, 41.0974086], [-73.3678125, 41.0966855], [-73.3680509, 41.0955179], [-73.3699342, 41.0958438], [-73.3709176, 41.0957472], [-73.3715471, 41.0953181], [-73.3724087, 41.0957012], [-73.3731815, 41.0956072], [-73.3732269, 41.0959979], [-73.3743858, 41.0961067], [-73.3747085, 41.0965463], [-73.3762437, 41.0965475], [-73.3766283, 41.0969413], [-73.3786433, 41.0965203], [-73.3786551, 41.0956235], [-73.3791264, 41.0970088], [-73.3819181, 41.0992403], [-73.3822918, 41.0999201], [-73.3776273, 41.098026], [-73.3762411, 41.0983078], [-73.3759867, 41.0991582], [-73.3762762, 41.0995194], [-73.3780692, 41.1001424], [-73.3807038, 41.1016519], [-73.3815317, 41.1026787], [-73.3826858, 41.1003495], [-73.3845815, 41.1001608], [-73.3852612, 41.0994753], [-73.3854868, 41.099606], [-73.3852735, 41.1003922], [-73.3856222, 41.1006711], [-73.3841436, 41.1020268], [-73.3843762, 41.102177], [-73.3860901, 41.1007096], [-73.3866427, 41.0995794], [-73.3862502, 41.098238], [-73.3853851, 41.0979751], [-73.3858525, 41.0973441], [-73.3852874, 41.0968025], [-73.3867108, 41.0969918], [-73.3879806, 41.0952934], [-73.3882946, 41.095346], [-73.3881082, 41.0961704], [-73.3893097, 41.0963606], [-73.3889946, 41.0966072], [-73.3897073, 41.0965415], [-73.3902902, 41.095977], [-73.3899134, 41.0948675], [-73.3907437, 41.0934477], [-73.3905134, 41.0928745], [-73.3899413, 41.092864], [-73.3897102, 41.0937565], [-73.3892416, 41.0940782], [-73.389214, 41.093721], [-73.3879219, 41.0937289], [-73.3891513, 41.0923071], [-73.3897424, 41.0921738], [-73.3894104, 41.0916502], [-73.3876811, 41.0925743], [-73.3879639, 41.0929631], [-73.3869225, 41.0929865], [-73.3871472, 41.0933636], [-73.3864859, 41.0933357], [-73.3857697, 41.092717], [-73.3863284, 41.0928881], [-73.3912216, 41.0879629], [-73.3926155, 41.08455], [-73.3928116, 41.0834306], [-73.3924348, 41.0832463], [-73.3932885, 41.0834184], [-73.3943625, 41.0825788], [-73.3956254, 41.0822721], [-73.3981989, 41.0828405], [-73.3988314, 41.083212], [-73.3992427, 41.0844334], [-73.398292, 41.0863238], [-73.3951943, 41.0866803], [-73.3941948, 41.0873446], [-73.3947861, 41.0883518], [-73.3967558, 41.0877567], [-73.397353, 41.0881844], [-73.3967825, 41.0918443], [-73.3972522, 41.0938791], [-73.3977309, 41.0938183], [-73.3973579, 41.0919304], [-73.397501, 41.0905356], [-73.3981834, 41.0896989], [-73.3990716, 41.086801], [-73.4002625, 41.0861789], [-73.4016974, 41.0863499], [-73.4021914, 41.0866475], [-73.4018433, 41.0892014], [-73.4004017, 41.0906784], [-73.4011122, 41.0927681], [-73.4005793, 41.0939059], [-73.4012799, 41.0934969], [-73.4018621, 41.0924335], [-73.4040766, 41.0928632], [-73.4039719, 41.0941357], [-73.4035707, 41.0948893], [-73.4039118, 41.0953356], [-73.4037559, 41.095765], [-73.4041808, 41.0957936], [-73.4038952, 41.096218], [-73.4049464, 41.0962723], [-73.405536, 41.0966974], [-73.4063626, 41.098216], [-73.4061097, 41.0983028], [-73.4061985, 41.0988033], [-73.406721, 41.0991888], [-73.40733, 41.0993254], [-73.4075428, 41.0986367], [-73.4072311, 41.0963422], [-73.410027, 41.0958743], [-73.4115187, 41.0964225], [-73.4141017, 41.0993181], [-73.4136902, 41.0996842], [-73.4140591, 41.0997754], [-73.4145874, 41.1007965], [-73.4146474, 41.1030533], [-73.4142357, 41.1032531], [-73.4140403, 41.1041732], [-73.4116552, 41.1050238], [-73.4111943, 41.1048805], [-73.4098383, 41.1057865], [-73.4094902, 41.1073059], [-73.4102234, 41.1081906], [-73.4108073, 41.1099121], [-73.4096795, 41.1110602], [-73.4089105, 41.111275], [-73.4087515, 41.1130736], [-73.4090999, 41.1148792], [-73.4107034, 41.1168244], [-73.4109977, 41.1179296], [-73.4128138, 41.1188686], [-73.4144765, 41.11914], [-73.4120657, 41.1181989], [-73.4100413, 41.1146515], [-73.4099235, 41.1140907], [-73.4105827, 41.1122194], [-73.4122552, 41.1101044], [-73.412244, 41.1091729], [-73.4108975, 41.1065912], [-73.4114205, 41.106041], [-73.4138972, 41.1053273], [-73.4165964, 41.103926], [-73.4150483, 41.0976973], [-73.4138205, 41.0963707], [-73.4140867, 41.096285], [-73.4137663, 41.0953888], [-73.4130297, 41.0955358], [-73.4126652, 41.0952099], [-73.4131557, 41.0951413], [-73.4130791, 41.0948199], [-73.4124836, 41.0947492], [-73.4130493, 41.0942808], [-73.4124179, 41.0931066], [-73.4112754, 41.0924915], [-73.4106396, 41.0925685], [-73.4100168, 41.0912014], [-73.4101982, 41.0905546], [-73.4114262, 41.0897132], [-73.4113355, 41.0884616], [-73.4119286, 41.0877464], [-73.4115099, 41.0863896], [-73.4106517, 41.0855902], [-73.4105753, 41.0843409], [-73.4123402, 41.0836233], [-73.4129054, 41.0828765], [-73.4130659, 41.0820087], [-73.4149219, 41.0807359], [-73.413938, 41.0805571], [-73.4143358, 41.0808358], [-73.4134008, 41.081467], [-73.4126821, 41.0811146], [-73.4121658, 41.081467], [-73.4122844, 41.0808253], [-73.4113634, 41.0814512], [-73.4109238, 41.0812408], [-73.4109408, 41.0818148], [-73.411475, 41.0818193], [-73.4112378, 41.0831447], [-73.4104185, 41.083754], [-73.4104701, 41.0840739], [-73.408712, 41.0841282], [-73.4079584, 41.0845068], [-73.407584, 41.0843128], [-73.4075143, 41.0833241], [-73.4087981, 41.0811678], [-73.4089795, 41.0797898], [-73.4073329, 41.0758766], [-73.4072491, 41.0715634], [-73.4075143, 41.0715423], [-73.4075422, 41.0742145], [-73.4081562, 41.0741934], [-73.408212, 41.0717001], [-73.4093423, 41.0713635], [-73.4122031, 41.071616], [-73.4127473, 41.0726996], [-73.4126915, 41.0742355], [-73.4134171, 41.0752664], [-73.4142823, 41.0756136], [-73.4159848, 41.0750771], [-73.4167663, 41.0753716], [-73.4155281, 41.0772116], [-73.4151608, 41.0772853], [-73.416543, 41.0782119], [-73.4155392, 41.0789326], [-73.4157207, 41.0795036], [-73.4171989, 41.0795478], [-73.416635, 41.0777586], [-73.4160546, 41.0772652], [-73.4163756, 41.0768444], [-73.4175212, 41.0765948], [-73.4180452, 41.0759875], [-73.4184548, 41.0759502], [-73.4190528, 41.0772969], [-73.4204419, 41.0778874], [-73.4203512, 41.078681], [-73.4209808, 41.0802443], [-73.4207839, 41.0804844], [-73.4212971, 41.0806387], [-73.4208833, 41.0811341], [-73.4216707, 41.0814473], [-73.4217342, 41.0797267], [-73.4220691, 41.0790114], [-73.4218249, 41.0779068], [-73.422732, 41.0776544], [-73.4237088, 41.0778753], [-73.4220063, 41.0764446], [-73.4209178, 41.0769443], [-73.4206108, 41.0762448], [-73.4216086, 41.0743775], [-73.424274, 41.0713477], [-73.4242321, 41.0705008], [-73.4234646, 41.0699748], [-73.4245182, 41.0674919], [-73.4243368, 41.065919], [-73.4262042, 41.0658715], [-73.4275045, 41.0642671], [-73.4292074, 41.0633038], [-73.4292672, 41.0641409], [-73.4300722, 41.064951], [-73.4305418, 41.0673186], [-73.4308918, 41.0677183], [-73.4305898, 41.0678278], [-73.4297714, 41.0706758], [-73.4314592, 41.0698207], [-73.4322003, 41.0688964], [-73.4321375, 41.0681336], [-73.4328701, 41.0665713], [-73.4328701, 41.0657138], [-73.4335609, 41.0650562], [-73.4339097, 41.0639567], [-73.4336608, 41.063114], [-73.43544, 41.0612287], [-73.4353261, 41.0607212], [-73.4332888, 41.0606792], [-73.4326446, 41.0600756], [-73.4337841, 41.0590272], [-73.4337353, 41.0583116], [-73.4329818, 41.0578235], [-73.4333097, 41.05546], [-73.4336237, 41.0554442], [-73.4345726, 41.0564597], [-73.4352564, 41.0558862], [-73.4356026, 41.0568851], [-73.4368964, 41.0570867], [-73.4378171, 41.0568385], [-73.4382083, 41.0559663], [-73.4380527, 41.0552341], [-73.438679, 41.0552989], [-73.4388775, 41.056203], [-73.4395279, 41.0563344], [-73.4399115, 41.056207], [-73.4398203, 41.0559238], [-73.4401153, 41.0561423], [-73.4405914, 41.0557984], [-73.4403406, 41.0552402], [-73.4411547, 41.0562353], [-73.4410474, 41.0568633], [-73.4412756, 41.0570179], [-73.4437768, 41.057621], [-73.4445483, 41.0573786], [-73.4445644, 41.0578753], [-73.4458829, 41.0583274], [-73.4460437, 41.0586133], [-73.4455546, 41.0593429], [-73.4460805, 41.0612546], [-73.4457862, 41.0624007], [-73.445335, 41.0624891], [-73.4453611, 41.0629424], [-73.4449843, 41.0627781], [-73.4448331, 41.0629761], [-73.445165, 41.0631265], [-73.4444386, 41.0639352], [-73.4447918, 41.0642208], [-73.4443816, 41.0674766], [-73.4437021, 41.0692294], [-73.444313, 41.0702431], [-73.4441454, 41.0707619], [-73.4435685, 41.0709539], [-73.4439164, 41.071113], [-73.444901, 41.0707391], [-73.4468702, 41.0714978], [-73.4476118, 41.0720182], [-73.4476885, 41.0727495], [-73.4481087, 41.0724877], [-73.447998, 41.071435], [-73.4475253, 41.0710494], [-73.4464738, 41.0709513], [-73.4462876, 41.0700747], [-73.4451481, 41.0696331], [-73.4447916, 41.0688577], [-73.4454892, 41.0673819], [-73.446064, 41.067481], [-73.4472924, 41.0660347], [-73.4478994, 41.0647037], [-73.4472066, 41.0628197], [-73.4476134, 41.0615383], [-73.4482867, 41.0609204], [-73.4500833, 41.0601425], [-73.4504297, 41.0604249], [-73.4495902, 41.0610488], [-73.4504043, 41.0614159], [-73.4503573, 41.0618184], [-73.4516548, 41.0602055], [-73.4520578, 41.0604522], [-73.4522161, 41.0609487], [-73.4517199, 41.0611934], [-73.4523542, 41.0612915], [-73.4528478, 41.0619822], [-73.4526936, 41.0624298], [-73.4532729, 41.062598], [-73.4523381, 41.0637892], [-73.4531039, 41.0646699], [-73.4529094, 41.0637902], [-73.4541929, 41.0626162], [-73.4541193, 41.0622409], [-73.4566803, 41.0604636], [-73.4580223, 41.0606756], [-73.4585255, 41.0600023], [-73.4590929, 41.0600618], [-73.4605582, 41.0588416], [-73.4620038, 41.0592434], [-73.4618607, 41.0601697], [-73.4623679, 41.0614016], [-73.4612952, 41.0621968], [-73.4620152, 41.0626803], [-73.4617414, 41.0622775], [-73.4624413, 41.0618835], [-73.4624312, 41.0614226], [-73.4634889, 41.0604561], [-73.4628129, 41.0596786], [-73.4628968, 41.0585737], [-73.4655166, 41.0578669], [-73.4654624, 41.0586295], [-73.4648062, 41.0591355], [-73.4643128, 41.0590611], [-73.4638589, 41.0597307], [-73.4642191, 41.0602478], [-73.4654476, 41.0608021], [-73.4656844, 41.0614122], [-73.4661334, 41.0612857], [-73.4661926, 41.0618958], [-73.4664935, 41.0619925], [-73.4671201, 41.0614085], [-73.466977, 41.0609844], [-73.4674309, 41.060445], [-73.4683091, 41.060538], [-73.4688963, 41.0602143], [-73.4692614, 41.0592954], [-73.4690048, 41.0581608], [-73.469735, 41.0584509], [-73.4709043, 41.0571526], [-73.4716197, 41.0572977], [-73.4725472, 41.0566726], [-73.4725226, 41.0560737], [-73.4718368, 41.0560439], [-73.4708796, 41.0569256], [-73.4704652, 41.0566057], [-73.4703073, 41.056163], [-73.4713829, 41.0553928], [-73.4728679, 41.0558318], [-73.4732824, 41.0556272], [-73.4735784, 41.0559658], [-73.4756506, 41.0545408], [-73.4759959, 41.0553965], [-73.4756259, 41.0564903], [-73.4764696, 41.0558653], [-73.4760897, 41.0540423], [-73.4735636, 41.0553035], [-73.4709759, 41.0544237], [-73.4704596, 41.053866], [-73.4695665, 41.0546132], [-73.4674174, 41.0550341], [-73.4669848, 41.0536135], [-73.4674453, 41.0522454], [-73.4683384, 41.0525874], [-73.4694618, 41.0506827], [-73.4722256, 41.0504731], [-73.47264, 41.0508452], [-73.4725808, 41.0514107], [-73.4728867, 41.0514963], [-73.4736958, 41.0512916], [-73.4741399, 41.0507596], [-73.4749817, 41.0513884], [-73.475319, 41.0511456], [-73.4753634, 41.0507522], [-73.4745839, 41.0501494], [-73.4749397, 41.0495216], [-73.4741759, 41.0480873], [-73.474913, 41.0479851], [-73.4748961, 41.0485736], [-73.4753507, 41.0490276], [-73.4773821, 41.049185], [-73.477378, 41.0483455], [-73.4769642, 41.0475574], [-73.4770621, 41.0466485], [-73.4762667, 41.0447225], [-73.4754015, 41.0448804], [-73.4750666, 41.0465432], [-73.4724849, 41.0489638], [-73.4721081, 41.0485744], [-73.4704615, 41.0484692], [-73.4702382, 41.0480377], [-73.4704336, 41.0475746], [-73.4701545, 41.0474273], [-73.4709918, 41.0468169], [-73.471857, 41.0470063], [-73.4723733, 41.0467222], [-73.4731408, 41.0459013], [-73.4744665, 41.0453119], [-73.4747037, 41.0446173], [-73.4756583, 41.0437514], [-73.4759653, 41.0418358], [-73.4772556, 41.0393592], [-73.4773806, 41.0365559], [-73.4777655, 41.0361189], [-73.4791656, 41.0364052], [-73.4794566, 41.0373834], [-73.479922, 41.0378052], [-73.4793989, 41.0380884], [-73.4797181, 41.0393124], [-73.4814307, 41.0411301], [-73.481483, 41.0423743], [-73.4823427, 41.0431784], [-73.4825808, 41.0443941], [-73.4834656, 41.0447865], [-73.4837971, 41.0446385], [-73.4840512, 41.045486], [-73.4837729, 41.045325], [-73.4833451, 41.0459723], [-73.484121, 41.0470196], [-73.4827597, 41.0465991], [-73.48221, 41.049645], [-73.4815821, 41.0501817], [-73.481282, 41.052318], [-73.4820844, 41.0532335], [-73.4817341, 41.0535897], [-73.4805773, 41.0536703], [-73.4796108, 41.0550339], [-73.478951, 41.0554475], [-73.4789738, 41.0559107], [-73.4793633, 41.056115], [-73.4797673, 41.0556838], [-73.480449, 41.056521], [-73.4830752, 41.0538071], [-73.4833264, 41.0530967], [-73.4842963, 41.05266], [-73.4852243, 41.0532704], [-73.4856429, 41.0531651], [-73.4847498, 41.0524759], [-73.4850777, 41.0518024], [-73.4846646, 41.0515867], [-73.4846203, 41.0511858], [-73.4838776, 41.0515814], [-73.4827333, 41.0515024], [-73.4826362, 41.0505266], [-73.4837362, 41.049536], [-73.4843521, 41.0504185], [-73.4848614, 41.0475139], [-73.4846103, 41.0466456], [-73.4860602, 41.0461066], [-73.4860213, 41.045617], [-73.4863888, 41.0452473], [-73.486079, 41.0445995], [-73.4864813, 41.0444781], [-73.4860575, 41.0441626], [-73.4869722, 41.0445267], [-73.4897536, 41.0437914], [-73.4887478, 41.0427455], [-73.486948, 41.0433544], [-73.4865055, 41.0424562], [-73.4869936, 41.0416328], [-73.4875622, 41.0415013], [-73.4875314, 41.0411868], [-73.4881644, 41.0409592], [-73.4882636, 41.0406011], [-73.489067, 41.0409066], [-73.4897161, 41.0400872], [-73.4899548, 41.0401489], [-73.4894103, 41.0411918], [-73.4897831, 41.0417492], [-73.4892856, 41.042527], [-73.4901975, 41.0429023], [-73.4910263, 41.0422387], [-73.4914769, 41.042439], [-73.4912865, 41.0432219], [-73.490447, 41.0438773], [-73.490687, 41.0448898], [-73.4914313, 41.0458426], [-73.4936181, 41.0466035], [-73.4937855, 41.0478086], [-73.4944135, 41.0490399], [-73.495167, 41.0493924], [-73.4964256, 41.0492564], [-73.4963683, 41.0488179], [-73.4959274, 41.048691], [-73.4973784, 41.0477293], [-73.4968335, 41.0470974], [-73.4996264, 41.0465072], [-73.5009568, 41.0458599], [-73.50107, 41.0452078], [-73.5002146, 41.0447714], [-73.5004676, 41.0436525], [-73.5016006, 41.0442351], [-73.5025561, 41.0435282], [-73.5014118, 41.0424125], [-73.5015095, 41.0416863], [-73.5024417, 41.0416522], [-73.5023811, 41.0425111], [-73.5037568, 41.044051], [-73.5031838, 41.0444052], [-73.503179, 41.0447804], [-73.5047905, 41.045016], [-73.5039235, 41.0438102], [-73.5040368, 41.0433279], [-73.506175, 41.0422776], [-73.505947, 41.041836], [-73.5076847, 41.0381922], [-73.5092622, 41.0383735], [-73.5105787, 41.0393888], [-73.5110846, 41.0391688], [-73.514065, 41.0395759], [-73.5158412, 41.0393211], [-73.5168832, 41.0396221], [-73.5182107, 41.0392425], [-73.5180015, 41.0388534], [-73.5185649, 41.0393572], [-73.5197277, 41.0389064], [-73.5207211, 41.0384266], [-73.5207861, 41.0378501], [-73.5208373, 41.0387064], [-73.5213259, 41.039457], [-73.5209022, 41.0400305], [-73.5210248, 41.0410665], [-73.5194972, 41.0399391], [-73.5189241, 41.0401532], [-73.5198737, 41.0418462], [-73.5208927, 41.0418381], [-73.5219321, 41.0427383], [-73.5227529, 41.0428138], [-73.5228351, 41.0421701], [-73.5214872, 41.0414807], [-73.521823, 41.0413668], [-73.5223098, 41.0394612], [-73.5222947, 41.0390528], [-73.5216861, 41.0384651], [-73.5231486, 41.0367683], [-73.5227003, 41.0363889], [-73.5229601, 41.0342334], [-73.5212209, 41.031521], [-73.518528, 41.031278], [-73.5170129, 41.0300204], [-73.5174236, 41.0294324], [-73.5180337, 41.029298], [-73.5187416, 41.0277903], [-73.5190629, 41.0264074], [-73.5188482, 41.025278], [-73.5193296, 41.0239372], [-73.5210091, 41.0225783], [-73.5228803, 41.0200129], [-73.5247885, 41.020213], [-73.5271013, 41.0196583], [-73.5284582, 41.0186713], [-73.5296785, 41.0169098], [-73.5300372, 41.0170606], [-73.5298403, 41.0186211], [-73.5311748, 41.0227015], [-73.5310538, 41.023485], [-73.5306846, 41.0235788], [-73.5301539, 41.024574], [-73.5304032, 41.0257377], [-73.5301492, 41.0266003], [-73.530261, 41.02938], [-73.5313615, 41.0302851], [-73.5327759, 41.0324963], [-73.5327069, 41.0329582], [-73.5320366, 41.0331164], [-73.5316536, 41.0337657], [-73.5317559, 41.0344938], [-73.5321746, 41.0345898], [-73.5325144, 41.0334473], [-73.5337027, 41.032988], [-73.5359647, 41.0330407], [-73.535297, 41.0349344], [-73.5346573, 41.0338623], [-73.5339665, 41.0339171], [-73.5339541, 41.0345883], [-73.532346, 41.0354768], [-73.5324548, 41.0362299], [-73.5343227, 41.0365692], [-73.5340641, 41.036896], [-73.5326881, 41.0366605], [-73.5324975, 41.0375894], [-73.5330243, 41.0378832], [-73.5326633, 41.037787], [-73.5323029, 41.0381642], [-73.5316658, 41.0376495], [-73.5316199, 41.0372244], [-73.5310581, 41.0372856], [-73.5306815, 41.0368555], [-73.5313681, 41.0384507], [-73.530888, 41.0388917], [-73.5305983, 41.0397272], [-73.5308424, 41.0398749], [-73.5306031, 41.04016], [-73.5297609, 41.0399334], [-73.5293377, 41.040144], [-73.5289241, 41.0413677], [-73.5294591, 41.0415403], [-73.5303641, 41.0444914], [-73.5320002, 41.0468495], [-73.5339254, 41.0487834], [-73.5343569, 41.0486071], [-73.5328277, 41.047258], [-73.5316354, 41.0456138], [-73.5306829, 41.0434401], [-73.5305709, 41.0422496], [-73.5309812, 41.041811], [-73.531037, 41.0408985], [-73.5350381, 41.0374], [-73.5344401, 41.0371048], [-73.5345131, 41.0368258], [-73.535567, 41.0369642], [-73.5370988, 41.0357143], [-73.5375249, 41.0346137], [-73.5371269, 41.0327486], [-73.537483, 41.0317926], [-73.5377761, 41.0318452], [-73.5399354, 41.0352881], [-73.5404429, 41.0368487], [-73.5403281, 41.0374187], [-73.5409423, 41.0372654], [-73.5407509, 41.0356662], [-73.5398963, 41.0333236], [-73.5413839, 41.0330048], [-73.5425236, 41.0357689], [-73.5423238, 41.0358381], [-73.542595, 41.0358886], [-73.5426019, 41.0365528], [-73.5436479, 41.0378843], [-73.5441593, 41.0393567], [-73.5438142, 41.0403853], [-73.5447821, 41.0428565], [-73.5462585, 41.0426654], [-73.5451576, 41.0379309], [-73.545375, 41.037016], [-73.544684, 41.0364341], [-73.5447471, 41.0355246], [-73.5442973, 41.0344648], [-73.5448848, 41.0341272], [-73.544839, 41.0335697], [-73.5439425, 41.0336268], [-73.5441921, 41.0329934], [-73.5436895, 41.0326894], [-73.5427665, 41.0298309], [-73.5441775, 41.0284629], [-73.5443072, 41.0279826], [-73.5440202, 41.0274879], [-73.5449532, 41.027076], [-73.5447102, 41.0262206], [-73.5451747, 41.0258981], [-73.5454915, 41.0265981], [-73.5464426, 41.0273431], [-73.5477839, 41.0269803], [-73.5472142, 41.0232318], [-73.547877, 41.0228012], [-73.5483169, 41.0229772], [-73.5486561, 41.023633], [-73.5486747, 41.024708], [-73.5494622, 41.0250919], [-73.5494638, 41.0253849], [-73.5507737, 41.0256554], [-73.5501543, 41.0260728], [-73.5492283, 41.0261704], [-73.5501511, 41.0267716], [-73.5501615, 41.0276799], [-73.5494214, 41.0278293], [-73.5489545, 41.0273315], [-73.5480046, 41.0283914], [-73.5485734, 41.0285845], [-73.5484885, 41.0297712], [-73.5487934, 41.0299861], [-73.5488193, 41.0307342], [-73.5491294, 41.0307967], [-73.5490393, 41.0311559], [-73.5493315, 41.0312591], [-73.549548, 41.0309089], [-73.549387, 41.0293854], [-73.5507706, 41.028935], [-73.5509087, 41.0286392], [-73.5504867, 41.0289422], [-73.5497987, 41.02878], [-73.5499871, 41.028359], [-73.5505493, 41.028207], [-73.5504476, 41.0261587], [-73.5529898, 41.0252592], [-73.5535102, 41.0237517], [-73.5547628, 41.0245874], [-73.5544436, 41.026186], [-73.5553467, 41.0261348], [-73.5553475, 41.0256437], [-73.555955, 41.0254049], [-73.5557659, 41.0250224], [-73.5560046, 41.0240795], [-73.5544838, 41.0231507], [-73.5544731, 41.0223311], [-73.5553877, 41.0207628], [-73.5561066, 41.0204795], [-73.556069, 41.0200282], [-73.5566886, 41.0195081], [-73.5565867, 41.0191661], [-73.556981, 41.0189496], [-73.5575844, 41.0173326], [-73.5587083, 41.0164523], [-73.5589054, 41.0171151], [-73.5594875, 41.0171798], [-73.5600735, 41.016256], [-73.5600802, 41.0170331], [-73.5604759, 41.0171424], [-73.5609265, 41.0163551], [-73.5607749, 41.0157733], [-73.5612296, 41.0154313], [-73.5608755, 41.0168277], [-73.5616507, 41.0167123], [-73.5616587, 41.0170118], [-73.5620664, 41.0171373], [-73.5622542, 41.0167366], [-73.5624087, 41.0171159], [-73.5627102, 41.0168884], [-73.5625881, 41.016002], [-73.562906, 41.0155011], [-73.5632748, 41.0161588], [-73.5637307, 41.0154252], [-73.5639949, 41.0157389], [-73.5649654, 41.015542], [-73.5637704, 41.0144803], [-73.5639086, 41.0141527], [-73.5645524, 41.0141253], [-73.5653262, 41.0148093], [-73.5659847, 41.0136112], [-73.5685147, 41.0110879], [-73.568372, 41.0102547], [-73.569537, 41.009485], [-73.5705669, 41.0071911], [-73.5712777, 41.0044204], [-73.5706382, 41.0019636], [-73.5715794, 41.0017404], [-73.5750713, 41.0022304], [-73.5762159, 41.0018119], [-73.5792598, 41.0016688], [-73.5803827, 41.0011466], [-73.5832386, 41.0008389], [-73.5847708, 41.0010883], [-73.5856007, 41.0026589], [-73.5856235, 41.0047191], [-73.5847922, 41.0059899], [-73.5823551, 41.0076237], [-73.5814566, 41.0069815], [-73.5804931, 41.0068787], [-73.5801746, 41.0062348], [-73.5803924, 41.0053579], [-73.5772964, 41.0038819], [-73.5760639, 41.0038429], [-73.5754882, 41.0040779], [-73.5742995, 41.0057581], [-73.5728374, 41.0069365], [-73.5725262, 41.0082143], [-73.571263, 41.0086138], [-73.5703215, 41.0093233], [-73.5692961, 41.0111406], [-73.568833, 41.0127378], [-73.5692636, 41.0127464], [-73.5691397, 41.013832], [-73.5715887, 41.0131148], [-73.5721501, 41.0133075], [-73.572137, 41.0137626], [-73.5699549, 41.0145244], [-73.5700928, 41.0161607], [-73.5697366, 41.0167227], [-73.5693202, 41.0165807], [-73.5691118, 41.0153246], [-73.5687875, 41.0152799], [-73.5680217, 41.0160312], [-73.5666597, 41.0160986], [-73.5665361, 41.0164227], [-73.5667503, 41.0167519], [-73.5681659, 41.0169196], [-73.5679192, 41.0171727], [-73.5667674, 41.0170064], [-73.5669813, 41.018407], [-73.5688771, 41.0179371], [-73.5689837, 41.0170525], [-73.5702812, 41.0196625], [-73.5702951, 41.0204701], [-73.5700003, 41.0205752], [-73.5693585, 41.0200983], [-73.568759, 41.0202551], [-73.5685666, 41.0207858], [-73.5691482, 41.0220065], [-73.568891, 41.0223684], [-73.5693987, 41.0226956], [-73.5691899, 41.023286], [-73.5696487, 41.0242142], [-73.5696783, 41.0236571], [-73.5701143, 41.0236321], [-73.5702537, 41.0232297], [-73.5700618, 41.022297], [-73.5712643, 41.0220342], [-73.5728946, 41.0225991], [-73.5740173, 41.0236571], [-73.5733562, 41.024007], [-73.5731194, 41.0233546], [-73.5720537, 41.0239989], [-73.5719012, 41.02432], [-73.5722412, 41.0249535], [-73.5714349, 41.0256405], [-73.5723046, 41.0258423], [-73.5732075, 41.0253264], [-73.5739997, 41.0254307], [-73.5743923, 41.0246919], [-73.5746391, 41.0247648], [-73.5752964, 41.025518], [-73.5743554, 41.02583], [-73.5733524, 41.0272525], [-73.5735757, 41.02746], [-73.5729876, 41.0278322], [-73.5739503, 41.0278644], [-73.5737631, 41.0270268], [-73.5742291, 41.0268884], [-73.575471, 41.0275832], [-73.575436, 41.0268368], [-73.5747665, 41.0263945], [-73.5757359, 41.0264941], [-73.5762586, 41.0257348], [-73.5761127, 41.0253153], [-73.5767938, 41.0252629], [-73.575771, 41.0239626], [-73.574799, 41.0240778], [-73.5753134, 41.023695], [-73.5753458, 41.0230358], [-73.5747669, 41.0211093], [-73.5760131, 41.0214757], [-73.5759737, 41.0211675], [-73.5765958, 41.0214088], [-73.5777107, 41.0210138], [-73.5773552, 41.0199089], [-73.5776557, 41.0191014], [-73.57919, 41.0187607], [-73.5800119, 41.0182466], [-73.5801043, 41.0162238], [-73.5808807, 41.0174075], [-73.5820143, 41.0171088], [-73.5818367, 41.0165801], [-73.5824978, 41.0150092], [-73.5836523, 41.0137434], [-73.5845799, 41.0134977], [-73.584866, 41.0137583], [-73.5848759, 41.015106], [-73.5866816, 41.0154782], [-73.5869579, 41.0148007], [-73.5889216, 41.0133339], [-73.5875303, 41.0121575], [-73.5871356, 41.010996], [-73.5884874, 41.0107875], [-73.5886256, 41.0112417], [-73.5880828, 41.0115544], [-73.5880927, 41.0118746], [-73.5898491, 41.012783], [-73.5913342, 41.0122496], [-73.5919413, 41.0124549], [-73.592339, 41.0119547], [-73.5924227, 41.0111492], [-73.5934693, 41.0111597], [-73.5935321, 41.0115967], [-73.5931135, 41.0117968], [-73.5934414, 41.0124391], [-73.5939742, 41.012415], [-73.5944417, 41.0119754], [-73.5949755, 41.0121649], [-73.5950034, 41.0125229], [-73.5943545, 41.0131363], [-73.5946266, 41.0138918], [-73.5941766, 41.0140839], [-73.5947313, 41.0146788], [-73.5952127, 41.0144998], [-73.5957849, 41.0147499], [-73.5956639, 41.0152339], [-73.5950989, 41.0154554], [-73.5958718, 41.0159923], [-73.5959555, 41.0168188], [-73.5964021, 41.0172032], [-73.5962416, 41.0174559], [-73.5948531, 41.017061], [-73.5944484, 41.0174453], [-73.5925576, 41.0179033], [-73.5905969, 41.0176928], [-73.5905481, 41.0181666], [-73.5910714, 41.0188509], [-73.5901922, 41.0196932], [-73.5900666, 41.0206461], [-73.5893061, 41.0217094], [-73.5895852, 41.0229044], [-73.5905481, 41.0224885], [-73.5916575, 41.0229202], [-73.5922715, 41.0211304], [-73.5934901, 41.0218326], [-73.5935763, 41.0232624], [-73.5938902, 41.0234834], [-73.593667, 41.0245362], [-73.5942252, 41.0257575], [-73.5936321, 41.0272208], [-73.5936391, 41.0283367], [-73.5927529, 41.0304526], [-73.5931925, 41.0311369], [-73.5927929, 41.0316391], [-73.5939188, 41.0325146], [-73.5947752, 41.0326937], [-73.5949222, 41.0319598], [-73.5961786, 41.0318513], [-73.5961363, 41.03128], [-73.5968794, 41.0309095], [-73.5967906, 41.0306043], [-73.594975, 41.0309169], [-73.5949355, 41.0304703], [-73.5955473, 41.0293016], [-73.5963367, 41.0291528], [-73.5968498, 41.0279543], [-73.5980931, 41.0272546], [-73.6006587, 41.0280659], [-73.6009547, 41.0284084], [-73.6013001, 41.0281702], [-73.6006982, 41.0270089], [-73.6008166, 41.0254084], [-73.6004219, 41.0249022], [-73.600935, 41.0241875], [-73.6018231, 41.0242397], [-73.6012014, 41.0231379], [-73.6016849, 41.0222148], [-73.6013001, 41.0206663], [-73.5999285, 41.018202], [-73.6024941, 41.0175245], [-73.6039544, 41.0183062], [-73.6037374, 41.0172267], [-73.6041419, 41.016162], [-73.6073193, 41.0146655], [-73.6079705, 41.0123201], [-73.6096973, 41.0123797], [-73.6130128, 41.0102576], [-73.6138799, 41.0088051], [-73.614459, 41.0088946], [-73.6143683, 41.0097212], [-73.6162592, 41.0111007], [-73.6152754, 41.01228], [-73.6134822, 41.0119905], [-73.6144241, 41.0135331], [-73.6137822, 41.0150125], [-73.6122193, 41.0154547], [-73.6138729, 41.015739], [-73.6116976, 41.0165083], [-73.61085, 41.0180585], [-73.6119711, 41.0168726], [-73.6126309, 41.0168077], [-73.6128054, 41.0173658], [-73.6124286, 41.0181502], [-73.6127147, 41.019461], [-73.6139009, 41.0210935], [-73.6142143, 41.0211014], [-73.6139654, 41.0203554], [-73.6144002, 41.0202625], [-73.6136496, 41.0191399], [-73.6136357, 41.018266], [-73.6139008, 41.0180186], [-73.6160499, 41.018187], [-73.6155056, 41.0172763], [-73.6163778, 41.0174237], [-73.6162941, 41.016534], [-73.6167685, 41.015918], [-73.6163918, 41.0149598], [-73.6171174, 41.014307], [-73.6166639, 41.0122432], [-73.6170476, 41.0117062], [-73.6177803, 41.0115114], [-73.6176337, 41.0110217], [-73.6179477, 41.0105531], [-73.6189594, 41.0099371], [-73.6194688, 41.0116535], [-73.6194199, 41.013154], [-73.6203828, 41.0138858], [-73.6208782, 41.0167182], [-73.6216388, 41.0165813], [-73.6214783, 41.0126802], [-73.621869, 41.0113166], [-73.6222807, 41.0109322], [-73.6227934, 41.011061], [-73.6239677, 41.0186963], [-73.62473, 41.0186099], [-73.6245832, 41.0171868], [-73.626516, 41.0174868], [-73.6266834, 41.0183186], [-73.6263415, 41.0188925], [-73.6285043, 41.0189753], [-73.6281626, 41.01735], [-73.6250158, 41.0150915], [-73.624953, 41.0134541], [-73.6272416, 41.0136963], [-73.6288394, 41.014923], [-73.6301791, 41.0145808], [-73.6274021, 41.0128013], [-73.6260973, 41.011564], [-73.6262508, 41.0107163], [-73.6259508, 41.0102793], [-73.6248832, 41.0107321], [-73.6238645, 41.0093316], [-73.6242902, 41.0087946], [-73.6251205, 41.0084997], [-73.6241576, 41.0067253], [-73.6245274, 41.0049193], [-73.6262299, 41.0022654], [-73.627109, 41.0015019], [-73.6284068, 41.001386], [-73.6293278, 41.0018599], [-73.6315921, 41.0043671], [-73.6333398, 41.0040294], [-73.6341221, 41.0025683], [-73.6351494, 41.002311], [-73.6352044, 41.001892], [-73.6356671, 41.0017351], [-73.6363336, 41.0025994], [-73.6372215, 41.0024861], [-73.6382449, 41.0028288], [-73.6381194, 41.0031816], [-73.6388547, 41.004385], [-73.6392137, 41.0043319], [-73.6395744, 41.0036024], [-73.6405893, 41.0041558], [-73.640687, 41.0049825], [-73.639352, 41.004765], [-73.6388878, 41.0049814], [-73.6398049, 41.00545], [-73.6404777, 41.0064199], [-73.6405824, 41.0074941], [-73.6417895, 41.007373], [-73.6421941, 41.0079047], [-73.641608, 41.0085629], [-73.6417267, 41.0097107], [-73.6406938, 41.0113529], [-73.640694, 41.0122853], [-73.6414519, 41.0104365], [-73.6430475, 41.0082305], [-73.6438109, 41.0083925], [-73.6434706, 41.0079268], [-73.6435636, 41.0075132], [-73.6443411, 41.0065596], [-73.6441918, 41.006253], [-73.6449536, 41.0059945], [-73.6440887, 41.0058045], [-73.644055, 41.0053442], [-73.6445649, 41.0050662], [-73.6443633, 41.0047467], [-73.6445895, 41.0043288], [-73.6460082, 41.0036131], [-73.646203, 41.0028368], [-73.6452906, 41.0021502], [-73.6449244, 41.0020857], [-73.6451418, 41.0023261], [-73.6448855, 41.0027495], [-73.6440937, 41.0026568], [-73.6439779, 41.0023151], [-73.6446824, 41.0019007], [-73.6438747, 41.0013063], [-73.6440576, 41.0009148], [-73.6449066, 41.0012508], [-73.6454895, 41.0020453], [-73.6464921, 41.0017839], [-73.6465928, 41.001113], [-73.6459769, 41.0005308], [-73.6491613, 40.9981644], [-73.6493477, 40.9974399], [-73.6498953, 40.9971331], [-73.650236, 40.9964211], [-73.6508784, 40.9962557], [-73.6519685, 40.9941369], [-73.651752, 40.9940097], [-73.6536, 40.992472], [-73.6534242, 40.991586], [-73.6543868, 40.9899546], [-73.6553942, 40.9887529], [-73.6562078, 40.9884529], [-73.6571033, 40.986758], [-73.6588998, 40.9882953], [-73.6587812, 40.9890116], [-73.6582036, 40.9894372], [-73.6619769, 40.9876865], [-73.6624753, 40.9877847], [-73.6629203, 40.9865418], [-73.6637714, 40.9855488], [-73.6630683, 40.9853067], [-73.6629524, 40.9848766], [-73.6633594, 40.9847872], [-73.6632164, 40.9852267], [-73.6637552, 40.9853607], [-73.6647074, 40.9841578], [-73.664362, 40.98329], [-73.6649639, 40.9824333], [-73.6638637, 40.9821949], [-73.6640907, 40.9812414], [-73.6638637, 40.9810515], [-73.6641795, 40.9804518], [-73.6640956, 40.9801985], [-73.6637058, 40.9802917], [-73.6636466, 40.9799341], [-73.663918, 40.9795579], [-73.6649886, 40.9794238], [-73.6653241, 40.9787459], [-73.6623836, 40.9780053], [-73.6624329, 40.9770145], [-73.661604, 40.9766644], [-73.6613959, 40.9762521], [-73.6616786, 40.9760278], [-73.6611942, 40.97556], [-73.6599197, 40.9759691], [-73.6600746, 40.9777371], [-73.6611205, 40.9783182], [-73.6611797, 40.9787279], [-73.659966, 40.9788844], [-73.6605214, 40.982091], [-73.6612291, 40.9821546], [-73.6619135, 40.9813012], [-73.6624625, 40.9816481], [-73.6615499, 40.9824156], [-73.6581799, 40.9826858], [-73.656906, 40.9818349], [-73.6561473, 40.9804562], [-73.6567591, 40.9782214], [-73.6575644, 40.9768048], [-73.6586041, 40.9755458], [-73.6596297, 40.9749611], [-73.6602298, 40.9721795], [-73.6601241, 40.9689545], [-73.662369, 40.9667081], [-73.6651516, 40.9674606], [-73.66639, 40.9672632], [-73.6683536, 40.9659965], [-73.6695674, 40.9665628], [-73.6717737, 40.9666195], [-73.6720984, 40.9663728], [-73.6707071, 40.9655755], [-73.6726415, 40.9649282], [-73.6734967, 40.9638259], [-73.673345, 40.9635134], [-73.6757444, 40.9643715], [-73.6771744, 40.9637832], [-73.6781, 40.9625267], [-73.6785952, 40.9608804], [-73.679929, 40.9597218], [-73.6796922, 40.95908], [-73.6798865, 40.9582739], [-73.6822252, 40.9557701], [-73.6832121, 40.9554231], [-73.6845797, 40.955539], [-73.6833098, 40.9537843], [-73.6840076, 40.9524142], [-73.6845797, 40.9519715], [-73.6844332, 40.9514709], [-73.683868, 40.9516079], [-73.6827795, 40.9532257], [-73.6823818, 40.9533416], [-73.6821516, 40.9529938], [-73.6829121, 40.9500797], [-73.6825912, 40.9492154], [-73.6843355, 40.9494104], [-73.683561, 40.9503326], [-73.6839797, 40.9508016], [-73.6863101, 40.9490151], [-73.6876916, 40.9485935], [-73.687587, 40.9482615], [-73.6859473, 40.9475659], [-73.6865404, 40.9456001], [-73.6853402, 40.9453102], [-73.6847751, 40.9442931], [-73.6862543, 40.9440559], [-73.6882638, 40.9448675], [-73.6907756, 40.9445197], [-73.6917943, 40.9448623], [-73.6930293, 40.9441191], [-73.6939922, 40.9441771], [-73.6946551, 40.9430493], [-73.6934829, 40.9421954], [-73.6945016, 40.9421006], [-73.6950877, 40.9416947], [-73.6947946, 40.9402769], [-73.6973762, 40.9397077], [-73.6981996, 40.9392175], [-73.6981647, 40.9405668], [-73.696602, 40.9420243], [-73.6968878, 40.9421585], [-73.6965948, 40.9430387], [-73.6946411, 40.9462483], [-73.6936992, 40.9483985], [-73.6933712, 40.9500533], [-73.6925618, 40.9511126], [-73.6927014, 40.9527989], [-73.692213, 40.9530413], [-73.6923456, 40.9538844], [-73.6927851, 40.9543745], [-73.6919827, 40.9549489], [-73.6917315, 40.9544061], [-73.6910408, 40.9551649], [-73.692834, 40.9553493], [-73.6929107, 40.9556444], [-73.6916622, 40.9570605], [-73.6898861, 40.9566618], [-73.6894766, 40.9581485], [-73.6912196, 40.9584526], [-73.6924048, 40.9579928], [-73.6928303, 40.9571114], [-73.6935035, 40.9567083], [-73.6946375, 40.9551739], [-73.696532, 40.9539219], [-73.6969761, 40.9538623], [-73.6986437, 40.9550174], [-73.6972795, 40.9538907], [-73.6975662, 40.9529112], [-73.6979786, 40.9526803], [-73.698563, 40.9540928], [-73.6986388, 40.9533983], [-73.6995887, 40.9534104], [-73.6982194, 40.9525805], [-73.6988603, 40.9513012], [-73.7002332, 40.9502148], [-73.7005031, 40.9507185], [-73.6999237, 40.9511129], [-73.7000387, 40.9514012], [-73.7005785, 40.9512654], [-73.7009791, 40.9509015], [-73.700367, 40.950108], [-73.7005404, 40.9497976], [-73.7016347, 40.9501333], [-73.7016571, 40.9495719], [-73.7009159, 40.949878], [-73.7005468, 40.9496825], [-73.7007047, 40.9492798], [-73.7001654, 40.949237], [-73.7002653, 40.9499757], [-73.6982774, 40.9513031], [-73.6981207, 40.9519918], [-73.6975681, 40.9512167], [-73.6981416, 40.9507606], [-73.6979628, 40.9502478], [-73.6982194, 40.9499348], [-73.6998858, 40.9496568], [-73.6994432, 40.9490571], [-73.6995219, 40.9485561], [-73.7011813, 40.947483], [-73.7013637, 40.946618], [-73.701821, 40.9464543], [-73.7021565, 40.9469089], [-73.7016158, 40.9485669], [-73.7019296, 40.9493833], [-73.7023637, 40.9493833], [-73.7038044, 40.9477437], [-73.7050758, 40.9469554], [-73.7049506, 40.9464758], [-73.7065846, 40.9451147], [-73.7069776, 40.9453249], [-73.7081152, 40.944354], [-73.7083026, 40.9448691], [-73.7087686, 40.9448111], [-73.7095967, 40.9453153], [-73.7108985, 40.9445404], [-73.7115906, 40.9444927], [-73.7125535, 40.9449405], [-73.7136613, 40.9445545], [-73.7144686, 40.9454389], [-73.7163958, 40.9453791], [-73.7158312, 40.9463754], [-73.7150949, 40.9466798], [-73.7140019, 40.9460487], [-73.7130672, 40.9460132], [-73.712866, 40.9456536], [-73.7119863, 40.9457954], [-73.7118817, 40.9460892], [-73.7136412, 40.9465643], [-73.7147717, 40.9475398], [-73.7148361, 40.9478416], [-73.7142048, 40.9484219], [-73.7144579, 40.9488606], [-73.7139765, 40.9493711], [-73.7142433, 40.9495241], [-73.7150842, 40.9491402], [-73.7149273, 40.9489336], [-73.7155261, 40.9480381], [-73.7169825, 40.9479936], [-73.718321, 40.9472521], [-73.7175874, 40.9464681], [-73.7184711, 40.945808], [-73.7190921, 40.9436443], [-73.7201945, 40.942915], [-73.7198284, 40.9427539], [-73.7204292, 40.9421299], [-73.7212823, 40.9424746], [-73.7219956, 40.9418108], [-73.7229505, 40.9422849], [-73.7242795, 40.9422953], [-73.724319, 40.9430705], [-73.7234901, 40.9438158], [-73.725702, 40.9426717], [-73.7261627, 40.9420428], [-73.726719, 40.9424976], [-73.7265946, 40.9433288], [-73.7278136, 40.9443489], [-73.7280884, 40.9451574], [-73.7270747, 40.9483846], [-73.7254359, 40.9492091], [-73.7255364, 40.9495018], [-73.7265259, 40.9495589], [-73.7284557, 40.9485598], [-73.729719, 40.9485314], [-73.7298156, 40.9489042], [-73.730749, 40.9487604], [-73.7306189, 40.9485152], [-73.7316374, 40.9481369], [-73.7327137, 40.9487806], [-73.7315362, 40.9463303], [-73.7297512, 40.9455868], [-73.7291533, 40.9448717], [-73.729618, 40.944931], [-73.7304684, 40.9433953], [-73.7301347, 40.9429685], [-73.7328407, 40.9434961], [-73.7355695, 40.9448967], [-73.737636, 40.9439068], [-73.7374472, 40.9431891], [-73.7345578, 40.9431136], [-73.7332496, 40.9426496], [-73.7335992, 40.941926], [-73.7331374, 40.9425861], [-73.7325296, 40.9424004], [-73.7319231, 40.9421118], [-73.7321005, 40.941986], [-73.7316324, 40.9420367], [-73.7317062, 40.9414603], [-73.7304764, 40.9415261], [-73.729539, 40.9411888], [-73.7296932, 40.9408433], [-73.7292097, 40.9401534], [-73.7287497, 40.9402122], [-73.7291635, 40.9407086], [-73.7289744, 40.9413154], [-73.7277331, 40.9412518], [-73.7271706, 40.9406103], [-73.7264303, 40.9406843], [-73.7260642, 40.9411158], [-73.7261366, 40.9406701], [-73.7252769, 40.9400308], [-73.7216728, 40.9383447], [-73.7236988, 40.9364106], [-73.7234118, 40.9362728], [-73.7239858, 40.9352151], [-73.7225133, 40.9340945], [-73.7233206, 40.9341209], [-73.7237095, 40.9328787], [-73.7234681, 40.9327693], [-73.7244042, 40.9325727], [-73.7249863, 40.9319831], [-73.7250184, 40.9315515], [-73.7246429, 40.9313549], [-73.7254369, 40.9310205], [-73.7254932, 40.9306173], [-73.7251821, 40.9301046], [-73.7251982, 40.9285908], [-73.7273359, 40.9273871], [-73.7294121, 40.9282678], [-73.7316748, 40.9282865], [-73.7326281, 40.9274115], [-73.7322031, 40.9260369], [-73.732365, 40.9249086], [-73.7333038, 40.9239318], [-73.7329927, 40.9237778], [-73.7336069, 40.923265], [-73.7338805, 40.9219882], [-73.7344518, 40.9216437], [-73.735007, 40.9219031], [-73.7355247, 40.9227766], [-73.7354978, 40.9234454], [-73.7352082, 40.923944], [-73.7352538, 40.9250566], [-73.7342882, 40.9268663], [-73.7337973, 40.9286678], [-73.733226, 40.9288867], [-73.7336203, 40.9283173], [-73.7330785, 40.927989], [-73.7306082, 40.9287063], [-73.7308067, 40.9297682], [-73.7315416, 40.9301836], [-73.7313806, 40.9308463], [-73.7316864, 40.9316082], [-73.7319546, 40.9316913], [-73.7324211, 40.9308374], [-73.7338992, 40.9296466], [-73.7355086, 40.9292251], [-73.7371662, 40.9283071], [-73.7374934, 40.9277559], [-73.7379977, 40.927689], [-73.7367451, 40.929448], [-73.7355139, 40.9303984], [-73.7360075, 40.9309577], [-73.7339398, 40.9321278], [-73.733476, 40.9328658], [-73.7338375, 40.9331057], [-73.7357902, 40.9323924], [-73.7354298, 40.9319563], [-73.7360075, 40.9314846], [-73.7365054, 40.9316954], [-73.7360209, 40.932512], [-73.7368606, 40.9322098], [-73.7373647, 40.9325018], [-73.7375497, 40.9323782], [-73.7368094, 40.9316366], [-73.7371903, 40.9311442], [-73.737016, 40.9307125], [-73.7378206, 40.9306173], [-73.7375513, 40.930197], [-73.7383658, 40.9295644], [-73.7389168, 40.9300489], [-73.7394514, 40.929979], [-73.740301, 40.9288826], [-73.7410869, 40.9284632], [-73.7408817, 40.9281237], [-73.7410842, 40.9278957], [-73.7419036, 40.9276526], [-73.7422604, 40.9280873], [-73.7434043, 40.9278998], [-73.743875, 40.9286871], [-73.7432823, 40.9295929], [-73.7425527, 40.9298047], [-73.7425326, 40.9305231], [-73.74071, 40.9312019], [-73.7415911, 40.9320054], [-73.7429886, 40.9325748], [-73.7431629, 40.9324086], [-73.7427712, 40.931345], [-73.7442338, 40.9288158], [-73.7451377, 40.9287671], [-73.7450678, 40.9294289], [-73.7453415, 40.9296557], [-73.7459182, 40.929443], [-73.745878, 40.9290032], [-73.7446954, 40.9283108], [-73.7446058, 40.9279731], [-73.7451545, 40.9276226], [-73.7459678, 40.9279971], [-73.7453368, 40.9272], [-73.7461891, 40.9265187], [-73.7456131, 40.9256301], [-73.7436859, 40.9256098], [-73.7436765, 40.9250487], [-73.7441954, 40.9242063], [-73.7449381, 40.9237504], [-73.745213, 40.9229412], [-73.7451025, 40.9225449], [-73.7441083, 40.9220438], [-73.7434887, 40.9223982], [-73.7430306, 40.9219989], [-73.7447328, 40.9200943], [-73.7434132, 40.9197321], [-73.743885, 40.9188865], [-73.7428814, 40.9189637], [-73.7427607, 40.9187524], [-73.7432948, 40.918368], [-73.7430844, 40.9181113], [-73.7440755, 40.9174636], [-73.7454649, 40.9174739], [-73.7457272, 40.9169146], [-73.7463034, 40.9167153], [-73.7467795, 40.9168709], [-73.7470219, 40.9176797], [-73.7481574, 40.9175672], [-73.7487424, 40.9169512], [-73.7486781, 40.9166191], [-73.7482127, 40.9163248], [-73.7476039, 40.9165215], [-73.7473231, 40.9161611], [-73.7481725, 40.9154898], [-73.7486487, 40.9161068], [-73.7502593, 40.9155364], [-73.7505307, 40.9147169], [-73.7529147, 40.9131386], [-73.7536335, 40.9130007], [-73.7549914, 40.9134539], [-73.7560207, 40.9130656], [-73.7581879, 40.9102764], [-73.7592447, 40.9099237], [-73.7598719, 40.9088237], [-73.7591098, 40.9084965], [-73.7592058, 40.9075432], [-73.7595775, 40.9076239], [-73.7603681, 40.9069582], [-73.7611233, 40.9075219], [-73.7605297, 40.9084526], [-73.7612289, 40.9085616], [-73.761393, 40.9088809], [-73.759879, 40.9101384], [-73.7594964, 40.9112764], [-73.7590014, 40.9117066], [-73.7602102, 40.9122301], [-73.7604469, 40.9118422], [-73.7615078, 40.911656], [-73.761316, 40.9124854], [-73.7616086, 40.9138797], [-73.762002, 40.9140547], [-73.762385, 40.9131634], [-73.7626354, 40.9133443], [-73.7625297, 40.9138083], [-73.7631691, 40.9139409], [-73.762751, 40.9151019], [-73.7635344, 40.9145753], [-73.7637965, 40.9151915], [-73.7643101, 40.9152974], [-73.7635622, 40.9168852], [-73.763907, 40.9170891], [-73.7648223, 40.9160411], [-73.7660939, 40.9158564], [-73.7659231, 40.9153939], [-73.7671735, 40.9135557], [-73.7664613, 40.9133841], [-73.7656674, 40.9140009], [-73.7647395, 40.9137342], [-73.7643604, 40.9132095], [-73.7629006, 40.9130352], [-73.7632047, 40.9125653], [-73.7635824, 40.9125374], [-73.7637623, 40.9110505], [-73.7640943, 40.911426], [-73.7655071, 40.911532], [-73.7671247, 40.9131625], [-73.7695031, 40.9118184], [-73.7700288, 40.9121792], [-73.7703466, 40.9146237], [-73.7707543, 40.914798], [-73.7709743, 40.9144413], [-73.7704646, 40.9140886], [-73.7706457, 40.9129616], [-73.7721155, 40.9124194], [-73.77277, 40.9127751], [-73.7736015, 40.9121731], [-73.7711376, 40.9122021], [-73.7706132, 40.9117369], [-73.7708909, 40.9115256], [-73.7697985, 40.9106996], [-73.7700026, 40.909933], [-73.7705572, 40.9099576], [-73.770128, 40.9096981], [-73.7721772, 40.907971], [-73.7719948, 40.9078575], [-73.7726493, 40.9071764], [-73.7722845, 40.9068926], [-73.7691302, 40.9090089], [-73.7675761, 40.9086274], [-73.7679333, 40.9074659], [-73.7676804, 40.9071265], [-73.7672362, 40.9072287], [-73.7680429, 40.9066088], [-73.7686154, 40.9067137], [-73.7688846, 40.906042], [-73.7694403, 40.9057484], [-73.7691301, 40.9051102], [-73.769381, 40.904994], [-73.7692596, 40.9043925], [-73.768318, 40.9038725], [-73.7675476, 40.9040964], [-73.7673383, 40.904507], [-73.7674066, 40.9042104], [-73.7663772, 40.9033996], [-73.7656812, 40.9030815], [-73.7651524, 40.9030326], [-73.7651146, 40.9032609], [-73.7647477, 40.9028042], [-73.7642783, 40.9027879], [-73.7654006, 40.9015236], [-73.7652064, 40.8995457], [-73.7668466, 40.8984364], [-73.7663718, 40.897482], [-73.7671758, 40.8970374], [-73.7674833, 40.8976411], [-73.7680229, 40.8979021], [-73.7682831, 40.8974408], [-73.7683736, 40.8976941], [-73.7693718, 40.8976166], [-73.7701395, 40.8967601], [-73.7693934, 40.8959322], [-73.7692909, 40.8950634], [-73.7699141, 40.8942844], [-73.7703187, 40.8942089], [-73.771055, 40.8948908], [-73.7714871, 40.8946356], [-73.7714537, 40.8942801], [-73.7731868, 40.8941806], [-73.7737352, 40.8928965], [-73.7734911, 40.8917789], [-73.7747482, 40.8910953], [-73.7756667, 40.8910168], [-73.7766387, 40.8897563], [-73.7771728, 40.8900318], [-73.7778081, 40.889796], [-73.7772224, 40.8892192], [-73.7780275, 40.8898407], [-73.7795126, 40.8896677], [-73.7801516, 40.890013], [-73.7799179, 40.8904341], [-73.7801917, 40.8907514], [-73.779668, 40.8916304], [-73.7786973, 40.8913109], [-73.7779251, 40.8928599], [-73.77824, 40.8930414], [-73.7766018, 40.8945806], [-73.7767461, 40.8947733], [-73.7759695, 40.8959763], [-73.7761826, 40.8960985], [-73.7754462, 40.896977], [-73.7759125, 40.8987481], [-73.7755594, 40.8998561], [-73.773938, 40.9009234], [-73.7748137, 40.9017797], [-73.7752253, 40.9010446], [-73.7762085, 40.9010158], [-73.7768239, 40.9003026], [-73.7773076, 40.8988666], [-73.7761985, 40.8986204], [-73.7769779, 40.8984611], [-73.7769647, 40.8969855], [-73.778656, 40.8947053], [-73.7800566, 40.893634], [-73.7816228, 40.8940695], [-73.7815789, 40.893621], [-73.780667, 40.893422], [-73.7806843, 40.8928186], [-73.7812395, 40.8924913], [-73.78127, 40.8932959], [-73.7825195, 40.8933652], [-73.7829296, 40.8928749], [-73.7811121, 40.8918825], [-73.7817304, 40.8913486], [-73.7820206, 40.8901173], [-73.7825083, 40.8900362], [-73.7830315, 40.8894453], [-73.7834763, 40.8897092], [-73.7848651, 40.8887336], [-73.7854649, 40.888797], [-73.7858918, 40.889213], [-73.7854478, 40.8903398], [-73.7858484, 40.890638], [-73.7878513, 40.8887249], [-73.7888175, 40.8884991], [-73.7887999, 40.88826], [-73.7865496, 40.8885015], [-73.7858008, 40.8881512], [-73.7868311, 40.8873559], [-73.7865983, 40.88718], [-73.787077, 40.8864761], [-73.788276, 40.885915], [-73.788052, 40.8853903], [-73.7897189, 40.8832765], [-73.7922504, 40.884405], [-73.7926441, 40.8840979], [-73.7922751, 40.8839655], [-73.7931207, 40.8831941], [-73.7936616, 40.8819423], [-73.7947448, 40.8807224], [-73.7956655, 40.8809139], [-73.7951304, 40.879942], [-73.7951397, 40.8793344], [-73.796214, 40.8770316], [-73.7969736, 40.8764978], [-73.7979402, 40.8745997], [-73.7986005, 40.874389], [-73.7990009, 40.8746009], [-73.7996921, 40.8740807], [-73.8009662, 40.8716026], [-73.8025905, 40.8705325], [-73.8030358, 40.8689211], [-73.8038941, 40.8691604], [-73.8041355, 40.8687872], [-73.8051601, 40.869201], [-73.8057555, 40.8689819], [-73.8056697, 40.8695904], [-73.8078557, 40.8708887], [-73.8077994, 40.87114], [-73.8093094, 40.8712781], [-73.8083841, 40.8709047], [-73.8088722, 40.8703814], [-73.8076116, 40.8703936], [-73.8087703, 40.8690592], [-73.8077296, 40.8697083], [-73.8067748, 40.8695054], [-73.8067989, 40.8689943], [-73.8063885, 40.8685075], [-73.8049079, 40.8681992], [-73.804865, 40.8665116], [-73.8039423, 40.8671282], [-73.8030819, 40.8669854], [-73.8031264, 40.8657347], [-73.8022717, 40.8655303], [-73.801748, 40.8659636], [-73.7981447, 40.871848], [-73.7973102, 40.8724039], [-73.7951256, 40.8728935], [-73.7942001, 40.8737485], [-73.793723, 40.8766988], [-73.7931812, 40.8770334], [-73.7944849, 40.877648], [-73.7928909, 40.8795912], [-73.7895063, 40.8811604], [-73.7889316, 40.8810155], [-73.789332, 40.880458], [-73.7891793, 40.8800673], [-73.7902028, 40.879596], [-73.7894465, 40.8790797], [-73.7884632, 40.8788651], [-73.7862509, 40.8791101], [-73.7841711, 40.8781971], [-73.7847488, 40.8764737], [-73.7866645, 40.8739175], [-73.787171, 40.8727403], [-73.78684, 40.8725576], [-73.7872349, 40.8725674], [-73.7874851, 40.8719716], [-73.7883199, 40.8715946], [-73.7883809, 40.8708053], [-73.7872303, 40.8711867], [-73.7863746, 40.8722418], [-73.786696, 40.8724682], [-73.7861949, 40.8724497], [-73.7851167, 40.8736099], [-73.7854868, 40.8725471], [-73.7851971, 40.8715614], [-73.7840408, 40.8736318], [-73.7835392, 40.8737491], [-73.783488, 40.8732078], [-73.7838794, 40.8730709], [-73.783795, 40.8723888], [-73.7831781, 40.8721233], [-73.7832735, 40.8707798], [-73.784387, 40.869823], [-73.7848393, 40.869903], [-73.7855701, 40.8683661], [-73.7854242, 40.8690357], [-73.7881266, 40.8692465], [-73.7898292, 40.8686744], [-73.7916804, 40.8673992], [-73.7924124, 40.865814], [-73.7927879, 40.863741], [-73.7923789, 40.8621652], [-73.7918559, 40.861982], [-73.7915373, 40.8624015], [-73.791883, 40.8611941], [-73.7934843, 40.8608968], [-73.7943089, 40.859943], [-73.7951982, 40.8577847], [-73.7943663, 40.8565293], [-73.7964997, 40.8564639], [-73.7971303, 40.8561276], [-73.7980782, 40.8548205], [-73.7986501, 40.8549781], [-73.7991029, 40.8537552], [-73.7981974, 40.8528379], [-73.7980277, 40.8519329], [-73.7983753, 40.85082], [-73.7995394, 40.8500067], [-73.8003963, 40.8482455], [-73.8014634, 40.8490772], [-73.8015766, 40.8500617], [-73.802191, 40.8511624], [-73.8041374, 40.8535831], [-73.8045435, 40.8549536], [-73.8036866, 40.8551799], [-73.8034683, 40.8558525], [-73.8038562, 40.8567029], [-73.8041312, 40.8590564], [-73.804584, 40.8599308], [-73.8046386, 40.8614615], [-73.8058911, 40.8619331], [-73.8065013, 40.8611471], [-73.8063881, 40.8602238], [-73.8076331, 40.86045], [-73.8083688, 40.8599609], [-73.8110527, 40.8625288], [-73.8133163, 40.8633909], [-73.8137286, 40.8638983], [-73.814558, 40.8631234], [-73.8151983, 40.8631431], [-73.8148647, 40.8638891], [-73.8151784, 40.8644883], [-73.81511, 40.8657594], [-73.8156515, 40.8649685], [-73.8166854, 40.8642329], [-73.8169429, 40.8644017], [-73.8144186, 40.8676593], [-73.8143309, 40.8680991], [-73.8153116, 40.8682178], [-73.8153978, 40.8703156], [-73.8161234, 40.8705438], [-73.8164895, 40.8694636], [-73.8172241, 40.869009], [-73.8181973, 40.8694556], [-73.8179129, 40.8704314], [-73.8185909, 40.8701172], [-73.8188767, 40.8694502], [-73.8198013, 40.869109], [-73.8207858, 40.869775], [-73.8206825, 40.8701838], [-73.8210766, 40.8705224], [-73.8215393, 40.8701557], [-73.8220001, 40.8702899], [-73.8219389, 40.8716538], [-73.820984, 40.8725593], [-73.8212688, 40.8729927], [-73.820561, 40.8734959], [-73.8213658, 40.874291], [-73.8219477, 40.8740788], [-73.8219934, 40.8745594], [-73.8204565, 40.8743934], [-73.8199862, 40.8734723], [-73.8191433, 40.8737061], [-73.8198169, 40.8738491], [-73.8201933, 40.8747353], [-73.8214305, 40.8750655], [-73.8206229, 40.8751515], [-73.8198847, 40.8761058], [-73.8198203, 40.8764587], [-73.8207507, 40.8773986], [-73.8202759, 40.8780992], [-73.8204397, 40.8786597], [-73.8200137, 40.8791161], [-73.8201563, 40.8806114], [-73.8190358, 40.8813176], [-73.8193251, 40.8817241], [-73.8191569, 40.8822674], [-73.8196022, 40.8826904], [-73.819323, 40.8836618], [-73.8195984, 40.8844859], [-73.8185118, 40.8851219], [-73.8182196, 40.8849307], [-73.8183253, 40.8839702], [-73.8167702, 40.884057], [-73.8163181, 40.8850289], [-73.8168599, 40.8846843], [-73.8168961, 40.8843212], [-73.8179882, 40.8841959], [-73.8178306, 40.8851563], [-73.8196218, 40.8852144], [-73.8203081, 40.8872102], [-73.8208159, 40.8869506], [-73.8232727, 40.8876546], [-73.8239538, 40.8884218], [-73.8228308, 40.8925107], [-73.8220899, 40.8936269], [-73.8209667, 40.8952155], [-73.8194814, 40.8957731], [-73.8182689, 40.8969778], [-73.8208911, 40.8955595], [-73.8208353, 40.8966772], [-73.8211655, 40.896681], [-73.8212526, 40.8954067], [-73.8231289, 40.8926781], [-73.8243826, 40.8889208], [-73.8247279, 40.8886729], [-73.8268868, 40.8895783], [-73.8271349, 40.8890293], [-73.8263052, 40.8891548], [-73.8232379, 40.8871633], [-73.8219683, 40.8869615], [-73.8211899, 40.8863175], [-73.8205374, 40.8850827], [-73.8204338, 40.8841966], [-73.820908, 40.8817624], [-73.8237212, 40.8745401], [-73.823601, 40.869945], [-73.820275, 40.8676033], [-73.8200781, 40.8629888], [-73.8188065, 40.8623926], [-73.8207006, 40.8610614], [-73.8232273, 40.860093], [-73.8225642, 40.8594445], [-73.8202662, 40.8590467], [-73.8186427, 40.8593666], [-73.818174, 40.860655], [-73.817076, 40.860704], [-73.8166296, 40.8612657], [-73.8148715, 40.8611045], [-73.8137661, 40.8604709], [-73.8127666, 40.8588431], [-73.8123014, 40.8541806], [-73.8166238, 40.854154], [-73.8170846, 40.8536312], [-73.8170563, 40.852772], [-73.8174697, 40.8518071], [-73.8169175, 40.8516713], [-73.8172404, 40.8515475], [-73.8171103, 40.8508324], [-73.8161621, 40.8507594], [-73.8163696, 40.8501655], [-73.8155925, 40.8492903], [-73.8150775, 40.849165], [-73.8160082, 40.8480025], [-73.8156117, 40.8477071], [-73.816183, 40.8475661], [-73.8162515, 40.8463756], [-73.8150261, 40.8465739], [-73.8144313, 40.8461971], [-73.8149331, 40.8455928], [-73.8132988, 40.8461823], [-73.8140643, 40.8454475], [-73.8125652, 40.8450218], [-73.8118718, 40.8464593], [-73.8124565, 40.8448706], [-73.8135294, 40.845106], [-73.8142321, 40.8447762], [-73.8135482, 40.8443654], [-73.8133494, 40.8437833], [-73.814532, 40.84343], [-73.814975, 40.8434741], [-73.8156725, 40.8443897], [-73.8164069, 40.8440253], [-73.8174414, 40.844402], [-73.8183298, 40.8441765], [-73.817428, 40.8441965], [-73.8167406, 40.8438469], [-73.816349, 40.842989], [-73.8156081, 40.8424174], [-73.815799, 40.8417308], [-73.8148437, 40.8397126], [-73.8150117, 40.8390786], [-73.8161814, 40.838716], [-73.816563, 40.8375311], [-73.8160909, 40.8331884], [-73.8153185, 40.8314674], [-73.8139639, 40.8298552], [-73.813091, 40.8282294], [-73.8099351, 40.8281708], [-73.8101034, 40.8278435], [-73.8128979, 40.8278073], [-73.8141075, 40.826826], [-73.8138465, 40.8253961], [-73.8131562, 40.8249032], [-73.8141004, 40.8242862], [-73.8134824, 40.8238965], [-73.8127722, 40.8245568], [-73.8120318, 40.8241952], [-73.8088468, 40.8256688], [-73.8074659, 40.8254369], [-73.8069911, 40.824944], [-73.8068553, 40.8235255], [-73.8058778, 40.8216881], [-73.805955, 40.8202072], [-73.8049079, 40.8190315], [-73.8040153, 40.8182976], [-73.8008567, 40.8180182], [-73.8005391, 40.8175506], [-73.7980929, 40.8167711], [-73.7981015, 40.8158942], [-73.7977239, 40.8156668], [-73.7991229, 40.8155953], [-73.8000339, 40.8145399], [-73.8015433, 40.8135232], [-73.8016292, 40.8129385], [-73.8031999, 40.8124968], [-73.8034917, 40.8126527], [-73.8031398, 40.8135426], [-73.8039895, 40.8145495], [-73.8064357, 40.8165957], [-73.8070537, 40.8165113], [-73.8065043, 40.8152381], [-73.8054915, 40.8146794], [-73.8054486, 40.8133997], [-73.8049175, 40.8120776], [-73.8039317, 40.8121153], [-73.8028046, 40.8106162], [-73.8020702, 40.8101806], [-73.8014254, 40.8106502], [-73.8006556, 40.8098251], [-73.7984058, 40.8095316], [-73.7922875, 40.8068469], [-73.7913954, 40.8070315], [-73.7915223, 40.8074624], [-73.7909327, 40.8073139], [-73.7900716, 40.80532], [-73.790823, 40.8043648], [-73.7939063, 40.8040759], [-73.7939532, 40.8048124], [-73.7946393, 40.8048177], [-73.7946386, 40.8044998], [-73.7966903, 40.805381], [-73.7949392, 40.8047798], [-73.7944553, 40.8049878], [-73.7952937, 40.8059471], [-73.7957985, 40.8062165], [-73.7960219, 40.805908], [-73.7966055, 40.8061522], [-73.7964273, 40.8063797], [-73.798665, 40.8070541], [-73.8018597, 40.8089953], [-73.8029159, 40.8090991], [-73.8039404, 40.8085299], [-73.8097206, 40.8129926], [-73.8121597, 40.8131017], [-73.8138332, 40.8136146], [-73.815706, 40.8135319], [-73.8158455, 40.8138932], [-73.8164141, 40.8139988], [-73.821285, 40.8130488], [-73.8261904, 40.8114578], [-73.8282493, 40.8114503], [-73.8297085, 40.8110606], [-73.8315624, 40.8096119], [-73.8320946, 40.8085335], [-73.8317255, 40.8050512], [-73.8344034, 40.8049668], [-73.8373731, 40.8059933], [-73.838034, 40.8068508], [-73.8383173, 40.8082346], [-73.8402599, 40.8113386], [-73.8403722, 40.8131245], [-73.8396046, 40.8139896], [-73.8395375, 40.8145253], [-73.8394073, 40.8158654], [-73.8397278, 40.8165749], [-73.8425859, 40.81728], [-73.8453539, 40.8117641], [-73.8457487, 40.8117186], [-73.8466585, 40.8105883], [-73.8473967, 40.8108676], [-73.8486755, 40.8129269], [-73.8504007, 40.8135375], [-73.8508299, 40.8140637], [-73.8526581, 40.8142651], [-73.8525551, 40.8137194], [-73.8511646, 40.8135245], [-73.8491034, 40.8120452], [-73.8494997, 40.8114553], [-73.8492464, 40.8108998], [-73.8501003, 40.8097243], [-73.8497056, 40.8081143], [-73.848411, 40.8070506], [-73.8485878, 40.8063263], [-73.8476677, 40.8060406], [-73.8476725, 40.8052133], [-73.848639, 40.804708], [-73.8497516, 40.8052863], [-73.8505064, 40.8045085], [-73.8559524, 40.8045653], [-73.8565837, 40.8048907], [-73.8556671, 40.8046487], [-73.8556739, 40.8051162], [-73.856263, 40.8054202], [-73.8573076, 40.8053287], [-73.8567158, 40.804955], [-73.8570168, 40.8050225], [-73.8588114, 40.8058743], [-73.8591842, 40.806337], [-73.8593667, 40.8074997], [-73.8591328, 40.8068475], [-73.8584396, 40.8069442], [-73.8583377, 40.8080373], [-73.8589399, 40.8103194], [-73.8591056, 40.809969], [-73.8601242, 40.809631], [-73.8593574, 40.8089688], [-73.8594029, 40.8082238], [-73.8599205, 40.8092544], [-73.8605207, 40.8096416], [-73.8677576, 40.8106998], [-73.8700346, 40.8103046], [-73.8681346, 40.8067337], [-73.8717016, 40.8015578], [-73.8735094, 40.8008736], [-73.875711, 40.8015101], [-73.8779377, 40.801706], [-73.8784044, 40.803113], [-73.8837447, 40.8021222], [-73.8836011, 40.8018186], [-73.8851782, 40.8021435], [-73.8871631, 40.8038814], [-73.8879463, 40.8049778], [-73.8886115, 40.8047585], [-73.889336, 40.8052187], [-73.8894607, 40.8058096], [-73.8915996, 40.8058479], [-73.8917681, 40.8063945], [-73.8949778, 40.8061219], [-73.8951602, 40.8068487], [-73.8962653, 40.8067026], [-73.8962898, 40.8062469], [-73.8972031, 40.8060338], [-73.8973666, 40.8065449], [-73.8981477, 40.8064419], [-73.8982277, 40.8055377], [-73.9021403, 40.8047715], [-73.9045521, 40.8031667], [-73.9091612, 40.7982808], [-73.9110055, 40.7969713], [-73.9119829, 40.7966527], [-73.9140021, 40.7969033], [-73.9201197, 40.7994795], [-73.92139, 40.8012922], [-73.9232954, 40.8024552], [-73.9276728, 40.8025721], [-73.9272951, 40.8034687], [-73.92772, 40.8040015], [-73.928719, 40.8041119], [-73.9304611, 40.8062898], [-73.9304704, 40.8066603], [-73.9323292, 40.8086337], [-73.9325481, 40.8096533], [-73.9322075, 40.8099426], [-73.9328512, 40.8101466], [-73.9325586, 40.8108897], [-73.9323867, 40.8146807], [-73.9316921, 40.8147055], [-73.9316709, 40.8149573], [-73.9323711, 40.8149379], [-73.9322931, 40.8212545], [-73.931703, 40.8213189], [-73.9316767, 40.821604], [-73.9323411, 40.8215758], [-73.9323332, 40.822159], [-73.9315824, 40.8222672], [-73.931614, 40.8225833], [-73.932419, 40.8226394], [-73.9325067, 40.824092], [-73.9318265, 40.8241451], [-73.9318639, 40.8245656], [-73.932588, 40.824527], [-73.9326353, 40.8251466], [-73.9319112, 40.8251769], [-73.9319439, 40.82551], [-73.9326789, 40.8254742], [-73.9325261, 40.8277045], [-73.9330173, 40.8277375], [-73.9336575, 40.8321451], [-73.9332541, 40.834944], [-73.9325331, 40.8367883], [-73.9308422, 40.8393922], [-73.9286535, 40.8445998], [-73.9208108, 40.8553865], [-73.9203306, 40.8552293], [-73.920509, 40.8557345], [-73.9178938, 40.8586294], [-73.9172407, 40.8588505], [-73.9134029, 40.8633469], [-73.9127492, 40.8630315], [-73.9122887, 40.8636507], [-73.9126227, 40.8640638], [-73.9103379, 40.8667848], [-73.9086596, 40.8714293], [-73.9093179, 40.8727634], [-73.9109381, 40.87416], [-73.9156718, 40.8756846], [-73.9177827, 40.8756544], [-73.919113, 40.8760566], [-73.9227996, 40.8789096], [-73.9248818, 40.8788603], [-73.9430824, 40.8840935], [-73.9433252, 40.8835569], [-73.9442241, 40.8830828], [-73.9447167, 40.8819281], [-73.9438202, 40.881407], [-73.9444827, 40.8811274], [-73.9445054, 40.8800287], [-73.945227, 40.8800324], [-73.9463572, 40.8778835], [-73.9465261, 40.8772072], [-73.9458994, 40.8770136], [-73.9463331, 40.8756806], [-73.9484501, 40.8729842], [-73.9491456, 40.8714729], [-73.9496284, 40.8712047], [-73.9500927, 40.8699283], [-73.9518356, 40.8672319], [-73.9522913, 40.8653794], [-73.9547184, 40.8620872], [-73.9547495, 40.8617314], [-73.9536875, 40.8611817], [-73.9544381, 40.8602353], [-73.9546031, 40.8594172], [-73.9571026, 40.8598746], [-73.9575562, 40.8596789], [-73.9582117, 40.8573159], [-73.958116, 40.8562608], [-73.9588611, 40.8556579], [-73.9591187, 40.8524282], [-73.9594839, 40.8516219], [-73.9597125, 40.8517468], [-73.9595814, 40.8513898], [-73.959941, 40.851603], [-73.9612461, 40.8492384], [-73.9640742, 40.8459944], [-73.9658896, 40.8425884], [-73.9668466, 40.842826], [-73.9675608, 40.842047], [-73.9679282, 40.8408652], [-73.9666937, 40.8404109], [-73.9669961, 40.8401167], [-73.9673671, 40.8402578], [-73.967026, 40.8400385], [-73.9676427, 40.8397224], [-73.9688382, 40.8398037], [-73.9679799, 40.8386504], [-73.9694291, 40.8386628], [-73.9696999, 40.8369326], [-73.9677558, 40.8361231], [-73.9683466, 40.8349504], [-73.9681135, 40.8338029], [-73.9692056, 40.8328244], [-73.9695292, 40.8312939], [-73.9690596, 40.831109], [-73.9701455, 40.8287445], [-73.9707474, 40.8289369], [-73.9710926, 40.8283346], [-73.9717973, 40.8280483], [-73.9714721, 40.8277858], [-73.9717741, 40.8273037], [-73.9711103, 40.8270021], [-73.9712316, 40.826718], [-73.9730237, 40.8238729], [-73.9738282, 40.8240102], [-73.9734164, 40.8234813], [-73.975219, 40.8205429], [-73.9771334, 40.8179615], [-73.9774599, 40.8179268], [-73.9774931, 40.8173486], [-73.9786068, 40.8165502], [-73.978716, 40.8162783], [-73.9783228, 40.8161242], [-73.9785226, 40.8158728], [-73.9791554, 40.8161046], [-73.9801793, 40.8151177], [-73.9798384, 40.81474], [-73.9798681, 40.8141446], [-73.9804325, 40.8140153], [-73.9808017, 40.8132429], [-73.9789659, 40.8124584], [-73.9790563, 40.8122506], [-73.9812726, 40.8129762], [-73.9817155, 40.8123342], [-73.9811075, 40.8118746], [-73.9815323, 40.8110568], [-73.983578, 40.8100058], [-73.9838758, 40.8094308], [-73.9820617, 40.8087343], [-73.9828186, 40.8075933], [-73.9846749, 40.808272], [-73.9850808, 40.8076517], [-73.9857359, 40.8078823], [-73.9860985, 40.8076893], [-73.9866226, 40.8069691], [-73.9840524, 40.8059214], [-73.9841499, 40.8056334], [-73.9856488, 40.8060891], [-73.9861516, 40.8053506], [-73.9877955, 40.8056828], [-73.9885034, 40.8052684], [-73.9890488, 40.8042636], [-73.9876532, 40.8035018], [-73.9891772, 40.8040755], [-73.9897628, 40.8034253], [-73.9904617, 40.8036377], [-73.9912219, 40.802575], [-73.9907305, 40.8022972], [-73.9915863, 40.8022596], [-73.9922826, 40.8010622], [-73.9923919, 40.799984], [-73.9929894, 40.7999052], [-73.9944592, 40.7987523], [-73.9944817, 40.7983796], [-73.9919535, 40.7972102], [-73.992886, 40.7958087], [-73.9948882, 40.7961711], [-73.9951075, 40.7958543], [-73.9935074, 40.7950096], [-73.994336, 40.7943344], [-73.9944154, 40.7934151], [-73.9955026, 40.7926498], [-73.9967057, 40.7927004], [-73.9967057, 40.7917727], [-73.996167, 40.7914712], [-73.9962496, 40.7912383], [-73.9978205, 40.7917585], [-73.9980667, 40.791545], [-73.9981223, 40.7905186], [-73.9972211, 40.790084], [-73.9985461, 40.7883173], [-73.9993194, 40.7886542], [-73.9994593, 40.7884513], [-73.9987173, 40.7880895], [-73.999168, 40.7875087], [-73.9999512, 40.7878459], [-74.0001191, 40.7876491], [-73.9993128, 40.7871838], [-74.0032288, 40.782269], [-74.0038618, 40.7825411], [-74.0053384, 40.7806806], [-74.0061691, 40.7810183], [-74.0064758, 40.7806991], [-74.005436, 40.7800411], [-74.0056166, 40.7798082], [-74.0068469, 40.7802259], [-74.0092766, 40.7771483], [-74.0103793, 40.7776335], [-74.0112117, 40.7765665], [-74.011646, 40.7760055], [-74.0105759, 40.775523], [-74.0109694, 40.774596], [-74.0097463, 40.7740027], [-74.010826, 40.7725578], [-74.0130957, 40.7711978], [-74.0135944, 40.7713682], [-74.0139687, 40.7709802], [-74.014327, 40.7711743], [-74.0144102, 40.7705795], [-74.0154846, 40.7694115], [-74.0152046, 40.7690963], [-74.0172234, 40.766554], [-74.0168693, 40.7661867], [-74.0172046, 40.7653979], [-74.0168502, 40.7646322], [-74.0172495, 40.7640308], [-74.018725, 40.7633248], [-74.0205656, 40.7639893], [-74.0207829, 40.7638098], [-74.0194562, 40.7631861], [-74.0203675, 40.7619408], [-74.0177739, 40.760802], [-74.0181784, 40.7603999], [-74.0205715, 40.7616886], [-74.0209058, 40.7612481], [-74.0185498, 40.760203], [-74.018752, 40.7599415], [-74.021108, 40.7609865], [-74.022256, 40.7594997], [-74.0190884, 40.7581472], [-74.0192412, 40.7579037], [-74.0225758, 40.7590804], [-74.0228881, 40.7586936], [-74.0226273, 40.758539], [-74.0233225, 40.7576455], [-74.0249514, 40.7582361], [-74.026082, 40.7580038], [-74.0263251, 40.7571578], [-74.027205, 40.7572743], [-74.027469, 40.7564009], [-74.0269229, 40.7563269], [-74.0272635, 40.7554984], [-74.0242675, 40.7549723], [-74.0244451, 40.7543885], [-74.0240767, 40.7543247], [-74.0237467, 40.7553071], [-74.0234848, 40.7552642], [-74.0231959, 40.7547025], [-74.0209916, 40.7543149], [-74.0232344, 40.7546345], [-74.0238418, 40.7543167], [-74.0235032, 40.7542605], [-74.0236218, 40.7538647], [-74.0204204, 40.7532761], [-74.0230538, 40.7536382], [-74.0232912, 40.7528743], [-74.0206372, 40.7522953], [-74.0233622, 40.7526503], [-74.0232031, 40.752004], [-74.0207567, 40.7515508], [-74.0231515, 40.7518863], [-74.0233103, 40.7513542], [-74.0208914, 40.7508626], [-74.0235002, 40.7512933], [-74.0236238, 40.7509538], [-74.0210118, 40.7503225], [-74.0236703, 40.7507873], [-74.0237349, 40.7505754], [-74.0217348, 40.7502186], [-74.0234755, 40.7503419], [-74.0235355, 40.7501458], [-74.0232573, 40.750153], [-74.0235319, 40.7492602], [-74.0222443, 40.7488803], [-74.0224159, 40.7484414], [-74.0234561, 40.7484967], [-74.0236481, 40.7481714], [-74.0231044, 40.7477015], [-74.0225556, 40.7464675], [-74.0225478, 40.7452891], [-74.0233596, 40.7437502], [-74.0237298, 40.7438174], [-74.024041, 40.7431189], [-74.024627, 40.7431533], [-74.0252911, 40.7414087], [-74.0262912, 40.7410139], [-74.0263962, 40.7406572], [-74.0248786, 40.7403921], [-74.0254753, 40.7404306], [-74.0255234, 40.7398629], [-74.0260643, 40.7396778], [-74.0263031, 40.7398371], [-74.0260021, 40.7405244], [-74.0264123, 40.7405961], [-74.0273174, 40.737555], [-74.0249254, 40.7371254], [-74.0251456, 40.7362722], [-74.027585, 40.7366685], [-74.0277131, 40.7362211], [-74.0261458, 40.7358234], [-74.0268482, 40.734649], [-74.027656, 40.7343493], [-74.0266583, 40.7338802], [-74.0290744, 40.7340932], [-74.0292927, 40.7336267], [-74.0316263, 40.7337551], [-74.0306212, 40.7334807], [-74.0309868, 40.7312772], [-74.0279913, 40.7310202], [-74.0281285, 40.7302841], [-74.0270237, 40.7296077], [-74.0274363, 40.7294968], [-74.0291377, 40.7304707], [-74.0312695, 40.7307479], [-74.0297622, 40.7297513], [-74.0311644, 40.7301067], [-74.03123, 40.7294845], [-74.0273441, 40.7290275], [-74.0309596, 40.7293564], [-74.0311118, 40.7280416], [-74.0274408, 40.7276029], [-74.0303111, 40.7277728], [-74.0304088, 40.7269923], [-74.0300587, 40.7264332], [-74.0303481, 40.7261367], [-74.0344567, 40.726237], [-74.0345368, 40.7257368], [-74.0320596, 40.7255325], [-74.0321002, 40.7252628], [-74.0345689, 40.7256028], [-74.0346188, 40.7252805], [-74.033825, 40.7252151], [-74.0338555, 40.7250031], [-74.0294149, 40.7245838], [-74.0295007, 40.7237707], [-74.0338429, 40.7241163], [-74.0342413, 40.722139], [-74.0314277, 40.7218898], [-74.0314949, 40.7202516], [-74.0325413, 40.7201294], [-74.0321113, 40.7196867], [-74.0292695, 40.7193798], [-74.0293555, 40.7189343], [-74.0325091, 40.7192929], [-74.0327845, 40.7173917], [-74.0299285, 40.7170588], [-74.0299979, 40.7167091], [-74.0320781, 40.7169156], [-74.0321793, 40.7163782], [-74.0312861, 40.7162768], [-74.0314857, 40.7157256], [-74.0317185, 40.71616], [-74.0326266, 40.7162593], [-74.0331516, 40.7141427], [-74.0329322, 40.7137777], [-74.0318706, 40.7135996], [-74.0321463, 40.7133362], [-74.0320074, 40.7136141], [-74.033028, 40.713734], [-74.0337179, 40.7116629], [-74.0348791, 40.705752], [-74.04124, 40.7064186], [-74.04308, 40.7062762], [-74.0431256, 40.7056093], [-74.0413178, 40.7046842], [-74.0461377, 40.701447], [-74.051242, 40.6960051], [-74.0525992, 40.6966988], [-74.0549085, 40.694712], [-74.0556006, 40.6951797], [-74.0560425, 40.6949778], [-74.0561719, 40.6947608], [-74.0555498, 40.6939684], [-74.0558793, 40.6931642], [-74.0541485, 40.6919037], [-74.0548495, 40.6906303], [-74.0577517, 40.6919156], [-74.0574903, 40.6928016], [-74.0582345, 40.6932152], [-74.0584812, 40.6932375], [-74.0588568, 40.6925054], [-74.0586803, 40.6934591], [-74.059407, 40.6938605], [-74.0597675, 40.6930405], [-74.0599906, 40.6931121], [-74.0596645, 40.6940167], [-74.0602247, 40.6943886], [-74.0607139, 40.6935695], [-74.061311, 40.693866], [-74.0609687, 40.6950353], [-74.0638346, 40.6966674], [-74.0651303, 40.6970449], [-74.0653497, 40.697712], [-74.0660967, 40.6980622], [-74.0670578, 40.6963414], [-74.0678742, 40.6968006], [-74.0683779, 40.6966953], [-74.0705611, 40.6944153], [-74.070376, 40.693852], [-74.0697779, 40.6939049], [-74.0692915, 40.6950118], [-74.0677902, 40.6953984], [-74.0676106, 40.695123], [-74.0674735, 40.6955688], [-74.0654959, 40.6945035], [-74.0678105, 40.6929448], [-74.0693849, 40.6914244], [-74.0700437, 40.6902019], [-74.0697226, 40.6855552], [-74.0701434, 40.6869009], [-74.0721689, 40.688764], [-74.073357, 40.6886223], [-74.0745781, 40.6876477], [-74.075934, 40.6886787], [-74.0783324, 40.688637], [-74.0786911, 40.6891254], [-74.0798239, 40.6889868], [-74.0796602, 40.6886482], [-74.0803059, 40.6880008], [-74.0746021, 40.6838241], [-74.0710747, 40.6816469], [-74.0716406, 40.6811826], [-74.0723082, 40.6816789], [-74.073294, 40.6811919], [-74.0737349, 40.681339], [-74.0735155, 40.6807587], [-74.0769737, 40.6830211], [-74.0772781, 40.6826847], [-74.073162, 40.6801241], [-74.0720528, 40.6799719], [-74.0707598, 40.6805905], [-74.0718158, 40.6797099], [-74.0706089, 40.6791759], [-74.0736099, 40.6797626], [-74.0739269, 40.6793736], [-74.0734743, 40.6791985], [-74.0739826, 40.6792023], [-74.0756186, 40.6774075], [-74.0725958, 40.6758102], [-74.072982, 40.6753183], [-74.0759925, 40.6769185], [-74.0772006, 40.6755771], [-74.0810959, 40.6774164], [-74.0814945, 40.6769841], [-74.0813989, 40.6765265], [-74.078133, 40.6746455], [-74.0678594, 40.6705313], [-74.0651292, 40.6691605], [-74.0650955, 40.6680032], [-74.0665722, 40.6660181], [-74.085141, 40.6737356], [-74.0863346, 40.6751804], [-74.0880071, 40.6758792], [-74.0892473, 40.6754482], [-74.0902491, 40.6760433], [-74.0906226, 40.6757497], [-74.0912643, 40.6759044], [-74.0921032, 40.6753485], [-74.0919264, 40.6749499], [-74.0927024, 40.6751322], [-74.0948814, 40.675995], [-74.0942648, 40.6774704], [-74.0950678, 40.6758612], [-74.0959451, 40.6754314], [-74.0964667, 40.6746539], [-74.0959237, 40.6741954], [-74.0940946, 40.6739621], [-74.0915552, 40.6725119], [-74.0898788, 40.6723512], [-74.081966, 40.6696327], [-74.0682276, 40.6638239], [-74.0694807, 40.6621249], [-74.0697903, 40.6622024], [-74.0705817, 40.6606462], [-74.0768919, 40.6635266], [-74.0884696, 40.6675336], [-74.0978333, 40.6690744], [-74.1028705, 40.6695179], [-74.1033667, 40.669819], [-74.1049278, 40.6699573], [-74.1052925, 40.6697335], [-74.1054535, 40.6701037], [-74.1065371, 40.6703805], [-74.1074946, 40.6692087], [-74.101516, 40.6685007], [-74.0973712, 40.6652212], [-74.0967481, 40.6651576], [-74.0965498, 40.6663858], [-74.0918022, 40.6656656], [-74.0916755, 40.6649232], [-74.0895425, 40.6649101], [-74.0895775, 40.6640962], [-74.0904276, 40.664078], [-74.0911572, 40.6625602], [-74.090697, 40.6608865], [-74.0899675, 40.659988], [-74.0901218, 40.6592925], [-74.0897356, 40.6579577], [-74.0889976, 40.6575854], [-74.0888002, 40.6563157], [-74.0883195, 40.6562245], [-74.0884216, 40.6556958], [-74.0860553, 40.6554954], [-74.0871763, 40.6542933], [-74.08723, 40.6537971], [-74.0933807, 40.6501648], [-74.0970786, 40.6492242], [-74.1028336, 40.649798], [-74.102828, 40.6503514], [-74.1036128, 40.650603], [-74.1040999, 40.6499508], [-74.1056844, 40.6501104], [-74.1056004, 40.6507103], [-74.1059414, 40.6510331], [-74.1071627, 40.6511997], [-74.107075, 40.6519522], [-74.1073074, 40.6519689], [-74.1075612, 40.65028], [-74.1084631, 40.6503468], [-74.1084271, 40.6506771], [-74.1130769, 40.6509143], [-74.1139513, 40.6518829], [-74.1145079, 40.6517544], [-74.1141283, 40.6508451], [-74.1158441, 40.6528395], [-74.1164667, 40.6525865], [-74.1150666, 40.6503678], [-74.1164764, 40.6521448], [-74.1167373, 40.6520394], [-74.115046, 40.6495408], [-74.1158668, 40.6491942], [-74.1161346, 40.6495101], [-74.1185085, 40.6484412], [-74.1178323, 40.6474881], [-74.118534, 40.6482588], [-74.1202522, 40.6460683], [-74.1234201, 40.6458765], [-74.1233943, 40.645593], [-74.1257807, 40.6450595], [-74.1279473, 40.644867], [-74.1357472, 40.6451911], [-74.1367902, 40.6456776], [-74.1403241, 40.644849], [-74.1409849, 40.6442508], [-74.1419242, 40.6445432], [-74.1419089, 40.6440612], [-74.1437978, 40.6437827], [-74.1456493, 40.644693], [-74.1461471, 40.6466337], [-74.1449111, 40.648099], [-74.1442173, 40.6504866], [-74.143872, 40.6508767], [-74.1429603, 40.650526], [-74.1420762, 40.6510209], [-74.1423423, 40.6513204], [-74.1398176, 40.6541663], [-74.1403412, 40.6543486], [-74.1404184, 40.6547849], [-74.1394829, 40.6560416], [-74.1386246, 40.6556184], [-74.136853, 40.6577007], [-74.1358957, 40.6572893], [-74.1355265, 40.6574233], [-74.1331372, 40.6596572], [-74.133261, 40.6601116], [-74.1319924, 40.6615585], [-74.132155, 40.662166], [-74.1329347, 40.6625664], [-74.133295, 40.6632328], [-74.130988, 40.6660187], [-74.1287951, 40.6652514], [-74.1275881, 40.6659753], [-74.1276809, 40.6666802], [-74.1281228, 40.666945], [-74.1273761, 40.6674157], [-74.127853, 40.6680908], [-74.1274015, 40.6689514], [-74.1275982, 40.6692929], [-74.1268772, 40.6701647], [-74.1271055, 40.6705777], [-74.1256699, 40.6722549], [-74.1244959, 40.6716698], [-74.1232908, 40.6721855], [-74.1231854, 40.6727299], [-74.1219036, 40.6738103], [-74.1211719, 40.6752388], [-74.1197948, 40.6757707], [-74.1171721, 40.6780051], [-74.1169163, 40.678951], [-74.119167, 40.680097], [-74.1177477, 40.681762], [-74.1164453, 40.6815363], [-74.1163033, 40.6818557], [-74.1170931, 40.6824883], [-74.1136906, 40.6865069], [-74.1125329, 40.6859375], [-74.111899, 40.6862134], [-74.111881, 40.6866375], [-74.1130052, 40.6873827], [-74.1122829, 40.6884485], [-74.1124936, 40.6890981], [-74.1131264, 40.6894957], [-74.1132192, 40.6900737], [-74.1123983, 40.6907462], [-74.1113432, 40.6908263], [-74.109865, 40.6936544], [-74.1106915, 40.6946371], [-74.1103742, 40.6948695], [-74.1091879, 40.694518], [-74.1077759, 40.6960912], [-74.1083284, 40.6974419], [-74.1075554, 40.6982087], [-74.1059346, 40.6983056], [-74.1051369, 40.698805], [-74.1017914, 40.7027441], [-74.1034063, 40.703029], [-74.1045248, 40.7043532], [-74.1063722, 40.7038177], [-74.106524, 40.7093757], [-74.1078115, 40.7097205], [-74.1073964, 40.7113623], [-74.1077182, 40.7119722], [-74.1056583, 40.7124358], [-74.1039417, 40.7121105], [-74.1037807, 40.712574], [-74.1064737, 40.714233], [-74.101685, 40.7177186], [-74.1012773, 40.7176455], [-74.1015777, 40.7182391], [-74.098949, 40.718082], [-74.098516, 40.7184447], [-74.0973271, 40.7205195], [-74.0977424, 40.7207298], [-74.0968361, 40.7228655], [-74.0968014, 40.7237173], [-74.0963528, 40.7239055], [-74.0967098, 40.7242709], [-74.0963895, 40.7245217], [-74.0966842, 40.7253923], [-74.0961613, 40.7255394], [-74.0964832, 40.7255608], [-74.0963433, 40.7259203], [-74.0968769, 40.7262222], [-74.0959761, 40.7287223], [-74.0960432, 40.729889], [-74.0963355, 40.7301492], [-74.095555, 40.7303524], [-74.095327, 40.7310475], [-74.0947611, 40.7313464], [-74.0945733, 40.7318463], [-74.0947879, 40.7321573], [-74.0937606, 40.7342391], [-74.0915712, 40.7358704], [-74.0873611, 40.7382112], [-74.0795864, 40.7402334], [-74.0797552, 40.7403762], [-74.0789727, 40.7409017], [-74.0759476, 40.7426046], [-74.0760044, 40.7428816], [-74.0753375, 40.7433122], [-74.0743101, 40.7449111], [-74.0745485, 40.7450297], [-74.0737551, 40.7469076], [-74.0737818, 40.7471621], [-74.0740964, 40.7470843], [-74.073786, 40.7472088], [-74.0739167, 40.7485148], [-74.0744829, 40.7495298], [-74.0768597, 40.7515383], [-74.077004, 40.7521653], [-74.0757774, 40.7523026], [-74.0760107, 40.7524276], [-74.0778924, 40.7520644], [-74.0793986, 40.7523062], [-74.079596, 40.7524883], [-74.079257, 40.7531248], [-74.0798512, 40.7524171], [-74.0806446, 40.7523722], [-74.0807997, 40.7528459], [-74.0812085, 40.7523956], [-74.0915511, 40.7504327], [-74.092934, 40.7507057], [-74.0938495, 40.7524239], [-74.0936407, 40.7524023], [-74.0937575, 40.7534347], [-74.0932732, 40.7552831], [-74.0919606, 40.7584487], [-74.0909395, 40.7590967], [-74.086918, 40.7639261], [-74.0859924, 40.7671452], [-74.0861633, 40.770247], [-74.0875767, 40.7741263], [-74.0890769, 40.7765579], [-74.0891881, 40.7774832], [-74.0888483, 40.7775735], [-74.0878258, 40.7793038], [-74.085866, 40.7803187], [-74.0860244, 40.780782], [-74.0841016, 40.7828432], [-74.0838032, 40.7830586], [-74.0832896, 40.7827741], [-74.0836549, 40.7832226], [-74.0817696, 40.7847515], [-74.0812402, 40.7860787], [-74.0805107, 40.7859255], [-74.0797037, 40.7839224], [-74.0803914, 40.7861609], [-74.0787697, 40.7859583], [-74.0801772, 40.7866809], [-74.0797994, 40.7871446], [-74.0785344, 40.7869796], [-74.0796593, 40.7875035], [-74.0794562, 40.7880051], [-74.07827, 40.7880639], [-74.0772572, 40.7888221], [-74.0765067, 40.7882801], [-74.0758413, 40.7885202], [-74.0766667, 40.7892221], [-74.0757607, 40.7907056], [-74.0752971, 40.790766], [-74.0734812, 40.7927286], [-74.0720667, 40.7920634], [-74.0709898, 40.7934643], [-74.0739799, 40.795124], [-74.07486, 40.7988861], [-74.0755921, 40.7985284], [-74.0760377, 40.7974969], [-74.0797279, 40.7956611], [-74.080498, 40.7948259], [-74.0813203, 40.7928199], [-74.0821678, 40.7889742], [-74.0828272, 40.7889315], [-74.0846044, 40.7872155], [-74.0883808, 40.7878199], [-74.0899173, 40.787768], [-74.0913425, 40.7881941], [-74.0896769, 40.7922712], [-74.090192, 40.79309], [-74.0914278, 40.7934538], [-74.0900804, 40.7938957], [-74.090089, 40.7941167], [-74.0923206, 40.7936943], [-74.0962515, 40.7964883], [-74.093565, 40.7987625], [-74.0924069, 40.8015341], [-74.0924579, 40.8020827], [-74.0942088, 40.8027843], [-74.0945693, 40.8032197], [-74.0937368, 40.8059483], [-74.0939771, 40.8081897], [-74.0936461, 40.8090981], [-74.0941345, 40.8094135], [-74.0946036, 40.8083001], [-74.0946466, 40.8049998], [-74.0952387, 40.8035186], [-74.0955821, 40.8033561], [-74.0944663, 40.8023621], [-74.0933248, 40.8019462], [-74.0930587, 40.8014005], [-74.0943552, 40.7986558], [-74.0968441, 40.7968333], [-74.096758, 40.7960142], [-74.0931273, 40.7934345], [-74.0904065, 40.7923557], [-74.0916202, 40.7898154], [-74.0919662, 40.7881882], [-74.0911881, 40.7876091], [-74.0849788, 40.7863057], [-74.0879133, 40.7836519], [-74.088203, 40.7837149], [-74.0880581, 40.7835313], [-74.0901899, 40.780926], [-74.0906687, 40.7796192], [-74.0904896, 40.7792826], [-74.091373, 40.7782453], [-74.0914468, 40.7756343], [-74.0919113, 40.7747253], [-74.0915604, 40.7746134], [-74.0918331, 40.7741229], [-74.0913121, 40.7734147], [-74.0909174, 40.7711017], [-74.0911307, 40.7703194], [-74.0908257, 40.7703313], [-74.0895152, 40.7649996], [-74.0908487, 40.7625216], [-74.094527, 40.7590695], [-74.095421, 40.7578292], [-74.0963479, 40.7558982], [-74.0968248, 40.7538023], [-74.0967632, 40.7523786], [-74.0953425, 40.7495761], [-74.0926834, 40.7478016], [-74.0911653, 40.747318], [-74.0843551, 40.747099], [-74.0765312, 40.7478463], [-74.0761181, 40.7472245], [-74.0761127, 40.7459687], [-74.0765961, 40.7448498], [-74.0778685, 40.7435144], [-74.0794103, 40.7432119], [-74.0818033, 40.7418978], [-74.0852962, 40.7407051], [-74.0876499, 40.7406045], [-74.0914909, 40.7396127], [-74.0927247, 40.7392063], [-74.0926602, 40.7387243], [-74.0946246, 40.7375816], [-74.0950548, 40.7378745], [-74.095283, 40.7376826], [-74.0952174, 40.7371998], [-74.09836, 40.7343574], [-74.0986556, 40.7332693], [-74.099094, 40.7330196], [-74.1002241, 40.7311498], [-74.1012541, 40.7287595], [-74.1009624, 40.7282939], [-74.1011177, 40.7278435], [-74.1015814, 40.7277127], [-74.101333, 40.7271699], [-74.1032014, 40.727961], [-74.1037107, 40.7273615], [-74.1012936, 40.7261506], [-74.1022951, 40.7228396], [-74.1034771, 40.7215444], [-74.1050104, 40.7205424], [-74.1090405, 40.7213413], [-74.1092014, 40.7206329], [-74.1061477, 40.7198705], [-74.1065989, 40.7192166], [-74.1099121, 40.7193485], [-74.1134356, 40.7179822], [-74.1132653, 40.71729], [-74.1139385, 40.7175553], [-74.115981, 40.7171546], [-74.1166713, 40.7176267], [-74.1184651, 40.7202031], [-74.1184903, 40.7219758], [-74.1197209, 40.7222934], [-74.122259, 40.7222974], [-74.1226288, 40.7208204], [-74.1231738, 40.7203566], [-74.1232933, 40.7197619], [-74.1229554, 40.7194331], [-74.1234274, 40.7186265], [-74.1237112, 40.7169505], [-74.123336, 40.716653], [-74.1229233, 40.7109848], [-74.1226223, 40.7108834], [-74.1207545, 40.7063905], [-74.1206467, 40.7046326], [-74.1209852, 40.7036588], [-74.1215122, 40.7032816], [-74.1212288, 40.7029592], [-74.1214071, 40.7026084], [-74.122101, 40.702576], [-74.1227796, 40.7015939], [-74.122126, 40.7011556], [-74.1233111, 40.6988586], [-74.1238402, 40.6984209], [-74.123836, 40.697964], [-74.1242801, 40.698368], [-74.1250392, 40.6978372], [-74.124489, 40.6974078], [-74.1246687, 40.6971129], [-74.1267168, 40.6971159], [-74.1273968, 40.6966818], [-74.1261788, 40.6961815], [-74.1256303, 40.695426], [-74.1313918, 40.6886967], [-74.1320879, 40.6884011], [-74.1330403, 40.6891708], [-74.1388176, 40.6954846], [-74.1531255, 40.7002988], [-74.1543277, 40.69855], [-74.1405476, 40.6939108], [-74.1360307, 40.6891089], [-74.1442326, 40.6800426], [-74.1590334, 40.689211], [-74.160402, 40.6872426], [-74.1388881, 40.6738541], [-74.1487828, 40.6595291], [-74.1568036, 40.6627264], [-74.1569696, 40.6624893], [-74.157414, 40.6626414], [-74.1584888, 40.6617952], [-74.1580672, 40.6610428], [-74.1587656, 40.6611828], [-74.1605629, 40.6601645], [-74.1622586, 40.6584427], [-74.1626008, 40.6574996], [-74.1650518, 40.6557877], [-74.1640648, 40.6554816], [-74.1640905, 40.6549802], [-74.1674723, 40.654876], [-74.1683735, 40.6537561], [-74.1682447, 40.6546026], [-74.1690559, 40.654308], [-74.1695837, 40.6547523], [-74.1685366, 40.653424], [-74.1742202, 40.6497856], [-74.1750369, 40.6500879], [-74.1772412, 40.6493932], [-74.1785617, 40.6497899], [-74.1800634, 40.6489308], [-74.1801485, 40.6478105], [-74.1845245, 40.6471684], [-74.1859711, 40.6463417], [-74.1863055, 40.6466737], [-74.1874039, 40.6458659], [-74.1871749, 40.6456661], [-74.1892898, 40.6442937], [-74.1907015, 40.6444441], [-74.1908811, 40.6442155], [-74.1902811, 40.6437935], [-74.1951989, 40.6400793], [-74.1969914, 40.6383732], [-74.1980136, 40.6365061], [-74.1999826, 40.6374052], [-74.2003181, 40.6371348], [-74.1985114, 40.6357416], [-74.1987633, 40.6353383], [-74.2005916, 40.6343396], [-74.2041752, 40.6344638], [-74.2049685, 40.6341345], [-74.2032451, 40.6338296], [-74.20308, 40.6330214], [-74.2046897, 40.6294657], [-74.2044373, 40.6278432], [-74.2061942, 40.6267577], [-74.206733, 40.6241058], [-74.2074778, 40.6238682], [-74.2074531, 40.623594], [-74.2060503, 40.6232823], [-74.2055427, 40.6226023], [-74.205261, 40.6201165], [-74.2058465, 40.6196191], [-74.205147, 40.6192868], [-74.2048627, 40.6178708], [-74.2053978, 40.6133447], [-74.2051082, 40.6131309], [-74.2052691, 40.6111894], [-74.2059662, 40.610335], [-74.2057909, 40.6093283], [-74.2067203, 40.6064808], [-74.2058968, 40.6044608], [-74.2041173, 40.6029938], [-74.203665, 40.6031308], [-74.2012194, 40.6009046], [-74.2012226, 40.5998566], [-74.2014444, 40.5998577], [-74.2017904, 40.5977652], [-74.2028303, 40.5960327], [-74.2032254, 40.5960004], [-74.2036105, 40.5951034], [-74.2045369, 40.5946189], [-74.207248, 40.5913624], [-74.2084348, 40.5907238], [-74.2095137, 40.5886147], [-74.2096235, 40.5870077], [-74.2101562, 40.5859633], [-74.2097877, 40.5855845], [-74.2099453, 40.5844849], [-74.2104539, 40.5831669], [-74.2107764, 40.5830532], [-74.2111173, 40.5817825], [-74.2107761, 40.5816626], [-74.21182, 40.5778776], [-74.2123595, 40.577152], [-74.2125361, 40.5756061], [-74.2121263, 40.574491], [-74.2125819, 40.5726786], [-74.2131459, 40.5721443], [-74.2126808, 40.5714306], [-74.2128632, 40.5709906], [-74.2142625, 40.5712568], [-74.214627, 40.5709082], [-74.2147454, 40.5690316], [-74.2138562, 40.568302], [-74.2151857, 40.565704], [-74.2152274, 40.564984], [-74.2154218, 40.5646393], [-74.2167259, 40.5641402], [-74.2169059, 40.5637446], [-74.2166467, 40.5627109], [-74.2172962, 40.5621258], [-74.2175819, 40.5612148], [-74.2204698, 40.5591402], [-74.2211364, 40.5591273], [-74.2218791, 40.5597597], [-74.2222492, 40.5596869], [-74.2235514, 40.5608], [-74.2243844, 40.5611141], [-74.2250941, 40.5610419], [-74.2288484, 40.5622329], [-74.229967, 40.5622073], [-74.2319795, 40.562995], [-74.2331013, 40.5616892], [-74.2343975, 40.5616973], [-74.2351922, 40.5603405], [-74.2373429, 40.5599887], [-74.2369725, 40.5594865], [-74.2380902, 40.5588233], [-74.2422702, 40.5571409], [-74.2426736, 40.55733], [-74.2477416, 40.5547118], [-74.2483472, 40.5553163], [-74.2486252, 40.5552498], [-74.2507508, 40.5538408], [-74.2518386, 40.5536786], [-74.2545435, 40.5497125], [-74.255653, 40.5535834], [-74.2553535, 40.5555826], [-74.2549458, 40.5559087], [-74.2524567, 40.5556091], [-74.2507822, 40.5567788], [-74.2510942, 40.5570274], [-74.2528876, 40.5558699], [-74.2544324, 40.5563492], [-74.2552301, 40.5561878], [-74.2550853, 40.5564772], [-74.2553455, 40.5565302], [-74.2559758, 40.555766], [-74.256235, 40.5541133], [-74.255197, 40.5501759], [-74.2549666, 40.5474619], [-74.2543599, 40.5457976], [-74.2537171, 40.5453581], [-74.2541562, 40.5451139], [-74.2537366, 40.542969], [-74.2545952, 40.5402781], [-74.253866, 40.5375052], [-74.2546581, 40.5370966], [-74.2539082, 40.5340766], [-74.2532968, 40.5341524], [-74.2531346, 40.5334855], [-74.2531167, 40.5329824], [-74.2537104, 40.5327567], [-74.2535796, 40.5312605], [-74.2532265, 40.5308549], [-74.253165, 40.5299059], [-74.2521107, 40.5281596], [-74.251856, 40.5269559], [-74.2521526, 40.5266922], [-74.2515719, 40.5264738], [-74.2514586, 40.5254564], [-74.2508621, 40.5244935], [-74.2510894, 40.5242949], [-74.2503584, 40.5241531], [-74.2500714, 40.5231276], [-74.2509726, 40.5221755], [-74.2509914, 40.5215129], [-74.2517839, 40.5210042], [-74.2524866, 40.5208128], [-74.2545841, 40.5210494], [-74.2551389, 40.5198581], [-74.2562257, 40.5194159], [-74.2563321, 40.5185985], [-74.2560888, 40.5182839], [-74.256508, 40.5168798], [-74.254979, 40.5168952], [-74.2556805, 40.5162617], [-74.2557423, 40.5166658], [-74.256642, 40.5167859], [-74.2577784, 40.5161144], [-74.2592, 40.5130907], [-74.2601781, 40.5131127], [-74.261085, 40.5105181], [-74.2606068, 40.510375], [-74.2612076, 40.5094762], [-74.2612209, 40.5085792], [-74.2609508, 40.5084873], [-74.2623473, 40.5061457], [-74.2630053, 40.5040239], [-74.2626257, 40.5039124], [-74.2639454, 40.5022715], [-74.2643841, 40.5023912], [-74.2662328, 40.5004517], [-74.2660767, 40.49982], [-74.2693119, 40.4988621], [-74.2721509, 40.4992841], [-74.2721132, 40.4996127], [-74.2724873, 40.4997053], [-74.2735959, 40.4994704], [-74.2739271, 40.4997868], [-74.2748601, 40.4996567], [-74.2747602, 40.4998872], [-74.2751296, 40.5000265], [-74.2773783, 40.5000756], [-74.2781933, 40.5006709], [-74.282545, 40.4929404], [-74.282518, 40.4925921], [-74.282199, 40.4928469], [-74.2808189, 40.4919762], [-74.2802375, 40.4921564], [-74.2793623, 40.4912485], [-74.2768584, 40.4907698], [-74.2766134, 40.4904231], [-74.276909, 40.4893023], [-74.2756505, 40.4897714], [-74.2754206, 40.4895723], [-74.2762154, 40.4891987], [-74.2759957, 40.4888555], [-74.2729266, 40.4900918], [-74.2722785, 40.4895465], [-74.2723093, 40.489289], [-74.2753705, 40.4883892], [-74.2748654, 40.4873705], [-74.2743096, 40.4875365], [-74.2748154, 40.4873072], [-74.2745698, 40.4869325], [-74.2754437, 40.4863376], [-74.2743708, 40.4851055], [-74.2745532, 40.4846444], [-74.27388, 40.4845118], [-74.2738566, 40.4839937], [-74.2721132, 40.4846373], [-74.2721508, 40.4848583], [-74.2704923, 40.4849505], [-74.268351, 40.480392], [-74.2658167, 40.4734724], [-74.2660556, 40.4718], [-74.265149, 40.4688128], [-74.2639645, 40.467779], [-74.2618915, 40.4647312], [-74.2609454, 40.4642083], [-74.2601783, 40.4645692], [-74.2585344, 40.4640011], [-74.2571396, 40.4656336], [-74.259808, 40.4621638], [-74.2649394, 40.460611], [-74.2659481, 40.4597412], [-74.2673579, 40.4577518], [-74.2670251, 40.4576441], [-74.2673523, 40.4572691], [-74.2688276, 40.4562043], [-74.2711916, 40.4552817], [-74.2695069, 40.4547211], [-74.2669435, 40.4568058], [-74.2647855, 40.4598358], [-74.263853, 40.4603834], [-74.2597473, 40.4610673], [-74.2588992, 40.4617727], [-74.2584341, 40.4628935], [-74.2564878, 40.4653036], [-74.2578209, 40.463347], [-74.2549484, 40.4622832], [-74.2532854, 40.4624763], [-74.2507095, 40.4615681], [-74.2501632, 40.461993], [-74.248202, 40.4601341], [-74.2474845, 40.459913], [-74.2463416, 40.4588664], [-74.2455235, 40.4590431], [-74.2448848, 40.4583468], [-74.23609, 40.4573744], [-74.2329994, 40.454606], [-74.2299044, 40.4527732], [-74.228559, 40.4525136], [-74.2259707, 40.4526948], [-74.2255426, 40.4532251], [-74.2246862, 40.4534671], [-74.2184374, 40.4503621], [-74.2172586, 40.4503656], [-74.2099667, 40.4472655], [-74.2084223, 40.4457699], [-74.2087321, 40.445019], [-74.2068884, 40.4395904], [-74.2071271, 40.4389201], [-74.2082053, 40.4383852], [-74.210273, 40.4383132], [-74.2124565, 40.4373981], [-74.2138589, 40.435616], [-74.2131706, 40.4353842], [-74.2121514, 40.4365086], [-74.2106817, 40.4372989], [-74.2091628, 40.4373129], [-74.2092711, 40.4364833], [-74.2086976, 40.4359846], [-74.2082684, 40.4358287], [-74.2079381, 40.4363352], [-74.2071038, 40.4359774], [-74.2066272, 40.4366746], [-74.2053376, 40.4372454], [-74.2031584, 40.4391587], [-74.1987002, 40.4393197], [-74.196602, 40.4400047], [-74.1966776, 40.4402609], [-74.1964853, 40.4400797], [-74.1961164, 40.4403442], [-74.1963835, 40.4406556], [-74.1943889, 40.4410791], [-74.1923298, 40.442063], [-74.1891873, 40.4452237], [-74.1893821, 40.4460144], [-74.1881651, 40.4469792], [-74.1883727, 40.4473332], [-74.1871702, 40.4471273], [-74.1862668, 40.4479411], [-74.1859313, 40.4493872], [-74.1863216, 40.4511647], [-74.1852257, 40.4528083], [-74.1853577, 40.4530212], [-74.1834949, 40.4548172], [-74.1823118, 40.4564506], [-74.1812552, 40.4572411], [-74.180156, 40.4575597], [-74.1778144, 40.4574807], [-74.1748991, 40.4555728], [-74.1733971, 40.4557188], [-74.1735126, 40.4554482], [-74.1694697, 40.4522254], [-74.1644997, 40.4495167], [-74.1657768, 40.4478988], [-74.164237, 40.4480457], [-74.1636149, 40.4486145], [-74.16216, 40.4486243], [-74.1615225, 40.4478098], [-74.1601639, 40.4480011], [-74.1588161, 40.4475403], [-74.1585131, 40.4467427], [-74.156353, 40.4473684], [-74.1552645, 40.4483172], [-74.155727, 40.4501867], [-74.1563052, 40.4511133], [-74.1560783, 40.4521969], [-74.1550072, 40.448737], [-74.1542055, 40.4483683], [-74.1516192, 40.4480383], [-74.1479289, 40.4488973], [-74.1475441, 40.4492184], [-74.1474021, 40.4502185], [-74.1455643, 40.4513043], [-74.1398254, 40.4561954], [-74.1371204, 40.4575508], [-74.134941, 40.4568206], [-74.1343913, 40.4569465], [-74.1317933, 40.4556609], [-74.1222516, 40.4499657], [-74.1189709, 40.4485115], [-74.1189709, 40.3], [-74.6, 40.3], [-74.6, 41.7], [-71.5, 41.7], [-71.5, 41.3423117], [-71.6910374, 41.3423117], [-71.6926004, 41.3419141]]], [[[-72.8547643, 41.2474841], [-72.8548651, 41.248309], [-72.85525, 41.2484951], [-72.8567038, 41.248242], [-72.8570124, 41.2476502], [-72.8578812, 41.2480567], [-72.8581817, 41.2478629], [-72.857599, 41.2488896], [-72.8566084, 41.2492914], [-72.856631, 41.2497541], [-72.8572779, 41.2503637], [-72.8566844, 41.2513038], [-72.8566408, 41.2520489], [-72.8560601, 41.2524829], [-72.8559821, 41.251932], [-72.8544507, 41.250887], [-72.8502741, 41.2510327], [-72.8505193, 41.2501071], [-72.8514385, 41.2498439], [-72.8512736, 41.2489903], [-72.8518292, 41.2488137], [-72.8517782, 41.2492049], [-72.8521681, 41.2493952], [-72.8526029, 41.2490771], [-72.8531588, 41.2493653], [-72.8540551, 41.2489828], [-72.8541702, 41.2483961], [-72.8545063, 41.2484981], [-72.8540962, 41.2475523], [-72.8545453, 41.2472231], [-72.8547643, 41.2474841]]], [[[-72.752506, 40.7738925], [-72.7541834, 40.7747175], [-72.756108, 40.7750532], [-72.7568724, 40.7764632], [-72.7547998, 40.7761831], [-72.7547748, 40.7757491], [-72.7552703, 40.7753605], [-72.754133, 40.7754411], [-72.7536566, 40.7760033], [-72.7517271, 40.7757038], [-72.7496498, 40.7760194], [-72.7481495, 40.7758033], [-72.747337, 40.7750217], [-72.747897, 40.7737846], [-72.7496349, 40.7736157], [-72.752506, 40.7738925]]], [[[-72.5899065, 40.8116693], [-72.5881543, 40.8122077], [-72.5868656, 40.8130385], [-72.5866663, 40.8126108], [-72.5857394, 40.8127678], [-72.5853898, 40.8135185], [-72.5841905, 40.8145277], [-72.5835391, 40.8143503], [-72.5826645, 40.8148445], [-72.5823934, 40.8160659], [-72.580808, 40.8172476], [-72.5798364, 40.8188321], [-72.5778158, 40.8184506], [-72.5767385, 40.8191737], [-72.5755514, 40.8194321], [-72.5733905, 40.8188554], [-72.5716475, 40.8187876], [-72.5712023, 40.8188404], [-72.5704995, 40.8196239], [-72.5696359, 40.8190352], [-72.569314, 40.8180568], [-72.5705317, 40.8175656], [-72.5707141, 40.816916], [-72.567871, 40.8176468], [-72.5669429, 40.8174073], [-72.5663421, 40.8176509], [-72.5680909, 40.8177848], [-72.5703976, 40.8203709], [-72.5707141, 40.8202694], [-72.5703279, 40.8199446], [-72.5711486, 40.8198593], [-72.5708804, 40.8194615], [-72.5716207, 40.8192301], [-72.5726128, 40.8194464], [-72.572971, 40.8199466], [-72.5727028, 40.8207179], [-72.5709862, 40.8215217], [-72.5672633, 40.8215542], [-72.5666187, 40.8221614], [-72.5654232, 40.8224972], [-72.5645811, 40.8221063], [-72.5634882, 40.8202856], [-72.5648722, 40.8198796], [-72.5651727, 40.8211868], [-72.5658432, 40.8214263], [-72.5653497, 40.8209067], [-72.5655053, 40.8205373], [-72.56506, 40.8197944], [-72.567136, 40.8191692], [-72.5686756, 40.8208215], [-72.5691799, 40.8208702], [-72.5673613, 40.8185887], [-72.5651941, 40.8189053], [-72.5632093, 40.8196401], [-72.5628598, 40.8205666], [-72.5622744, 40.8207179], [-72.561334, 40.8203228], [-72.5612566, 40.8191814], [-72.5611493, 40.8195102], [-72.5586978, 40.8206185], [-72.5589821, 40.8209189], [-72.5600121, 40.8203343], [-72.5602642, 40.8208824], [-72.5613562, 40.8216672], [-72.5617629, 40.8227117], [-72.5623915, 40.8231407], [-72.5624284, 40.8238588], [-72.5617872, 40.8243641], [-72.559766, 40.8241682], [-72.5594086, 40.8233755], [-72.557979, 40.8228626], [-72.5573505, 40.8221118], [-72.5569651, 40.8208215], [-72.5581882, 40.8205901], [-72.556595, 40.8206307], [-72.5561175, 40.8210975], [-72.5552699, 40.8205454], [-72.5564342, 40.8219679], [-72.555742, 40.8229121], [-72.5550876, 40.8227213], [-72.5550983, 40.8230948], [-72.5563214, 40.8233424], [-72.5564138, 40.8238605], [-72.5573382, 40.824392], [-72.5568241, 40.8254106], [-72.5555265, 40.8252594], [-72.5554033, 40.8244946], [-72.5531536, 40.8249344], [-72.5525732, 40.8247255], [-72.5520812, 40.8257673], [-72.5513875, 40.8259708], [-72.5511327, 40.8255584], [-72.5515326, 40.8253602], [-72.549707, 40.8223397], [-72.5514719, 40.8220068], [-72.5499806, 40.822157], [-72.5494817, 40.8223072], [-72.5501791, 40.8237402], [-72.5500504, 40.8245277], [-72.5503883, 40.8240244], [-72.5505332, 40.8242111], [-72.5503612, 40.8249049], [-72.5493998, 40.8249235], [-72.5490871, 40.8240144], [-72.5488838, 40.8240657], [-72.5485041, 40.8242997], [-72.548665, 40.8250425], [-72.5483968, 40.8256596], [-72.5468411, 40.8253511], [-72.5462457, 40.8247746], [-72.5461116, 40.8240927], [-72.5441267, 40.8243646], [-72.5427374, 40.8240602], [-72.5419381, 40.8247462], [-72.5423458, 40.8254891], [-72.5421365, 40.825619], [-72.5410207, 40.825688], [-72.5378718, 40.826926], [-72.5370672, 40.8261791], [-72.5340631, 40.8265161], [-72.5317997, 40.8278856], [-72.5319398, 40.828194], [-72.529392, 40.829066], [-72.5291687, 40.8288603], [-72.5273147, 40.829187], [-72.5262974, 40.8302235], [-72.526699, 40.8313119], [-72.5264842, 40.8323507], [-72.5258864, 40.8330433], [-72.5249057, 40.8334955], [-72.5235047, 40.833545], [-72.5219169, 40.8326475], [-72.5213659, 40.8318631], [-72.522879, 40.8304355], [-72.5221785, 40.8303578], [-72.5211697, 40.8306476], [-72.5207121, 40.8318914], [-72.5198154, 40.8319903], [-72.5186573, 40.8328878], [-72.5162102, 40.8337994], [-72.5144342, 40.8341716], [-72.5120925, 40.8332795], [-72.5113519, 40.8333915], [-72.5105632, 40.833859], [-72.5091566, 40.8362213], [-72.5086524, 40.8364366], [-72.5047252, 40.8367934], [-72.5029852, 40.836572], [-72.501424, 40.8374025], [-72.4980081, 40.8378637], [-72.4977935, 40.8387899], [-72.4989189, 40.8403399], [-72.4987322, 40.8406235], [-72.4998268, 40.843035], [-72.4991078, 40.8417639], [-72.4974555, 40.8409116], [-72.496726, 40.8408751], [-72.4949728, 40.8415315], [-72.4927412, 40.8407442], [-72.4902736, 40.8404682], [-72.4884567, 40.8410955], [-72.4842654, 40.8413854], [-72.4825595, 40.8418643], [-72.4823439, 40.8425114], [-72.4821105, 40.842132], [-72.4812399, 40.8423675], [-72.4810468, 40.8419779], [-72.4804674, 40.8421321], [-72.4806391, 40.8424568], [-72.4795555, 40.8427733], [-72.47966, 40.8433334], [-72.4787508, 40.8435363], [-72.477914, 40.8421565], [-72.4777244, 40.8396292], [-72.477904, 40.8404447], [-72.4786162, 40.8407537], [-72.4802301, 40.8409358], [-72.4814617, 40.8406466], [-72.487266, 40.838194], [-72.490133, 40.8366526], [-72.4937701, 40.8353295], [-72.4999284, 40.8343798], [-72.5211806, 40.8283987], [-72.529863, 40.8262736], [-72.5388571, 40.8231306], [-72.5425139, 40.8224061], [-72.5469758, 40.820659], [-72.5660597, 40.8151671], [-72.5721101, 40.8137811], [-72.593262, 40.8072158], [-72.5985781, 40.8061154], [-72.6186628, 40.7999627], [-72.6224394, 40.7990855], [-72.6329536, 40.7956743], [-72.654583, 40.7904109], [-72.6950665, 40.7793406], [-72.7102992, 40.7757205], [-72.7183524, 40.7732237], [-72.7452314, 40.7663635], [-72.752939, 40.763553], [-72.7531367, 40.7631304], [-72.7532254, 40.7646695], [-72.7526151, 40.7656458], [-72.7480964, 40.7675921], [-72.7475176, 40.7672869], [-72.7455954, 40.7677449], [-72.7414941, 40.7694204], [-72.7396706, 40.770996], [-72.7379989, 40.77379], [-72.7368594, 40.7746486], [-72.7345556, 40.7742777], [-72.7346209, 40.7740336], [-72.7355429, 40.774074], [-72.7340006, 40.7735874], [-72.7335479, 40.7731119], [-72.7320192, 40.7729087], [-72.7324665, 40.7731181], [-72.732373, 40.773627], [-72.7318783, 40.7736782], [-72.7313644, 40.774277], [-72.7325553, 40.774537], [-72.7327806, 40.7756826], [-72.7320189, 40.7774862], [-72.7298946, 40.778908], [-72.7293045, 40.7788755], [-72.7272633, 40.7764624], [-72.7276359, 40.7755009], [-72.7271612, 40.7753778], [-72.7271136, 40.7735504], [-72.7268753, 40.7735763], [-72.7269442, 40.7765276], [-72.7260751, 40.7765438], [-72.7251681, 40.775768], [-72.7251242, 40.774291], [-72.7249156, 40.774291], [-72.7249266, 40.7757596], [-72.7232347, 40.7752728], [-72.7221276, 40.7753007], [-72.7195251, 40.7760332], [-72.7173972, 40.7776182], [-72.7117435, 40.7786673], [-72.7107216, 40.7794279], [-72.7097979, 40.7794713], [-72.7090739, 40.7790619], [-72.707642, 40.7792433], [-72.7064499, 40.7799802], [-72.7056758, 40.7813364], [-72.7054226, 40.7824935], [-72.7043504, 40.7836366], [-72.7030647, 40.7819995], [-72.7033452, 40.7816451], [-72.704067, 40.7819476], [-72.705223, 40.7807878], [-72.705094, 40.7800425], [-72.7041071, 40.7795602], [-72.7034415, 40.7799886], [-72.702078, 40.7801063], [-72.6964842, 40.7819322], [-72.6933668, 40.7824249], [-72.6900194, 40.7834972], [-72.6883952, 40.7849354], [-72.6867364, 40.78552], [-72.6863287, 40.7871772], [-72.6846443, 40.7882332], [-72.6841615, 40.7881438], [-72.6836036, 40.7871203], [-72.6832817, 40.7871609], [-72.6837967, 40.7882007], [-72.6832924, 40.7883469], [-72.6809428, 40.7860643], [-72.6797841, 40.7860399], [-72.6753913, 40.7873623], [-72.6751171, 40.7878839], [-72.6753317, 40.788355], [-72.6764367, 40.7883794], [-72.6736794, 40.7900284], [-72.6727675, 40.7900609], [-72.6729713, 40.7897847], [-72.6724644, 40.7890475], [-72.6701228, 40.7887652], [-72.6698787, 40.7898009], [-72.6704688, 40.7904244], [-72.6725609, 40.7903472], [-72.6718937, 40.7909918], [-72.6694636, 40.7909268], [-72.6676987, 40.7894505], [-72.6655717, 40.7899906], [-72.6641904, 40.7914629], [-72.6645873, 40.7917452], [-72.6646115, 40.7932032], [-72.6623262, 40.7913025], [-72.6606284, 40.792198], [-72.6596674, 40.7931566], [-72.6586897, 40.7931951], [-72.6572333, 40.7926915], [-72.6550379, 40.7929232], [-72.6513123, 40.7939698], [-72.6495421, 40.7952572], [-72.648437, 40.7950034], [-72.6477074, 40.7954125], [-72.6464099, 40.7953435], [-72.6452455, 40.7960815], [-72.6433832, 40.7965632], [-72.6429539, 40.7962857], [-72.64205, 40.7969009], [-72.63802, 40.7973243], [-72.6332885, 40.7985319], [-72.6303787, 40.7998791], [-72.6284766, 40.8002194], [-72.6248927, 40.802308], [-72.6240675, 40.8020793], [-72.6240842, 40.8014764], [-72.6237507, 40.8012248], [-72.6228342, 40.8017447], [-72.6229225, 40.8019803], [-72.6221582, 40.8021967], [-72.6187805, 40.802475], [-72.6171207, 40.8031206], [-72.6137306, 40.8058348], [-72.6127023, 40.8059111], [-72.6121199, 40.8065032], [-72.6106787, 40.8063085], [-72.6111985, 40.8060948], [-72.6109194, 40.8056758], [-72.6104402, 40.8057825], [-72.6102752, 40.8062488], [-72.6080596, 40.8059212], [-72.6013518, 40.8079805], [-72.600415, 40.8082213], [-72.6006212, 40.8079359], [-72.6001617, 40.8079805], [-72.599306, 40.8085121], [-72.5967932, 40.8087671], [-72.5944218, 40.8104797], [-72.5905448, 40.8119554], [-72.5899065, 40.8116693]]], [[[-72.5228067, 40.8339171], [-72.524746, 40.8342012], [-72.5242095, 40.8345259], [-72.524379, 40.8352639], [-72.5239806, 40.8360925], [-72.5212698, 40.8366546], [-72.5215166, 40.8362894], [-72.5209158, 40.8364679], [-72.5195532, 40.8354188], [-72.5209064, 40.8365927], [-72.520779, 40.8368393], [-72.5179657, 40.8374068], [-72.5169354, 40.8372736], [-72.5180619, 40.8364395], [-72.516525, 40.8373405], [-72.5154904, 40.8369843], [-72.5154173, 40.8366425], [-72.5163668, 40.8361453], [-72.5170726, 40.8347119], [-72.5180378, 40.8342387], [-72.5185018, 40.8346187], [-72.5180646, 40.8349556], [-72.518542, 40.8346573], [-72.5190597, 40.8350028], [-72.5186453, 40.8345862], [-72.5192622, 40.8341266], [-72.518589, 40.8345446], [-72.5183087, 40.8341606], [-72.520539, 40.8328893], [-72.521062, 40.8328645], [-72.522855, 40.8338196], [-72.5218948, 40.8345218], [-72.5228067, 40.8339171]]], [[[-72.4691003, 40.9708921], [-72.471867, 40.9773992], [-72.4716174, 40.9801916], [-72.4707557, 40.9835188], [-72.4712136, 40.9850082], [-72.4704414, 40.9835401], [-72.4714926, 40.9781813], [-72.4703437, 40.9767984], [-72.4676338, 40.9760021], [-72.4623529, 40.9773601], [-72.4609073, 40.9773672], [-72.4591721, 40.976674], [-72.458454, 40.9758652], [-72.4567447, 40.9720612], [-72.455584, 40.9648933], [-72.4543785, 40.9610247], [-72.4526245, 40.9572447], [-72.4509859, 40.9560925], [-72.452508, 40.9568108], [-72.4575181, 40.9602993], [-72.4618879, 40.961903], [-72.4645813, 40.9639866], [-72.4681831, 40.9683049], [-72.4691003, 40.9708921]]], [[[-72.3715405, 41.0508661], [-72.373343, 41.0519017], [-72.3734932, 41.0526218], [-72.3726563, 41.056133], [-72.372549, 41.0578562], [-72.3730533, 41.0598949], [-72.3736434, 41.06072], [-72.375596, 41.06216], [-72.3775594, 41.0644331], [-72.3788147, 41.0649265], [-72.3821621, 41.06779], [-72.3845091, 41.0690071], [-72.3840304, 41.0716121], [-72.3822943, 41.0723774], [-72.3804885, 41.0719032], [-72.3783698, 41.0704122], [-72.376034, 41.0699466], [-72.3660417, 41.0738327], [-72.3649296, 41.0748782], [-72.3638694, 41.0766224], [-72.363926, 41.0778244], [-72.3631184, 41.0814345], [-72.3619382, 41.0831085], [-72.3594598, 41.0853243], [-72.3582935, 41.0869799], [-72.3584084, 41.087257], [-72.3536752, 41.0879744], [-72.3515516, 41.0872528], [-72.3515586, 41.0869993], [-72.352124, 41.0870107], [-72.3523978, 41.0864891], [-72.353736, 41.0871706], [-72.3542734, 41.0867908], [-72.3525097, 41.0833074], [-72.3526945, 41.0827673], [-72.3531588, 41.0825552], [-72.3527543, 41.0814911], [-72.3538782, 41.0800111], [-72.3540268, 41.0790836], [-72.3531191, 41.0794127], [-72.3516171, 41.0809169], [-72.3518531, 41.0813779], [-72.3515616, 41.0830737], [-72.3516917, 41.0833691], [-72.352315, 41.0834141], [-72.3525974, 41.0839408], [-72.3514536, 41.0840758], [-72.3512946, 41.0844528], [-72.350904, 41.0839605], [-72.3502839, 41.0839465], [-72.3454165, 41.0846288], [-72.3428359, 41.084087], [-72.342283, 41.0848633], [-72.3425512, 41.0856397], [-72.3438816, 41.0869658], [-72.344618, 41.090548], [-72.347464, 41.093027], [-72.348311, 41.094611], [-72.348215, 41.095027], [-72.346567, 41.095715], [-72.342982, 41.096484], [-72.339877, 41.098181], [-72.3391954, 41.0991841], [-72.3386536, 41.1023836], [-72.3365973, 41.1046325], [-72.3351158, 41.1071998], [-72.3339437, 41.1072806], [-72.3303254, 41.1060276], [-72.3254867, 41.1020643], [-72.3241348, 41.1012336], [-72.3227884, 41.1013023], [-72.3213936, 41.100413], [-72.3211039, 41.0997217], [-72.321745, 41.0985918], [-72.3216645, 41.097561], [-72.3202885, 41.0928633], [-72.3188133, 41.0902637], [-72.316452, 41.088341], [-72.3145432, 41.0875831], [-72.3121909, 41.0874922], [-72.3078565, 41.0865117], [-72.3049517, 41.0851713], [-72.3018564, 41.0822621], [-72.2990213, 41.0811926], [-72.2969158, 41.0810713], [-72.2957866, 41.0815181], [-72.2933404, 41.0817668], [-72.2888235, 41.0802383], [-72.285975, 41.0805112], [-72.2840546, 41.0800058], [-72.2821904, 41.0805274], [-72.2805275, 41.0806062], [-72.2782664, 41.079383], [-72.2769601, 41.0780344], [-72.2765363, 41.0769305], [-72.2765927, 41.0756142], [-72.2776441, 41.0741867], [-72.2787036, 41.0739056], [-72.2787679, 41.0732505], [-72.2782476, 41.0730786], [-72.27935, 41.0724942], [-72.280005, 41.069893], [-72.2808359, 41.0692043], [-72.2813026, 41.0693923], [-72.2796155, 41.0730827], [-72.2804443, 41.0744253], [-72.282369, 41.074562], [-72.285763, 41.074086], [-72.2868789, 41.0732485], [-72.2889174, 41.072747], [-72.290001, 41.074397], [-72.2922031, 41.0752482], [-72.2939707, 41.076611], [-72.2954781, 41.0772419], [-72.2960816, 41.0786471], [-72.296154, 41.0800422], [-72.2970096, 41.0804991], [-72.3032324, 41.0813584], [-72.3037822, 41.0808286], [-72.3041577, 41.0796155], [-72.3033397, 41.0771873], [-72.305496, 41.074596], [-72.305716, 41.074211], [-72.305481, 41.073585], [-72.306793, 41.075298], [-72.30821, 41.078819], [-72.307894, 41.0817203], [-72.3086549, 41.0832683], [-72.3103959, 41.0849126], [-72.3105469, 41.0862089], [-72.3120828, 41.0867428], [-72.315589, 41.0861777], [-72.3187865, 41.0868579], [-72.3199023, 41.086773], [-72.3220105, 41.0887178], [-72.3232443, 41.0890008], [-72.3236359, 41.0882892], [-72.323913, 41.085491], [-72.32349, 41.0840725], [-72.3227066, 41.083236], [-72.3235382, 41.0831882], [-72.3231339, 41.0829231], [-72.3226324, 41.0831347], [-72.3222172, 41.0819141], [-72.3215482, 41.0814545], [-72.320314, 41.077495], [-72.319241, 41.0762092], [-72.3186504, 41.0764785], [-72.318244, 41.075283], [-72.316932, 41.074131], [-72.315033, 41.073124], [-72.3126606, 41.0712064], [-72.3113352, 41.070768], [-72.3104619, 41.0696629], [-72.3102774, 41.0687423], [-72.3109679, 41.0683178], [-72.3112964, 41.0688368], [-72.3106479, 41.0688766], [-72.3115117, 41.0695098], [-72.3120713, 41.0694562], [-72.3120109, 41.0688902], [-72.3122487, 41.0688753], [-72.3124983, 41.0696605], [-72.3119641, 41.0696619], [-72.3120169, 41.069718], [-72.3126165, 41.0697987], [-72.3125801, 41.0694509], [-72.3129697, 41.0694095], [-72.3140144, 41.0700332], [-72.3147531, 41.0700168], [-72.3147556, 41.0703501], [-72.3142706, 41.0701427], [-72.3144559, 41.0706051], [-72.3153734, 41.0711714], [-72.3172767, 41.0711243], [-72.3168674, 41.0708579], [-72.3173316, 41.0697242], [-72.3176672, 41.0706627], [-72.3179904, 41.0704554], [-72.3178308, 41.0699651], [-72.318795, 41.0704008], [-72.3192053, 41.0701277], [-72.3181646, 41.0689386], [-72.3172848, 41.0687122], [-72.3169307, 41.0682592], [-72.3156862, 41.0683886], [-72.3154072, 41.0687607], [-72.3149459, 41.0683077], [-72.3151068, 41.0679033], [-72.316566, 41.0677253], [-72.3209004, 41.0690681], [-72.3213502, 41.0689007], [-72.3210399, 41.0688659], [-72.3204176, 41.0675555], [-72.31957, 41.0672157], [-72.3194735, 41.0668436], [-72.3188512, 41.0668436], [-72.318583, 41.0671672], [-72.3191409, 41.0677496], [-72.3186903, 41.067782], [-72.3167269, 41.067062], [-72.3131707, 41.0665793], [-72.31385, 41.065716], [-72.31353, 41.064483], [-72.3139052, 41.0639316], [-72.313519, 41.063519], [-72.3130898, 41.0635271], [-72.3121779, 41.0645463], [-72.3124116, 41.0655601], [-72.3108333, 41.0662924], [-72.3075537, 41.0661076], [-72.3039167, 41.0663502], [-72.3010199, 41.0679599], [-72.2991316, 41.0697232], [-72.2981854, 41.0693572], [-72.2994857, 41.0691975], [-72.3004942, 41.0681298], [-72.3002903, 41.0671753], [-72.2993247, 41.0656465], [-72.2985737, 41.0648457], [-72.2962134, 41.0649751], [-72.2953229, 41.0633168], [-72.2942285, 41.0630094], [-72.2905485, 41.0643765], [-72.2874479, 41.0664635], [-72.2845404, 41.0675069], [-72.2831494, 41.069048], [-72.2826626, 41.0691926], [-72.283136, 41.0690005], [-72.283011, 41.0681454], [-72.2822766, 41.0665741], [-72.2809538, 41.0648529], [-72.2793313, 41.0612348], [-72.2750814, 41.0542918], [-72.2729947, 41.0517149], [-72.2761919, 41.0508735], [-72.2796895, 41.0490571], [-72.2809152, 41.0463283], [-72.2807168, 41.0443155], [-72.2790243, 41.0408319], [-72.274348, 41.0339377], [-72.2730498, 41.0321572], [-72.2701113, 41.029421], [-72.2698955, 41.0263865], [-72.2701745, 41.0259333], [-72.2749842, 41.02731], [-72.2757493, 41.026912], [-72.2760646, 41.0263622], [-72.2772674, 41.0261957], [-72.2801952, 41.0275035], [-72.281398, 41.0284903], [-72.2817682, 41.0292834], [-72.2799282, 41.0343579], [-72.2784464, 41.0352245], [-72.2779207, 41.036228], [-72.2781526, 41.0377568], [-72.2791664, 41.038995], [-72.2812264, 41.0401239], [-72.2836404, 41.0403181], [-72.2841649, 41.0399343], [-72.2842722, 41.0383725], [-72.2851478, 41.0383516], [-72.2866605, 41.0398892], [-72.2890787, 41.0413747], [-72.2978468, 41.0445959], [-72.3019023, 41.0473349], [-72.3024709, 41.0480247], [-72.3025112, 41.0488439], [-72.3042949, 41.050984], [-72.3099463, 41.0540685], [-72.3134768, 41.0539209], [-72.3181404, 41.0514472], [-72.3191275, 41.0495438], [-72.3185723, 41.0485197], [-72.3174235, 41.0475861], [-72.3176306, 41.0473959], [-72.3168664, 41.0456472], [-72.3170758, 41.0446234], [-72.3186581, 41.0437619], [-72.3201602, 41.0440036], [-72.321233, 41.0433815], [-72.3250847, 41.0437538], [-72.3280565, 41.0435515], [-72.3291938, 41.0443445], [-72.32899, 41.0446439], [-72.3292582, 41.0456715], [-72.3306207, 41.0469338], [-72.3310713, 41.0477914], [-72.3334531, 41.0490375], [-72.3373048, 41.0501379], [-72.3381309, 41.0508822], [-72.3383738, 41.0515474], [-72.3388311, 41.0507727], [-72.3396651, 41.0507528], [-72.3436992, 41.0516832], [-72.3438065, 41.0521444], [-72.3445661, 41.0524543], [-72.3462312, 41.0514486], [-72.3460059, 41.0509227], [-72.3456089, 41.050858], [-72.3459522, 41.0502511], [-72.3474221, 41.0496929], [-72.3497395, 41.0481636], [-72.3504905, 41.0480827], [-72.349643, 41.049887], [-72.3498254, 41.0506152], [-72.3511986, 41.0519502], [-72.3506407, 41.0521525], [-72.3502545, 41.0531557], [-72.3510806, 41.0525328], [-72.3510914, 41.0521201], [-72.3527758, 41.051926], [-72.3530118, 41.0520069], [-72.3531942, 41.0533823], [-72.3544817, 41.0541913], [-72.3536019, 41.0565618], [-72.3529153, 41.0565942], [-72.3528723, 41.0570391], [-72.3520033, 41.0578643], [-72.3521964, 41.0581151], [-72.3535912, 41.0573465], [-72.3543958, 41.0564971], [-72.3555545, 41.0569097], [-72.356445, 41.0576702], [-72.3561339, 41.0578158], [-72.3560695, 41.0589322], [-72.3547392, 41.0604693], [-72.3529904, 41.0611569], [-72.3535697, 41.0619011], [-72.3529045, 41.062346], [-72.3527543, 41.0630822], [-72.3533659, 41.0637779], [-72.3544709, 41.0636889], [-72.3550932, 41.0652016], [-72.3561983, 41.0657355], [-72.3570029, 41.065606], [-72.3575287, 41.0651449], [-72.3571424, 41.0649104], [-72.3574643, 41.064878], [-72.3587517, 41.0654038], [-72.3599856, 41.0653957], [-72.3634295, 41.0666819], [-72.3645131, 41.0664958], [-72.3651998, 41.0659943], [-72.3659401, 41.0628476], [-72.3673992, 41.0625645], [-72.3671524, 41.0612701], [-72.3668413, 41.0610355], [-72.3661225, 41.0612054], [-72.3659615, 41.0623703], [-72.3654573, 41.0623703], [-72.3637514, 41.0613429], [-72.3638909, 41.0605502], [-72.3629253, 41.0598949], [-72.3601143, 41.0609223], [-72.3584406, 41.060809], [-72.3572282, 41.062249], [-72.3563378, 41.0640691], [-72.3556082, 41.0643118], [-72.3553722, 41.0633491], [-72.3545568, 41.0625806], [-72.3544817, 41.0617636], [-72.3570459, 41.0592801], [-72.3584835, 41.0566265], [-72.3596422, 41.0563029], [-72.3589556, 41.0559631], [-72.358344, 41.0564566], [-72.356606, 41.0555424], [-72.3571531, 41.0539891], [-72.3564558, 41.0532771], [-72.3564021, 41.0524923], [-72.3554902, 41.0518693], [-72.3550503, 41.0505181], [-72.3537199, 41.0496039], [-72.3538701, 41.0492479], [-72.3524968, 41.0454692], [-72.3510806, 41.04377], [-72.3496644, 41.042281], [-72.3468213, 41.0415528], [-72.3451261, 41.0418926], [-72.3432378, 41.0430579], [-72.3414998, 41.0459304], [-72.3407917, 41.0465211], [-72.3391394, 41.0469014], [-72.3394828, 41.0457524], [-72.3412101, 41.0445144], [-72.3426585, 41.0428232], [-72.3448579, 41.0413828], [-72.3475187, 41.0412695], [-72.3540202, 41.0420582], [-72.3574643, 41.0432844], [-72.361017, 41.0454515], [-72.3642645, 41.046938], [-72.3636013, 41.0475317], [-72.3638401, 41.0480131], [-72.3641807, 41.047916], [-72.3639473, 41.0474285], [-72.3643399, 41.0470805], [-72.3715405, 41.0508661]]], [[[-72.0607932, 41.0174891], [-72.0585495, 41.0173203], [-72.0556824, 41.018371], [-72.0552741, 41.0180078], [-72.0556282, 41.0176248], [-72.0554036, 41.0173249], [-72.056726, 41.0167729], [-72.0590756, 41.0166603], [-72.0600217, 41.0158064], [-72.0606309, 41.0145716], [-72.0606524, 41.0130299], [-72.0613014, 41.0123747], [-72.0620069, 41.0130164], [-72.0620037, 41.0148657], [-72.0615452, 41.01702], [-72.0607932, 41.0174891]]], [[[-72.1216247, 41.1149216], [-72.1168275, 41.1111597], [-72.1143677, 41.109915], [-72.1122873, 41.1095554], [-72.1068659, 41.1078126], [-72.1025215, 41.1078034], [-72.1001473, 41.1065125], [-72.0920214, 41.1037645], [-72.0887049, 41.1017266], [-72.0861594, 41.1011364], [-72.0822066, 41.1017542], [-72.0806035, 41.1009519], [-72.0784618, 41.1004724], [-72.0777153, 41.1000666], [-72.0774706, 41.0994856], [-72.0773849, 41.0973461], [-72.0780947, 41.0952065], [-72.0815335, 41.0940444], [-72.0831612, 41.0920246], [-72.0850948, 41.091342], [-72.0862574, 41.0892483], [-72.0866979, 41.0874313], [-72.086343, 41.0839446], [-72.0852171, 41.0789541], [-72.0844951, 41.0769799], [-72.0815091, 41.0713339], [-72.0854905, 41.0700393], [-72.0866857, 41.0682431], [-72.0871018, 41.0652444], [-72.0864899, 41.0598834], [-72.0868325, 41.0591082], [-72.089378, 41.0567736], [-72.093184, 41.055537], [-72.0965616, 41.0536083], [-72.0973326, 41.0527223], [-72.0987889, 41.0496768], [-72.0994498, 41.0468711], [-72.0994987, 41.0459759], [-72.0987644, 41.0446099], [-72.0988501, 41.0440745], [-72.0994498, 41.0435207], [-72.0999393, 41.0436315], [-72.1003064, 41.0458743], [-72.0998196, 41.0489852], [-72.0975271, 41.0539908], [-72.097287, 41.054742], [-72.0977431, 41.0551584], [-72.097119, 41.0563169], [-72.0964708, 41.0590322], [-72.097323, 41.0608332], [-72.0969389, 41.0630415], [-72.0964708, 41.0714847], [-72.0969749, 41.0751313], [-72.0977551, 41.0766966], [-72.1001197, 41.0799539], [-72.1006598, 41.081501], [-72.1033725, 41.0861875], [-72.1053223, 41.0883074], [-72.1073805, 41.0892542], [-72.106362, 41.089977], [-72.1066538, 41.0901626], [-72.1080383, 41.0888832], [-72.1080934, 41.0891614], [-72.1094769, 41.0894618], [-72.1113356, 41.0904852], [-72.112388, 41.0905172], [-72.1176248, 41.0924554], [-72.1201285, 41.0929415], [-72.127241, 41.0931782], [-72.1295325, 41.0929735], [-72.1354822, 41.0934532], [-72.1369505, 41.0925258], [-72.1381048, 41.0923786], [-72.1389026, 41.0925705], [-72.1409396, 41.093901], [-72.1428323, 41.0963508], [-72.1420005, 41.0993441], [-72.1411518, 41.100329], [-72.139658, 41.1016146], [-72.1381727, 41.1023756], [-72.1361357, 41.1026954], [-72.1326389, 41.1042111], [-72.13022, 41.1068907], [-72.1290233, 41.1089627], [-72.1274701, 41.1135093], [-72.1272325, 41.1158752], [-72.1283783, 41.1188421], [-72.1306274, 41.1225313], [-72.1309499, 41.1234648], [-72.1305765, 41.1245005], [-72.1301056, 41.1233941], [-72.1262139, 41.1200384], [-72.1224202, 41.1153918], [-72.1216247, 41.1149216]]], [[[-72.201612, 41.1682887], [-72.2035968, 41.1708448], [-72.2046107, 41.1716322], [-72.2054433, 41.1717128], [-72.2060467, 41.1710497], [-72.2051663, 41.1720713], [-72.2039458, 41.1724311], [-72.2044278, 41.1728246], [-72.2048465, 41.173024], [-72.2053089, 41.1727022], [-72.2055064, 41.1731684], [-72.2060192, 41.1731271], [-72.2065592, 41.1711567], [-72.2064126, 41.1717262], [-72.2080091, 41.1728396], [-72.210997, 41.1730677], [-72.2123493, 41.1739641], [-72.2105543, 41.178123], [-72.2085609, 41.1799233], [-72.2046757, 41.1808041], [-72.2034895, 41.1813652], [-72.2011694, 41.1812642], [-72.198447, 41.184052], [-72.1952931, 41.1851056], [-72.1938738, 41.1863512], [-72.1920204, 41.1869244], [-72.1904674, 41.1881618], [-72.189652, 41.1883536], [-72.1857742, 41.1888479], [-72.1816885, 41.1874371], [-72.1734733, 41.1865923], [-72.1709564, 41.1870897], [-72.1696478, 41.1880864], [-72.165998, 41.189803], [-72.1635219, 41.1905799], [-72.1619824, 41.1905214], [-72.1615631, 41.1899136], [-72.1619019, 41.1888117], [-72.1628031, 41.1880891], [-72.1660808, 41.1871727], [-72.1670303, 41.1865157], [-72.1688083, 41.1865247], [-72.1698224, 41.1858215], [-72.1740443, 41.1858001], [-72.1762866, 41.184706], [-72.1802859, 41.184343], [-72.1821257, 41.18492], [-72.1843547, 41.1849039], [-72.1861196, 41.1836604], [-72.1877128, 41.1817406], [-72.197283, 41.1651313], [-72.1980486, 41.164649], [-72.1997023, 41.1649167], [-72.201612, 41.1682887]]], [[[-72.0364993, 41.253793], [-72.0363967, 41.2541605], [-72.0358482, 41.2543448], [-72.0350259, 41.2564424], [-72.0341662, 41.2569818], [-72.0328598, 41.2571194], [-72.0319414, 41.2577651], [-72.0304105, 41.256268], [-72.0296612, 41.2563574], [-72.0298634, 41.2570014], [-72.0296454, 41.2574026], [-72.0308325, 41.2581528], [-72.0309675, 41.2590646], [-72.0305076, 41.2610354], [-72.0293727, 41.2628557], [-72.0286963, 41.2633038], [-72.0274721, 41.2631619], [-72.0265907, 41.2635401], [-72.0260312, 41.2645535], [-72.0261578, 41.2661498], [-72.0256214, 41.2663716], [-72.0252298, 41.2661619], [-72.0249186, 41.2647587], [-72.0255785, 41.2644402], [-72.0264421, 41.2632829], [-72.0276177, 41.2628897], [-72.0277011, 41.2624218], [-72.0268224, 41.2604157], [-72.0255123, 41.2596382], [-72.0255687, 41.260418], [-72.0260702, 41.260802], [-72.0256471, 41.2609387], [-72.0254257, 41.2601499], [-72.0247785, 41.259846], [-72.0242117, 41.2590256], [-72.0237572, 41.2592047], [-72.0236569, 41.2596429], [-72.0244808, 41.2606671], [-72.0234498, 41.2611452], [-72.0229349, 41.2618694], [-72.0219537, 41.2611393], [-72.0208291, 41.2615324], [-72.0223974, 41.2648956], [-72.0219521, 41.2671515], [-72.0213637, 41.2683058], [-72.0213951, 41.2693249], [-72.020776, 41.2700492], [-72.0217611, 41.2709414], [-72.0225278, 41.2704593], [-72.0231888, 41.2707425], [-72.024549, 41.2735021], [-72.0237152, 41.2743716], [-72.0220543, 41.2747036], [-72.0209385, 41.2758682], [-72.018557, 41.2739793], [-72.0162471, 41.2736186], [-72.015691, 41.2728409], [-72.0129526, 41.2720223], [-72.0094058, 41.271556], [-72.0076982, 41.2709017], [-72.0074603, 41.2705341], [-72.0077025, 41.2696985], [-72.009569, 41.2685145], [-72.0096565, 41.2674905], [-72.0091671, 41.2667], [-72.0105286, 41.2657686], [-72.0124559, 41.265732], [-72.0128324, 41.2645045], [-72.0132958, 41.2640623], [-72.0129848, 41.2630627], [-72.0123899, 41.2629782], [-72.0116037, 41.2639409], [-72.0111195, 41.2638431], [-72.011182, 41.2635731], [-72.0100782, 41.2626338], [-72.0099707, 41.2612235], [-72.0075946, 41.2602725], [-72.0074645, 41.2599549], [-72.0078896, 41.2594296], [-72.00845, 41.2594717], [-72.008709, 41.2591129], [-72.0078492, 41.25871], [-72.0065286, 41.2601188], [-72.0060953, 41.2600466], [-72.0054533, 41.2591166], [-72.0048836, 41.2592675], [-72.0041118, 41.2602724], [-72.0044965, 41.2601162], [-72.0068174, 41.2610131], [-72.0079108, 41.2609989], [-72.0078788, 41.2617416], [-72.0067908, 41.2624113], [-72.007044, 41.263988], [-72.0043844, 41.264141], [-72.0040756, 41.2636381], [-72.0044045, 41.2622848], [-72.0051823, 41.2622282], [-72.0053505, 41.2626496], [-72.0058296, 41.262492], [-72.0050186, 41.2610022], [-72.0044301, 41.2610124], [-72.0043066, 41.2615129], [-72.003041, 41.2618867], [-72.0032942, 41.2642427], [-72.0026726, 41.2660409], [-72.0028309, 41.2663557], [-72.0023769, 41.2660128], [-72.0014177, 41.266117], [-72.0010686, 41.2665516], [-71.9998535, 41.2668206], [-71.9991822, 41.2673182], [-71.9983926, 41.2672817], [-71.996451, 41.2683986], [-71.9941979, 41.2703813], [-71.9937053, 41.2712308], [-71.9939223, 41.271733], [-71.9929971, 41.2736776], [-71.992699, 41.2795897], [-71.9909587, 41.2812334], [-71.9889639, 41.2812501], [-71.9877423, 41.280889], [-71.9867019, 41.2812932], [-71.985514, 41.280953], [-71.9842937, 41.2814969], [-71.9825731, 41.2813208], [-71.9802738, 41.280445], [-71.9798043, 41.2791803], [-71.9792437, 41.2792901], [-71.9789877, 41.2788141], [-71.9784006, 41.2786511], [-71.9753989, 41.2798765], [-71.9753615, 41.2802149], [-71.974264, 41.2810277], [-71.9730335, 41.2810545], [-71.9721604, 41.280529], [-71.9713936, 41.2804856], [-71.9697413, 41.281172], [-71.9694952, 41.2830701], [-71.9685086, 41.2834302], [-71.9689946, 41.284152], [-71.9689136, 41.2846302], [-71.9671356, 41.2851923], [-71.9644649, 41.2845877], [-71.9628468, 41.2835958], [-71.9620521, 41.2834514], [-71.9614883, 41.2828676], [-71.9608126, 41.2827551], [-71.9600705, 41.2833482], [-71.9591627, 41.2830438], [-71.9572941, 41.2840675], [-71.9578439, 41.28465], [-71.9574248, 41.2846714], [-71.9570696, 41.284249], [-71.9555586, 41.2849551], [-71.9538007, 41.284973], [-71.9534916, 41.2853368], [-71.9527866, 41.2839014], [-71.9516427, 41.283459], [-71.9511352, 41.2829232], [-71.9505325, 41.2828957], [-71.950379, 41.2832354], [-71.9498005, 41.2824204], [-71.9485854, 41.2824488], [-71.9473552, 41.2829974], [-71.9475265, 41.2839263], [-71.9468131, 41.2844643], [-71.9461487, 41.2842534], [-71.9458509, 41.2836393], [-71.9431628, 41.2832647], [-71.9431974, 41.2825442], [-71.9422632, 41.28217], [-71.9426524, 41.2828494], [-71.9422838, 41.2827137], [-71.9415226, 41.2830739], [-71.9400996, 41.2847588], [-71.9402212, 41.2853635], [-71.940937, 41.2856154], [-71.9411129, 41.2860428], [-71.9398403, 41.2859962], [-71.9390622, 41.2856345], [-71.9385528, 41.2858608], [-71.9392592, 41.2866716], [-71.9398312, 41.2868063], [-71.9412967, 41.2867097], [-71.9416437, 41.2862891], [-71.9411514, 41.2858027], [-71.9420057, 41.2860615], [-71.9432655, 41.2870401], [-71.9408392, 41.2892743], [-71.9397441, 41.2910103], [-71.9391322, 41.2914229], [-71.9356839, 41.2902929], [-71.9346038, 41.2902337], [-71.9332227, 41.2904864], [-71.9324553, 41.2909584], [-71.9308549, 41.290918], [-71.928899, 41.2915742], [-71.9278764, 41.2914476], [-71.9256128, 41.2919146], [-71.9252237, 41.2924196], [-71.9218128, 41.2922495], [-71.9242021, 41.2906843], [-71.9260642, 41.2903409], [-71.9278309, 41.2894402], [-71.9281078, 41.2891417], [-71.9284535, 41.2865791], [-71.9281193, 41.2857946], [-71.9286703, 41.2847759], [-71.9293323, 41.2842109], [-71.9319717, 41.2835208], [-71.9321078, 41.2827472], [-71.933368, 41.2823134], [-71.9348559, 41.2808932], [-71.9368765, 41.2807495], [-71.9379735, 41.279984], [-71.9388547, 41.2806403], [-71.9407193, 41.28022], [-71.9440866, 41.2807068], [-71.946097, 41.279823], [-71.946928, 41.278303], [-71.9485293, 41.2793292], [-71.949947, 41.2793277], [-71.9514886, 41.278658], [-71.9525843, 41.2772725], [-71.9527437, 41.2778179], [-71.9536948, 41.2778765], [-71.954986, 41.2768674], [-71.9549766, 41.2764564], [-71.9539127, 41.2760257], [-71.9526898, 41.2760596], [-71.9520964, 41.2755732], [-71.9582549, 41.2756371], [-71.9606972, 41.2762282], [-71.9609294, 41.2767464], [-71.9614684, 41.2769363], [-71.9624258, 41.2769717], [-71.9639764, 41.2764113], [-71.9668812, 41.2748119], [-71.9676158, 41.2741362], [-71.9677819, 41.2732458], [-71.9732939, 41.2718073], [-71.9755563, 41.2691821], [-71.9796106, 41.2674402], [-71.9810646, 41.2679206], [-71.982091, 41.2674925], [-71.9842142, 41.2660621], [-71.9848769, 41.2652791], [-71.9872504, 41.2645155], [-71.9905604, 41.2625049], [-71.9948394, 41.2575467], [-71.9949076, 41.2562892], [-71.9959362, 41.2552321], [-71.9976774, 41.2544906], [-72.0017129, 41.2534873], [-72.0026861, 41.2527844], [-72.0052454, 41.2534057], [-72.0059473, 41.2549521], [-72.0078591, 41.2545396], [-72.0105697, 41.2558101], [-72.0148263, 41.2553453], [-72.0157241, 41.2557411], [-72.0182925, 41.2550924], [-72.0262244, 41.2509371], [-72.0275529, 41.2510742], [-72.0283974, 41.250791], [-72.0300308, 41.251121], [-72.0317009, 41.2506453], [-72.0346859, 41.2505948], [-72.0382553, 41.2495143], [-72.0386637, 41.2504858], [-72.0372095, 41.2518408], [-72.0364993, 41.253793]]], [[[-72.2225746, 41.2982131], [-72.2229941, 41.2991548], [-72.2224429, 41.2997961], [-72.222407, 41.3004042], [-72.221168, 41.3004925], [-72.2212066, 41.3015332], [-72.2197065, 41.3023704], [-72.2183881, 41.302119], [-72.2182839, 41.3011164], [-72.2186727, 41.3000277], [-72.2180014, 41.2994719], [-72.2183509, 41.2984377], [-72.2175897, 41.2977042], [-72.2172522, 41.2977761], [-72.2173802, 41.2968427], [-72.2184322, 41.2966121], [-72.2190029, 41.2972303], [-72.2197161, 41.2975299], [-72.2198787, 41.2971779], [-72.2203465, 41.2977324], [-72.2210218, 41.297809], [-72.2213007, 41.2968599], [-72.2215489, 41.2968252], [-72.2214592, 41.2964009], [-72.2225746, 41.2982131]]], [[[-71.8910521, 41.3298327], [-71.8900857, 41.3296596], [-71.8845752, 41.3261769], [-71.8827189, 41.3234415], [-71.8812635, 41.3223804], [-71.8802826, 41.3218962], [-71.8779859, 41.3218332], [-71.8774157, 41.3214833], [-71.8772282, 41.3209341], [-71.8789539, 41.3208043], [-71.8810454, 41.321596], [-71.8827964, 41.3227862], [-71.8846836, 41.325095], [-71.8863151, 41.3262906], [-71.8927371, 41.3296195], [-71.89638, 41.3307009], [-71.8974771, 41.3317939], [-71.8975411, 41.3322283], [-71.897181, 41.3323256], [-71.8953602, 41.3309134], [-71.8910521, 41.3298327]]], [[[-71.9630099, 41.3319027], [-71.9630659, 41.3318555], [-71.9626842, 41.3317937], [-71.9626939, 41.3317246], [-71.9633346, 41.3318464], [-71.9633291, 41.3315506], [-71.9629025, 41.3314821], [-71.963257, 41.3314872], [-71.9633341, 41.3298244], [-71.9644069, 41.3273702], [-71.9632751, 41.3268365], [-71.9644323, 41.3253282], [-71.9644564, 41.3247843], [-71.9638778, 41.3241967], [-71.9645436, 41.324731], [-71.9651259, 41.3247807], [-71.9653471, 41.3251682], [-71.9650246, 41.3259797], [-71.9658063, 41.3260322], [-71.9666897, 41.3245786], [-71.9678045, 41.3242896], [-71.9678455, 41.3234436], [-71.9686272, 41.3225008], [-71.9687066, 41.3216631], [-71.9692628, 41.3209597], [-71.9698958, 41.3211353], [-71.969389, 41.3225787], [-71.9704991, 41.3232358], [-71.9704151, 41.3235886], [-71.9698907, 41.3236369], [-71.9701805, 41.3239452], [-71.9696885, 41.3246597], [-71.9705973, 41.3252926], [-71.9701533, 41.3260393], [-71.9708508, 41.3268107], [-71.9699293, 41.3281566], [-71.9702491, 41.3285534], [-71.9696046, 41.329461], [-71.969962, 41.3294737], [-71.9703947, 41.3285262], [-71.9710254, 41.3285877], [-71.9722449, 41.3280229], [-71.9728185, 41.3270187], [-71.9742153, 41.3268796], [-71.9735831, 41.3280877], [-71.9741601, 41.3281678], [-71.9742766, 41.3285847], [-71.9735547, 41.3294341], [-71.9724108, 41.3295102], [-71.9719772, 41.3292576], [-71.9719817, 41.3301427], [-71.9715614, 41.3309588], [-71.9717686, 41.3312137], [-71.9706959, 41.3329532], [-71.9696051, 41.3328383], [-71.9696672, 41.3314723], [-71.9692712, 41.33148], [-71.9693374, 41.3319805], [-71.9690304, 41.3318489], [-71.969396, 41.3327817], [-71.9687142, 41.3335757], [-71.9693087, 41.3330038], [-71.9711788, 41.3330142], [-71.9733713, 41.330942], [-71.9739726, 41.3314071], [-71.975627, 41.3285575], [-71.9763248, 41.3282454], [-71.9771172, 41.3283904], [-71.977559, 41.3293478], [-71.9763006, 41.3297648], [-71.9758664, 41.3305279], [-71.9740509, 41.331625], [-71.9744065, 41.3335435], [-71.9726116, 41.3338352], [-71.9721269, 41.3342521], [-71.9721577, 41.3346973], [-71.972801, 41.334998], [-71.9728847, 41.3355998], [-71.9722188, 41.3374303], [-71.9739161, 41.3378524], [-71.9737497, 41.3383231], [-71.9730264, 41.3384604], [-71.9728323, 41.3388811], [-71.9730472, 41.3392859], [-71.9719911, 41.3416036], [-71.9717986, 41.3408976], [-71.9710926, 41.3403181], [-71.9710809, 41.339613], [-71.9703607, 41.339251], [-71.9694573, 41.340271], [-71.9694716, 41.3409055], [-71.96871, 41.3413232], [-71.9679047, 41.3405236], [-71.9668413, 41.3405147], [-71.9662521, 41.3400915], [-71.9649607, 41.3406312], [-71.9646081, 41.3413955], [-71.9640533, 41.3412758], [-71.9641967, 41.3415403], [-71.9630787, 41.342628], [-71.9621921, 41.3424952], [-71.9615942, 41.3418185], [-71.9602765, 41.3416237], [-71.9618614, 41.3406256], [-71.9602159, 41.3402462], [-71.9614303, 41.3403127], [-71.9616889, 41.3400154], [-71.9609622, 41.3389068], [-71.9618125, 41.3387784], [-71.9623065, 41.3393355], [-71.9630585, 41.3385063], [-71.9623094, 41.3357999], [-71.9625811, 41.3340503], [-71.962184, 41.3336209], [-71.9628122, 41.3329273], [-71.9627426, 41.3323281], [-71.9631764, 41.3323359], [-71.9630099, 41.3319027]]], [[[-71.9810102, 41.3354208], [-71.9805348, 41.3352802], [-71.9801654, 41.3356471], [-71.9804531, 41.3363061], [-71.9801181, 41.337264], [-71.9795676, 41.3368549], [-71.9796161, 41.3361792], [-71.9787859, 41.3357499], [-71.9787985, 41.3353714], [-71.9779379, 41.3347751], [-71.979001, 41.3338502], [-71.9775036, 41.3337233], [-71.9772431, 41.333313], [-71.9781046, 41.333342], [-71.9782922, 41.3328771], [-71.9788596, 41.3327745], [-71.9805839, 41.3331742], [-71.9830805, 41.3329748], [-71.9853783, 41.3309717], [-71.9842492, 41.3322915], [-71.9846819, 41.3325777], [-71.9844953, 41.3334306], [-71.9831944, 41.3337051], [-71.9830806, 41.3333887], [-71.9827718, 41.334528], [-71.9819496, 41.3351648], [-71.9806503, 41.3380036], [-71.9814514, 41.3356766], [-71.9810102, 41.3354208]]], [[[-71.8861121, 41.3394999], [-71.8858726, 41.3391622], [-71.8861878, 41.3384217], [-71.8860512, 41.3366518], [-71.8867779, 41.3357253], [-71.8872323, 41.3357446], [-71.8876605, 41.3345794], [-71.8884587, 41.3346503], [-71.8885312, 41.335536], [-71.8891542, 41.3356434], [-71.8898466, 41.3351548], [-71.889599, 41.3345532], [-71.8901186, 41.3348961], [-71.890618, 41.3347244], [-71.8906139, 41.3339435], [-71.8920451, 41.3336698], [-71.8925842, 41.3339918], [-71.8932647, 41.333922], [-71.8927524, 41.3346258], [-71.8914856, 41.3350137], [-71.8898706, 41.3369354], [-71.8890819, 41.3374229], [-71.888529, 41.3372238], [-71.8875617, 41.3382753], [-71.8878692, 41.3389487], [-71.8871256, 41.3396641], [-71.8866967, 41.3399073], [-71.8861121, 41.3394999]]]]}}]}