{
"type": "FeatureCollection",
"name": "BOP_Feb2026_Pipeline_with_Water_Quality",
"crs": { "type": "name", "properties": { "name": "urn:ogc:def:crs:OGC:1.3:CRS84" } },
"features": [
{ "type": "Feature", "properties": { "id": "0", "Site": "Piermont - North", "Status": "Proposed Future Site", "Waterbody": "Hudson River", "Acres": 260.0, "sal_score": 0.39, "sal_mean_psu": 7.73, "sal_ci_lower_psu": 1.04, "sal_ci_upper_psu": 18.02, "sal_median_psu": 7.73, "sal_p10_psu": 7.72, "sal_p90_psu": 7.74, "chla_score": 0.12, "chla_mean_ug_L": 5.66, "chla_median_ug_L": 3.8, "chla_p10_ug_L": 2.16, "chla_p90_ug_L": 12.0, "chla_ci_lower_ug_L": 3.8, "chla_ci_upper_ug_L": 8.1, "chla_nearest_station_m": 1629.0, "do_score": 1.0, "do_mean_mg_L": 6.44, "do_median_mg_L": 6.3, "do_p10_mg_L": 5.59, "do_p90_mg_L": 7.4, "do_pct3": 0.0, "do_pct3_low": 0.0, "do_pct3_upper": 0.0, "do_nearest_station_m": 1629.0, "cso_within_50ft": "False", "cso_nearest_ft": 22326.0, "ms4_within_50ft": "False", "ms4_nearest_ft": 7837.0, "park_within_1640ft": "False", "park_nearest_ft": 50036.0, "depth_score": "TRUE", "depth_median_ft": 10.79, "depth_0_20ft_pct": 1.0, "depth_20_39ft_pct": 0.0, "depth_39ft_plus_pct": 0.0, "erosion_gt_0_ft_yr": "", "erosion_gt_1_ft_yr": "", "wave_sup_3ft": null }, "geometry": { "type": "MultiPolygon", "coordinates": [ [ [ [ -73.901425790764037, 41.062748659632085, 0.0 ], [ -73.899576700644943, 41.060885096069022, 0.0 ], [ -73.899659261651252, 41.060162323881791, 0.0 ], [ -73.899452817825235, 41.05964604546967, 0.0 ], [ -73.898998452852695, 41.05917108553453, 0.0 ], [ -73.898626773815636, 41.058551617367499, 0.0 ], [ -73.898647424344475, 41.058262525529891, 0.0 ], [ -73.898771330232989, 41.057808224454959, 0.0 ], [ -73.898812645911264, 41.057353900539312, 0.0 ], [ -73.898750667833227, 41.057002855192238, 0.0 ], [ -73.898420267892973, 41.056631184058794, 0.0 ], [ -73.89804859691084, 41.056486609578933, 0.0 ], [ -73.897676878701162, 41.056362709325029, 0.0 ], [ -73.897635592199407, 41.05607361056498, 0.0 ], [ -73.897656246065097, 41.055784517927044, 0.0 ], [ -73.897883362059815, 41.055588336905551, 0.0 ], [ -73.89786270428641, 41.055268267183884, 0.0 ], [ -73.897862707075461, 41.054875928133029, 0.0 ], [ -73.897821420175035, 41.054483553546163, 0.0 ], [ -73.897676889094214, 41.054173829868297, 0.0 ], [ -73.897594264446312, 41.053905369034567, 0.0 ], [ -73.897470432046958, 41.053678220546203, 0.0 ], [ -73.897243204546058, 41.053471701496868, 0.0 ], [ -73.896912808468656, 41.053368461139009, 0.0 ], [ -73.896644398492285, 41.05314132478253, 0.0 ], [ -73.896644349973002, 41.052748983321287, 0.0 ], [ -73.896561791386787, 41.052170783962197, 0.0 ], [ -73.89658244694597, 41.051675186476544, 0.0 ], [ -73.896788899523969, 41.051158892194735, 0.0 ], [ -73.896809575394414, 41.050704685294896, 0.0 ], [ -73.896830194713203, 41.050147066807398, 0.0 ], [ -73.896871506582784, 41.049672113937802, 0.0 ], [ -73.896830237405524, 41.049300412047927, 0.0 ], [ -73.896892181498941, 41.048908079173152, 0.0 ], [ -73.897920124066417, 41.048655064336955, 0.0 ], [ -73.898245537653835, 41.048952238154349, 0.0 ], [ -73.898627583211677, 41.049178657271611, 0.0 ], [ -73.898910636327656, 41.04943335909563, 0.0 ], [ -73.899165293818413, 41.049560687976694, 0.0 ], [ -73.89943413589431, 41.049843671865183, 0.0 ], [ -73.899717185562608, 41.050041800970511, 0.0 ], [ -73.89990112796005, 41.050296500700021, 0.0 ], [ -73.900000157449654, 41.05048044122934, 0.0 ], [ -73.900085045332048, 41.050777613262852, 0.0 ], [ -73.90012752516671, 41.051131354694377, 0.0 ], [ -73.900127513321166, 41.051414338614727, 0.0 ], [ -73.900169970109118, 41.051640752732631, 0.0 ], [ -73.900325603475736, 41.051937922346625, 0.0 ], [ -73.900382172035592, 41.052220907496348, 0.0 ], [ -73.900651041925926, 41.052574645988557, 0.0 ], [ -73.900679385456982, 41.052702018217929, 0.0 ], [ -73.90072184487255, 41.052928432116971, 0.0 ], [ -73.900919952544072, 41.053140656880288, 0.0 ], [ -73.901018978501114, 41.053268027568969, 0.0 ], [ -73.901160501152461, 41.053466111174231, 0.0 ], [ -73.901287804945241, 41.053664236484394, 0.0 ], [ -73.90152837157234, 41.053735037057244, 0.0 ], [ -73.901641559099716, 41.053848172761818, 0.0 ], [ -73.901867954183572, 41.054173625768577, 0.0 ], [ -73.902066077003738, 41.054428320141298, 0.0 ], [ -73.902207571689232, 41.054767917542272, 0.0 ], [ -73.902391464285515, 41.054966041134008, 0.0 ], [ -73.902702767241465, 41.055263159675739, 0.0 ], [ -73.902858501913002, 41.055659325575547, 0.0 ], [ -73.902858490441673, 41.055899925249378, 0.0 ], [ -73.902957557080953, 41.056182952401691, 0.0 ], [ -73.903084910998317, 41.056281991718926, 0.0 ], [ -73.903240543740324, 41.056465927669713, 0.0 ], [ -73.90328299753422, 41.056607439912085, 0.0 ], [ -73.903466959065184, 41.056805563308359, 0.0 ], [ -73.903551830324844, 41.056918745621211, 0.0 ], [ -73.903735801070127, 41.057145153539047, 0.0 ], [ -73.903962202156208, 41.057399843364209, 0.0 ], [ -73.904103680872367, 41.057597967892448, 0.0 ], [ -73.904245178065864, 41.057866803682273, 0.0 ], [ -73.904315946627847, 41.05822054199772, 0.0 ], [ -73.904457475638239, 41.058616748868161, 0.0 ], [ -73.904598868863587, 41.058942198862752, 0.0 ], [ -73.904726319986821, 41.059182750747425, 0.0 ], [ -73.904881925882179, 41.059451629728287, 0.0 ], [ -73.90502344999237, 41.059805364368671, 0.0 ], [ -73.905179129523418, 41.060130814241134, 0.0 ], [ -73.905363056271071, 41.060371360591532, 0.0 ], [ -73.905660181986164, 41.060682613855498, 0.0 ], [ -73.905872442244146, 41.060951534962101, 0.0 ], [ -73.906056379891766, 41.061220365142724, 0.0 ], [ -73.906155467816689, 41.061503387759238, 0.0 ], [ -73.906183742537976, 41.061772228024743, 0.0 ], [ -73.906127153661586, 41.062012742600658, 0.0 ], [ -73.906084705920563, 41.062182634230474, 0.0 ], [ -73.906141330818599, 41.062309912225857, 0.0 ], [ -73.906374787432526, 41.062592904857134, 0.0 ], [ -73.906495035520777, 41.062762719240858, 0.0 ], [ -73.9065495288704, 41.062812691377609, 0.0 ], [ -73.906584913802064, 41.062898066941372, 0.0 ], [ -73.901425790764037, 41.062748659632085, 0.0 ] ] ] ] } },
{ "type": "Feature", "properties": { "id": "1", "Site": "Piermont - South", "Status": "Proposed Future Site", "Waterbody": "Hudson River", "Acres": 143.0, "sal_score": 0.43, "sal_mean_psu": 7.98, "sal_ci_lower_psu": 1.53, "sal_ci_upper_psu": 17.89, "sal_median_psu": 8.0, "sal_p10_psu": 7.79, "sal_p90_psu": 8.18, "chla_score": 0.12, "chla_mean_ug_L": 5.66, "chla_median_ug_L": 3.8, "chla_p10_ug_L": 2.16, "chla_p90_ug_L": 12.0, "chla_ci_lower_ug_L": 3.8, "chla_ci_upper_ug_L": 8.1, "chla_nearest_station_m": 1564.0, "do_score": 1.0, "do_mean_mg_L": 6.44, "do_median_mg_L": 6.3, "do_p10_mg_L": 5.59, "do_p90_mg_L": 7.4, "do_pct3": 0.0, "do_pct3_low": 0.0, "do_pct3_upper": 0.0, "do_nearest_station_m": 1564.0, "cso_within_50ft": "False", "cso_nearest_ft": 12744.0, "ms4_within_50ft": "False", "ms4_nearest_ft": 5744.0, "park_within_1640ft": "False", "park_nearest_ft": 40585.0, "depth_score": "TRUE", "depth_median_ft": 17.71, "depth_0_20ft_pct": 0.97, "depth_20_39ft_pct": 0.03, "depth_39ft_plus_pct": 0.0, "erosion_gt_0_ft_yr": "", "erosion_gt_1_ft_yr": "", "wave_sup_3ft": null }, "geometry": { "type": "MultiPolygon", "coordinates": [ [ [ [ -73.893631523224357, 41.036949679362856, 0.0 ], [ -73.893813260017751, 41.036867110511089, 0.0 ], [ -73.894077601957008, 41.036817537540323, 0.0 ], [ -73.894308859386939, 41.036619283847457, 0.0 ], [ -73.894094124111248, 41.036288883673073, 0.0 ], [ -73.893829733812538, 41.036156721793738, 0.0 ], [ -73.893681136429919, 41.036008060446136, 0.0 ], [ -73.893714176819643, 41.035793267839132, 0.0 ], [ -73.893648058778325, 41.035553742321696, 0.0 ], [ -73.893548930555937, 41.035363757920983, 0.0 ], [ -73.893449814245471, 41.035066400597117, 0.0 ], [ -73.893350726513916, 41.034479931509907, 0.0 ], [ -73.893094635465715, 41.034413877700032, 0.0 ], [ -73.892838567466711, 41.034389077250225, 0.0 ], [ -73.892706431728755, 41.034223908064014, 0.0 ], [ -73.892553785460862, 41.034274642341408, 0.0 ], [ -73.892402658055076, 41.03431998624356, 0.0 ], [ -73.89215188292026, 41.034057516248325, 0.0 ], [ -73.892025263053711, 41.033818940372086, 0.0 ], [ -73.891821256722949, 41.033520256927368, 0.0 ], [ -73.891853333674263, 41.033164569360508, 0.0 ], [ -73.891673898570261, 41.03296498506635, 0.0 ], [ -73.8915720047234, 41.032805690329482, 0.0 ], [ -73.891522384114552, 41.032646988388102, 0.0 ], [ -73.891472824380415, 41.032488287908194, 0.0 ], [ -73.891476142274215, 41.032290505195718, 0.0 ], [ -73.891531341714582, 41.032112992166446, 0.0 ], [ -73.891690864959443, 41.03194639389833, 0.0 ], [ -73.891799225003112, 41.031719984245377, 0.0 ], [ -73.891671617948347, 41.031540670745876, 0.0 ], [ -73.891437199647598, 41.031498871124853, 0.0 ], [ -73.891414079024017, 41.031320606516637, 0.0 ], [ -73.89157475919535, 41.031084792483639, 0.0 ], [ -73.891734776310273, 41.030888516757379, 0.0 ], [ -73.891802893821264, 41.030720993290927, 0.0 ], [ -73.891659050760339, 41.030729518741047, 0.0 ], [ -73.891476246001702, 41.030727760497669, 0.0 ], [ -73.891478568092765, 41.030589329669432, 0.0 ], [ -73.891587365536495, 41.030333199916349, 0.0 ], [ -73.891694837572956, 41.030156191289493, 0.0 ], [ -73.891801914911426, 41.029998996262712, 0.0 ], [ -73.891831397273322, 41.029801465050504, 0.0 ], [ -73.891769419742261, 41.029603054349984, 0.0 ], [ -73.891734268813963, 41.029365357566455, 0.0 ], [ -73.891845432733916, 41.028960887407059, 0.0 ], [ -73.892005337140532, 41.02877451888633, 0.0 ], [ -73.892007658703747, 41.028636043854377, 0.0 ], [ -73.891866475896265, 41.028486326235615, 0.0 ], [ -73.89175483182575, 41.028139120973172, 0.0 ], [ -73.891785853417858, 41.027842652081254, 0.0 ], [ -73.891945529650528, 41.027666190161874, 0.0 ], [ -73.892000784320828, 41.02748867908668, 0.0 ], [ -73.891976942958209, 41.02734990744613, 0.0 ], [ -73.892032526727377, 41.027152672076497, 0.0 ], [ -73.892062610259998, 41.026915602438358, 0.0 ], [ -73.892039820678519, 41.026717568526976, 0.0 ], [ -73.891964761808694, 41.026519031172406, 0.0 ], [ -73.8918626033512, 41.026379596559991, 0.0 ], [ -73.891734341206629, 41.026239865792199, 0.0 ], [ -73.891631852155442, 41.026120199367291, 0.0 ], [ -73.8916616645283, 41.02590289966453, 0.0 ], [ -73.891496206291421, 41.025644176038178, 0.0 ], [ -73.891355197086838, 41.025484549751759, 0.0 ], [ -73.891357519743224, 41.025346074670992, 0.0 ], [ -73.891361334892196, 41.025118616171326, 0.0 ], [ -73.891233572106643, 41.024949251630723, 0.0 ], [ -73.891026667494629, 41.024828580945233, 0.0 ], [ -73.890977717142434, 41.024630340970376, 0.0 ], [ -73.891032971682492, 41.024452830267983, 0.0 ], [ -73.890983358954458, 41.024294082931952, 0.0 ], [ -73.890960407115429, 41.02410595593242, 0.0 ], [ -73.891148067526089, 41.023820857983566, 0.0 ], [ -73.891203922712705, 41.023603853023317, 0.0 ], [ -73.891180473386214, 41.023445357464702, 0.0 ], [ -73.891131857097207, 41.023227302299816, 0.0 ], [ -73.891108407301871, 41.023068851752789, 0.0 ], [ -73.89105951693233, 41.022870566394069, 0.0 ], [ -73.891104091820935, 41.02271219478871, 0.0 ], [ -73.891902338946622, 41.022707796373602, 0.0 ], [ -73.891991919009598, 41.022752567089121, 0.0 ], [ -73.892042255423036, 41.022707024851258, 0.0 ], [ -73.893603617942858, 41.022698403715047, 0.0 ], [ -73.89362663722811, 41.022963115075065, 0.0 ], [ -73.893711303019387, 41.023746268832632, 0.0 ], [ -73.893753583669991, 41.024211936116536, 0.0 ], [ -73.89373241678976, 41.024741086898821, 0.0 ], [ -73.89375360197414, 41.025333743155826, 0.0 ], [ -73.893817106331397, 41.025714758106972, 0.0 ], [ -73.894071109057919, 41.026116925102222, 0.0 ], [ -73.894462638469577, 41.026212158397769, 0.0 ], [ -73.894740240163969, 41.026185138907103, 0.0 ], [ -73.894612732415098, 41.026369796195233, 0.0 ], [ -73.894550874123908, 41.026697181867156, 0.0 ], [ -73.894433843384732, 41.027048359719998, 0.0 ], [ -73.89443383892268, 41.027610322222877, 0.0 ], [ -73.894667944164482, 41.027844388550342, 0.0 ], [ -73.894831072771368, 41.027880632765495, 0.0 ], [ -73.894717357865233, 41.028051278077221, 0.0 ], [ -73.894793333216853, 41.028380617080934, 0.0 ], [ -73.894793348354312, 41.029788021558161, 0.0 ], [ -73.894744770414519, 41.031195408273284, 0.0 ], [ -73.894696281700973, 41.032263107365182, 0.0 ], [ -73.894518251341978, 41.032380800150243, 0.0 ], [ -73.894493975868286, 41.032648058451599, 0.0 ], [ -73.89449394613176, 41.03301247489226, 0.0 ], [ -73.894598173481654, 41.033388206393994, 0.0 ], [ -73.894685440030884, 41.033682746783228, 0.0 ], [ -73.894685455843813, 41.034137017910766, 0.0 ], [ -73.894685458686354, 41.034559987153372, 0.0 ], [ -73.894701133221545, 41.034810602639105, 0.0 ], [ -73.894654100043468, 41.035108269617794, 0.0 ], [ -73.894575799402617, 41.035625205388719, 0.0 ], [ -73.89457576498279, 41.036032499436111, 0.0 ], [ -73.89452875826646, 41.036157844515493, 0.0 ], [ -73.894591433962759, 41.036518088028465, 0.0 ], [ -73.894622749566409, 41.036925322408329, 0.0 ], [ -73.894528771817804, 41.037113362618733, 0.0 ], [ -73.894466045988352, 41.037363992503614, 0.0 ], [ -73.89441907192824, 41.037583290692005, 0.0 ], [ -73.894372132658702, 41.037818263010507, 0.0 ], [ -73.894326645372331, 41.038048204781646, 0.0 ], [ -73.894226264673193, 41.037907843685936, 0.0 ], [ -73.894127150370792, 41.037709618606073, 0.0 ], [ -73.894011485799737, 41.037593973479204, 0.0 ], [ -73.893829800169684, 41.03757745482168, 0.0 ], [ -73.893697611365184, 41.037660050758284, 0.0 ], [ -73.893582007130149, 41.037544404880315, 0.0 ], [ -73.893648023809803, 41.037370916003347, 0.0 ], [ -73.89359850325306, 41.037180957539448, 0.0 ], [ -73.893631523224357, 41.036949679362856, 0.0 ] ] ] ] } },
{ "type": "Feature", "properties": { "id": "2", "Site": "Williamsburg River Ring", "Status": "Proposed Future Site", "Waterbody": "Upper Harbor", "Acres": 15.0, "sal_score": 0.8, "sal_mean_psu": 23.92, "sal_ci_lower_psu": 23.06, "sal_ci_upper_psu": 24.43, "sal_median_psu": 23.9, "sal_p10_psu": 22.36, "sal_p90_psu": 25.81, "chla_score": 0.68, "chla_mean_ug_L": 30.98, "chla_median_ug_L": 21.59, "chla_p10_ug_L": 7.48, "chla_p90_ug_L": 70.06, "chla_ci_lower_ug_L": 11.15, "chla_ci_upper_ug_L": 31.05, "chla_nearest_station_m": 3504.0, "do_score": 0.5, "do_mean_mg_L": 4.88, "do_median_mg_L": 4.74, "do_p10_mg_L": 3.98, "do_p90_mg_L": 5.89, "do_pct3": 3.42, "do_pct3_low": 0.0, "do_pct3_upper": 15.71, "do_nearest_station_m": 1537.0, "cso_within_50ft": "True", "cso_nearest_ft": 0.0, "ms4_within_50ft": "False", "ms4_nearest_ft": 1406.0, "park_within_1640ft": "True", "park_nearest_ft": 0.0, "depth_score": "FALSE", "depth_median_ft": 25.53, "depth_0_20ft_pct": 0.21, "depth_20_39ft_pct": 0.71, "depth_39ft_plus_pct": 0.08, "erosion_gt_0_ft_yr": "", "erosion_gt_1_ft_yr": "", "wave_sup_3ft": null }, "geometry": { "type": "MultiPolygon", "coordinates": [ [ [ [ -73.967186413263136, 40.716893042189746, 0.0 ], [ -73.967292966430747, 40.716731519743547, 0.0 ], [ -73.967227395250674, 40.716458173172605, 0.0 ], [ -73.968096213386545, 40.716688032864113, 0.0 ], [ -73.96792408903886, 40.717557765054842, 0.0 ], [ -73.967415912393363, 40.718800219902228, 0.0 ], [ -73.966325791524767, 40.719775530710777, 0.0 ], [ -73.965137313886103, 40.719222649267863, 0.0 ], [ -73.966227434754671, 40.718265967159667, 0.0 ], [ -73.966350380717287, 40.718334302051943, 0.0 ], [ -73.967276573635729, 40.716973803265908, 0.0 ], [ -73.967186413263136, 40.716893042189746, 0.0 ] ] ] ] } },
{ "type": "Feature", "properties": { "id": "3", "Site": "Bergen Basin", "Status": "Proposed Future Site", "Waterbody": "Jamaica Bay", "Acres": 5.0, "sal_score": 0.7, "sal_mean_psu": 26.04, "sal_ci_lower_psu": 25.4, "sal_ci_upper_psu": 26.55, "sal_median_psu": 26.17, "sal_p10_psu": 24.22, "sal_p90_psu": 27.43, "chla_score": 0.55, "chla_mean_ug_L": 25.29, "chla_median_ug_L": 17.52, "chla_p10_ug_L": 8.7, "chla_p90_ug_L": 48.88, "chla_ci_lower_ug_L": 8.06, "chla_ci_upper_ug_L": 23.49, "chla_nearest_station_m": 551.0, "do_score": 0.5, "do_mean_mg_L": 5.24, "do_median_mg_L": 4.95, "do_p10_mg_L": 3.84, "do_p90_mg_L": 6.97, "do_pct3": 10.3, "do_pct3_low": 1.06, "do_pct3_upper": 22.13, "do_nearest_station_m": 551.0, "cso_within_50ft": "False", "cso_nearest_ft": 4968.0, "ms4_within_50ft": "False", "ms4_nearest_ft": 1191.0, "park_within_1640ft": "False", "park_nearest_ft": 2566.0, "depth_score": "TRUE", "depth_median_ft": 3.03, "depth_0_20ft_pct": 1.0, "depth_20_39ft_pct": 0.0, "depth_39ft_plus_pct": 0.0, "erosion_gt_0_ft_yr": "False", "erosion_gt_1_ft_yr": "False", "wave_sup_3ft": "TRUE" }, "geometry": { "type": "MultiPolygon", "coordinates": [ [ [ [ -73.826177630122942, 40.648864060610009, 0.0 ], [ -73.826299027448073, 40.649261790294112, 0.0 ], [ -73.826216256544569, 40.649358082387565, 0.0 ], [ -73.82543269199148, 40.649383202041236, 0.0 ], [ -73.824853295667026, 40.649291096598155, 0.0 ], [ -73.82416353813791, 40.649127818454751, 0.0 ], [ -73.824124911716268, 40.64904408591859, 0.0 ], [ -73.823551033452048, 40.648587741749758, 0.0 ], [ -73.826177630122942, 40.648864060610009, 0.0 ] ] ] ] } },
{ "type": "Feature", "properties": { "id": "4", "Site": "Jamaica Bay Park 1", "Status": "Proposed Future Site", "Waterbody": "Jamaica Bay", "Acres": 7.0, "sal_score": 0.67, "sal_mean_psu": 26.54, "sal_ci_lower_psu": 25.74, "sal_ci_upper_psu": 27.85, "sal_median_psu": 26.42, "sal_p10_psu": 24.67, "sal_p90_psu": 28.71, "chla_score": 0.53, "chla_mean_ug_L": 23.24, "chla_median_ug_L": 16.69, "chla_p10_ug_L": 4.73, "chla_p90_ug_L": 51.33, "chla_ci_lower_ug_L": 11.5, "chla_ci_upper_ug_L": 22.5, "chla_nearest_station_m": 3569.0, "do_score": 0.75, "do_mean_mg_L": 5.71, "do_median_mg_L": 5.62, "do_p10_mg_L": 5.22, "do_p90_mg_L": 6.27, "do_pct3": 1.72, "do_pct3_low": 0.0, "do_pct3_upper": 6.46, "do_nearest_station_m": 456.0, "cso_within_50ft": "False", "cso_nearest_ft": 12559.0, "ms4_within_50ft": "True", "ms4_nearest_ft": 18.0, "park_within_1640ft": "True", "park_nearest_ft": 0.0, "depth_score": "TRUE", "depth_median_ft": 2.94, "depth_0_20ft_pct": 1.0, "depth_20_39ft_pct": 0.0, "depth_39ft_plus_pct": 0.0, "erosion_gt_0_ft_yr": "False", "erosion_gt_1_ft_yr": "False", "wave_sup_3ft": "TRUE" }, "geometry": { "type": "MultiPolygon", "coordinates": [ [ [ [ -73.7690803533837, 40.614010575662462, 0.0 ], [ -73.768857769400242, 40.614264024491213, 0.0 ], [ -73.767925698969535, 40.614528032665518, 0.0 ], [ -73.766854513549148, 40.614517472358578, 0.0 ], [ -73.765602478642208, 40.614211222731171, 0.0 ], [ -73.765059930182531, 40.613894411294595, 0.0 ], [ -73.764879080695991, 40.613630400616607, 0.0 ], [ -73.764739965706326, 40.612320892234685, 0.0 ], [ -73.762667152360393, 40.611571081526144, 0.0 ], [ -73.7625836833666, 40.611444352124487, 0.0 ], [ -73.762681063859375, 40.611444352124501, 0.0 ], [ -73.763362727308703, 40.611729492940235, 0.0 ], [ -73.764489558724947, 40.611835100340983, 0.0 ], [ -73.764726054207372, 40.611898464701333, 0.0 ], [ -73.765032107184595, 40.612046314641759, 0.0 ], [ -73.765059930182531, 40.612194164255072, 0.0 ], [ -73.76492081519288, 40.612310331578875, 0.0 ], [ -73.765032107184595, 40.612447619973921, 0.0 ], [ -73.765129487677356, 40.613239662898749, 0.0 ], [ -73.76499037268772, 40.613376949384332, 0.0 ], [ -73.765004284186674, 40.613588158811339, 0.0 ], [ -73.765143399176338, 40.613788807148588, 0.0 ], [ -73.765574655644286, 40.61387329047875, 0.0 ], [ -73.765978089114299, 40.613989454883296, 0.0 ], [ -73.7662563190936, 40.61424290379221, 0.0 ], [ -73.767118832029496, 40.61431682620951, 0.0 ], [ -73.768370866936422, 40.614190102015456, 0.0 ], [ -73.7690803533837, 40.614010575662462, 0.0 ] ] ] ] } },
{ "type": "Feature", "properties": { "id": "5", "Site": "Jamaica Bay Park 2", "Status": "Proposed Future Site", "Waterbody": "Jamaica Bay", "Acres": 26.0, "sal_score": 0.69, "sal_mean_psu": 26.2, "sal_ci_lower_psu": 25.58, "sal_ci_upper_psu": 27.84, "sal_median_psu": 26.06, "sal_p10_psu": 24.43, "sal_p90_psu": 28.28, "chla_score": 0.52, "chla_mean_ug_L": 22.72, "chla_median_ug_L": 16.59, "chla_p10_ug_L": 4.49, "chla_p90_ug_L": 50.38, "chla_ci_lower_ug_L": 11.41, "chla_ci_upper_ug_L": 22.56, "chla_nearest_station_m": 2262.0, "do_score": 0.75, "do_mean_mg_L": 5.44, "do_median_mg_L": 5.14, "do_p10_mg_L": 4.68, "do_p90_mg_L": 6.35, "do_pct3": 2.59, "do_pct3_low": 0.04, "do_pct3_upper": 9.32, "do_nearest_station_m": 261.0, "cso_within_50ft": "False", "cso_nearest_ft": 9525.0, "ms4_within_50ft": "False", "ms4_nearest_ft": 936.0, "park_within_1640ft": "True", "park_nearest_ft": 0.0, "depth_score": "TRUE", "depth_median_ft": 4.08, "depth_0_20ft_pct": 1.0, "depth_20_39ft_pct": 0.0, "depth_39ft_plus_pct": 0.0, "erosion_gt_0_ft_yr": "True", "erosion_gt_1_ft_yr": "True", "wave_sup_3ft": "TRUE" }, "geometry": { "type": "MultiPolygon", "coordinates": [ [ [ [ -73.763478221714649, 40.622040379836207, 0.0 ], [ -73.763617955206428, 40.621457043755129, 0.0 ], [ -73.765141050266934, 40.621234314089385, 0.0 ], [ -73.765462437298055, 40.621149464497549, 0.0 ], [ -73.765937531170124, 40.62081006505246, 0.0 ], [ -73.766985532358532, 40.620184292804744, 0.0 ], [ -73.768061480245308, 40.619919133304435, 0.0 ], [ -73.769249214925495, 40.618837271635584, 0.0 ], [ -73.770227349368, 40.616620461133159, 0.0 ], [ -73.770199402669661, 40.615909793392078, 0.0 ], [ -73.76855054746656, 40.615453689217439, 0.0 ], [ -73.767879826705965, 40.615315796644666, 0.0 ], [ -73.768285053832159, 40.61512486799716, 0.0 ], [ -73.770227349368, 40.615390046526883, 0.0 ], [ -73.770939990176132, 40.61618557580114, 0.0 ], [ -73.770450922954879, 40.617288694053329, 0.0 ], [ -73.76941689511564, 40.619049402755472, 0.0 ], [ -73.768005586848588, 40.62038581332105, 0.0 ], [ -73.764065102380158, 40.622570680943817, 0.0 ], [ -73.763478221714649, 40.622040379836207, 0.0 ] ] ] ] } },
{ "type": "Feature", "properties": { "id": "6", "Site": "Alley Creek", "Status": "Proposed Future Site", "Waterbody": "Western Long Siland Sound", "Acres": 11.0, "sal_score": 0.75, "sal_mean_psu": 25.09, "sal_ci_lower_psu": 24.85, "sal_ci_upper_psu": 25.35, "sal_median_psu": 25.22, "sal_p10_psu": 24.14, "sal_p90_psu": 25.87, "chla_score": 0.57, "chla_mean_ug_L": 23.4, "chla_median_ug_L": 18.05, "chla_p10_ug_L": 4.56, "chla_p90_ug_L": 45.86, "chla_ci_lower_ug_L": 9.07, "chla_ci_upper_ug_L": 28.31, "chla_nearest_station_m": 790.0, "do_score": 0.75, "do_mean_mg_L": 6.11, "do_median_mg_L": 6.02, "do_p10_mg_L": 4.17, "do_p90_mg_L": 8.13, "do_pct3": 3.94, "do_pct3_low": 0.03, "do_pct3_upper": 8.76, "do_nearest_station_m": 450.0, "cso_within_50ft": "False", "cso_nearest_ft": 1059.0, "ms4_within_50ft": "False", "ms4_nearest_ft": 840.0, "park_within_1640ft": "True", "park_nearest_ft": 0.0, "depth_score": "TRUE", "depth_median_ft": 2.1, "depth_0_20ft_pct": 1.0, "depth_20_39ft_pct": 0.0, "depth_39ft_plus_pct": 0.0, "erosion_gt_0_ft_yr": "True", "erosion_gt_1_ft_yr": "True", "wave_sup_3ft": "TRUE" }, "geometry": { "type": "MultiPolygon", "coordinates": [ [ [ [ -73.760416591433525, 40.769807214899494, 0.0 ], [ -73.759820991791017, 40.769891374913186, 0.0 ], [ -73.758745000871684, 40.768566692873627, 0.0 ], [ -73.755313701478144, 40.766349196887354, 0.0 ], [ -73.755847915754984, 40.766263607839889, 0.0 ], [ -73.756289669868508, 40.766380320150041, 0.0 ], [ -73.756515683601037, 40.766683771197101, 0.0 ], [ -73.756751970685002, 40.766816044296796, 0.0 ], [ -73.75729645831332, 40.76726732700854, 0.0 ], [ -73.758097779728587, 40.76731401125209, 0.0 ], [ -73.758518987139169, 40.767516309261815, 0.0 ], [ -73.758611447302471, 40.767913122799861, 0.0 ], [ -73.758888827792362, 40.768045393452631, 0.0 ], [ -73.759268941797018, 40.768597815097749, 0.0 ], [ -73.759577142341371, 40.768784548136416, 0.0 ], [ -73.760416591433525, 40.769807214899494, 0.0 ] ] ] ] } },
{ "type": "Feature", "properties": { "id": "7", "Site": "Little Neck Bay", "Status": "Proposed Future Site", "Waterbody": "Western Long Island Sound", "Acres": 83.0, "sal_score": 0.74, "sal_mean_psu": 25.13, "sal_ci_lower_psu": 24.94, "sal_ci_upper_psu": 25.35, "sal_median_psu": 25.26, "sal_p10_psu": 24.16, "sal_p90_psu": 26.06, "chla_score": 0.7, "chla_mean_ug_L": 26.28, "chla_median_ug_L": 22.1, "chla_p10_ug_L": 5.15, "chla_p90_ug_L": 48.89, "chla_ci_lower_ug_L": 10.6, "chla_ci_upper_ug_L": 30.81, "chla_nearest_station_m": 395.0, "do_score": 0.75, "do_mean_mg_L": 6.15, "do_median_mg_L": 6.06, "do_p10_mg_L": 4.22, "do_p90_mg_L": 8.19, "do_pct3": 3.61, "do_pct3_low": 0.06, "do_pct3_upper": 8.08, "do_nearest_station_m": 395.0, "cso_within_50ft": "False", "cso_nearest_ft": 2214.0, "ms4_within_50ft": "False", "ms4_nearest_ft": 247.0, "park_within_1640ft": "True", "park_nearest_ft": 0.0, "depth_score": "TRUE", "depth_median_ft": 6.91, "depth_0_20ft_pct": 1.0, "depth_20_39ft_pct": 0.0, "depth_39ft_plus_pct": 0.0, "erosion_gt_0_ft_yr": "", "erosion_gt_1_ft_yr": "", "wave_sup_3ft": null }, "geometry": { "type": "MultiPolygon", "coordinates": [ [ [ [ -73.766062195530338, 40.776928453728928, 0.0 ], [ -73.764355639677476, 40.77757460221644, 0.0 ], [ -73.762734411617259, 40.77575244735359, 0.0 ], [ -73.760754806827961, 40.774511802678511, 0.0 ], [ -73.7584509564266, 40.772340618749041, 0.0 ], [ -73.758194973048688, 40.771539330565439, 0.0 ], [ -73.760669479035329, 40.770660487252847, 0.0 ], [ -73.76283680496843, 40.772754183062943, 0.0 ], [ -73.76508945869422, 40.775132127912073, 0.0 ], [ -73.766062195530338, 40.776928453728928, 0.0 ] ] ] ] } },
{ "type": "Feature", "properties": { "id": "8", "Site": "Joe Michael Mile", "Status": "Proposed Future Site", "Waterbody": "Westen Long Island Sound", "Acres": 108.0, "sal_score": 0.73, "sal_mean_psu": 25.49, "sal_ci_lower_psu": 24.86, "sal_ci_upper_psu": 25.65, "sal_median_psu": 25.5, "sal_p10_psu": 24.49, "sal_p90_psu": 26.36, "chla_score": 0.62, "chla_mean_ug_L": 24.82, "chla_median_ug_L": 19.63, "chla_p10_ug_L": 5.0, "chla_p90_ug_L": 48.97, "chla_ci_lower_ug_L": 10.61, "chla_ci_upper_ug_L": 29.18, "chla_nearest_station_m": 601.0, "do_score": 0.75, "do_mean_mg_L": 6.35, "do_median_mg_L": 6.16, "do_p10_mg_L": 4.55, "do_p90_mg_L": 8.32, "do_pct3": 1.08, "do_pct3_low": 0.08, "do_pct3_upper": 6.07, "do_nearest_station_m": 224.0, "cso_within_50ft": "False", "cso_nearest_ft": 160.0, "ms4_within_50ft": "False", "ms4_nearest_ft": 173.0, "park_within_1640ft": "True", "park_nearest_ft": 0.0, "depth_score": "TRUE", "depth_median_ft": 7.66, "depth_0_20ft_pct": 1.0, "depth_20_39ft_pct": 0.0, "depth_39ft_plus_pct": 0.0, "erosion_gt_0_ft_yr": "", "erosion_gt_1_ft_yr": "", "wave_sup_3ft": null }, "geometry": { "type": "MultiPolygon", "coordinates": [ [ [ [ -73.770432307737337, 40.787579785346409, 0.0 ], [ -73.768485666423473, 40.785915713719596, 0.0 ], [ -73.765597101893235, 40.781446286400161, 0.0 ], [ -73.768171692018029, 40.780210008722143, 0.0 ], [ -73.770997461667164, 40.783158017505862, 0.0 ], [ -73.773697641554136, 40.786486257260528, 0.0 ], [ -73.770432307737337, 40.787579785346409, 0.0 ] ] ] ] } },
{ "type": "Feature", "properties": { "id": "9", "Site": "Hart Island", "Status": "Proposed Future Site", "Waterbody": "Westrn Long Island Sound", "Acres": 30.0, "sal_score": 0.7, "sal_mean_psu": 26.01, "sal_ci_lower_psu": 25.9, "sal_ci_upper_psu": 26.15, "sal_median_psu": 25.97, "sal_p10_psu": 25.25, "sal_p90_psu": 27.03, "chla_score": 0.24, "chla_mean_ug_L": 9.23, "chla_median_ug_L": 7.66, "chla_p10_ug_L": 2.37, "chla_p90_ug_L": 16.94, "chla_ci_lower_ug_L": 6.66, "chla_ci_upper_ug_L": 9.02, "chla_nearest_station_m": 2836.0, "do_score": 1.0, "do_mean_mg_L": 6.02, "do_median_mg_L": 6.2, "do_p10_mg_L": 4.18, "do_p90_mg_L": 7.8, "do_pct3": 0.43, "do_pct3_low": 0.0, "do_pct3_upper": 1.17, "do_nearest_station_m": 2836.0, "cso_within_50ft": "False", "cso_nearest_ft": 7295.0, "ms4_within_50ft": "False", "ms4_nearest_ft": 3800.0, "park_within_1640ft": "True", "park_nearest_ft": 29.0, "depth_score": "TRUE", "depth_median_ft": 13.8, "depth_0_20ft_pct": 0.91, "depth_20_39ft_pct": 0.09, "depth_39ft_plus_pct": 0.0, "erosion_gt_0_ft_yr": "True", "erosion_gt_1_ft_yr": "False", "wave_sup_3ft": "TRUE" }, "geometry": { "type": "MultiPolygon", "coordinates": [ [ [ [ -73.772550287172947, 40.854208428587292, 0.0 ], [ -73.77323321991382, 40.854305282444017, 0.0 ], [ -73.77331858650642, 40.857662795273576, 0.0 ], [ -73.774278960673286, 40.859115512503678, 0.0 ], [ -73.775751534395795, 40.860342226687173, 0.0 ], [ -73.775964950877309, 40.861633480231362, 0.0 ], [ -73.775111284951208, 40.862327518609874, 0.0 ], [ -73.775346043080887, 40.861359090959496, 0.0 ], [ -73.775239334840123, 40.860987856605888, 0.0 ], [ -73.773467978043485, 40.859454475273203, 0.0 ], [ -73.772699678709998, 40.859438334228237, 0.0 ], [ -73.772400895635869, 40.857097841080147, 0.0 ], [ -73.772550287172947, 40.854208428587292, 0.0 ] ] ] ] } },
{ "type": "Feature", "properties": { "id": "10", "Site": "Orchard Beach", "Status": "Proposed Future Site", "Waterbody": "Western Long Island Sound", "Acres": 22.0, "sal_score": 0.7, "sal_mean_psu": 26.05, "sal_ci_lower_psu": 25.93, "sal_ci_upper_psu": 26.17, "sal_median_psu": 25.99, "sal_p10_psu": 25.38, "sal_p90_psu": 26.98, "chla_score": 0.25, "chla_mean_ug_L": 9.43, "chla_median_ug_L": 7.78, "chla_p10_ug_L": 2.37, "chla_p90_ug_L": 16.84, "chla_ci_lower_ug_L": 6.8, "chla_ci_upper_ug_L": 8.95, "chla_nearest_station_m": 2127.0, "do_score": 1.0, "do_mean_mg_L": 5.84, "do_median_mg_L": 6.11, "do_p10_mg_L": 3.89, "do_p90_mg_L": 7.73, "do_pct3": 0.52, "do_pct3_low": 0.0, "do_pct3_upper": 1.52, "do_nearest_station_m": 925.0, "cso_within_50ft": "False", "cso_nearest_ft": 5812.0, "ms4_within_50ft": "False", "ms4_nearest_ft": 2684.0, "park_within_1640ft": "True", "park_nearest_ft": 0.0, "depth_score": "TRUE", "depth_median_ft": 17.35, "depth_0_20ft_pct": 0.95, "depth_20_39ft_pct": 0.05, "depth_39ft_plus_pct": 0.0, "erosion_gt_0_ft_yr": "True", "erosion_gt_1_ft_yr": "True", "wave_sup_3ft": null }, "geometry": { "type": "MultiPolygon", "coordinates": [ [ [ [ -73.782264415266212, 40.873559786739882, 0.0 ], [ -73.780780625855115, 40.876606766064228, 0.0 ], [ -73.779218742264504, 40.87611075573075, 0.0 ], [ -73.780702531675601, 40.873146426028839, 0.0 ], [ -73.782264415266212, 40.873559786739882, 0.0 ] ] ] ] } },
{ "type": "Feature", "properties": { "id": "11", "Site": "Orchard Beach", "Status": "Proposed Future Site", "Waterbody": "Western Long Island Sound", "Acres": 10.0, "sal_score": 0.7, "sal_mean_psu": 26.05, "sal_ci_lower_psu": 25.92, "sal_ci_upper_psu": 26.18, "sal_median_psu": 25.99, "sal_p10_psu": 25.38, "sal_p90_psu": 26.98, "chla_score": 0.25, "chla_mean_ug_L": 9.42, "chla_median_ug_L": 7.78, "chla_p10_ug_L": 2.37, "chla_p90_ug_L": 16.8, "chla_ci_lower_ug_L": 6.78, "chla_ci_upper_ug_L": 8.86, "chla_nearest_station_m": 2192.0, "do_score": 1.0, "do_mean_mg_L": 5.83, "do_median_mg_L": 6.12, "do_p10_mg_L": 3.86, "do_p90_mg_L": 7.75, "do_pct3": 0.5, "do_pct3_low": 0.0, "do_pct3_upper": 1.43, "do_nearest_station_m": 822.0, "cso_within_50ft": "False", "cso_nearest_ft": 5283.0, "ms4_within_50ft": "False", "ms4_nearest_ft": 2585.0, "park_within_1640ft": "True", "park_nearest_ft": 0.0, "depth_score": "TRUE", "depth_median_ft": 10.94, "depth_0_20ft_pct": 1.0, "depth_20_39ft_pct": 0.0, "depth_39ft_plus_pct": 0.0, "erosion_gt_0_ft_yr": "True", "erosion_gt_1_ft_yr": "False", "wave_sup_3ft": "FALSE" }, "geometry": { "type": "MultiPolygon", "coordinates": [ [ [ [ -73.784013724887686, 40.875791889982459, 0.0 ], [ -73.78351392213871, 40.875449402838321, 0.0 ], [ -73.783217164256484, 40.874917953761994, 0.0 ], [ -73.783545159810515, 40.874138487399478, 0.0 ], [ -73.784435433457162, 40.87363064831689, 0.0 ], [ -73.784950855042084, 40.874610892351079, 0.0 ], [ -73.784685334831678, 40.875378543207979, 0.0 ], [ -73.784013724887686, 40.875791889982459, 0.0 ] ] ] ] } },
{ "type": "Feature", "properties": { "id": "12", "Site": "Orchard Beach", "Status": "Proposed Future Site", "Waterbody": "Western Long Island Sound", "Acres": 35.0, "sal_score": 0.7, "sal_mean_psu": 26.07, "sal_ci_lower_psu": 25.91, "sal_ci_upper_psu": 26.21, "sal_median_psu": 26.0, "sal_p10_psu": 25.37, "sal_p90_psu": 27.02, "chla_score": 0.25, "chla_mean_ug_L": 9.46, "chla_median_ug_L": 7.8, "chla_p10_ug_L": 2.36, "chla_p90_ug_L": 16.7, "chla_ci_lower_ug_L": 6.82, "chla_ci_upper_ug_L": 8.99, "chla_nearest_station_m": 1749.0, "do_score": 1.0, "do_mean_mg_L": 5.82, "do_median_mg_L": 6.13, "do_p10_mg_L": 3.85, "do_p90_mg_L": 7.75, "do_pct3": 0.46, "do_pct3_low": 0.0, "do_pct3_upper": 1.41, "do_nearest_station_m": 474.0, "cso_within_50ft": "False", "cso_nearest_ft": 6103.0, "ms4_within_50ft": "False", "ms4_nearest_ft": 1156.0, "park_within_1640ft": "True", "park_nearest_ft": 0.0, "depth_score": "TRUE", "depth_median_ft": 13.89, "depth_0_20ft_pct": 0.99, "depth_20_39ft_pct": 0.01, "depth_39ft_plus_pct": 0.0, "erosion_gt_0_ft_yr": "True", "erosion_gt_1_ft_yr": "True", "wave_sup_3ft": "TRUE" }, "geometry": { "type": "MultiPolygon", "coordinates": [ [ [ [ -73.783232783092373, 40.880468433694119, 0.0 ], [ -73.782764218015203, 40.880503860794633, 0.0 ], [ -73.782264415266212, 40.880397579436249, 0.0 ], [ -73.781655280665859, 40.880031497895573, 0.0 ], [ -73.781374141619551, 40.879535513223558, 0.0 ], [ -73.781155477916869, 40.87908676198451, 0.0 ], [ -73.781108621409132, 40.878602579604042, 0.0 ], [ -73.781155477916869, 40.877894013639008, 0.0 ], [ -73.781405379291371, 40.877386203365205, 0.0 ], [ -73.781827087860833, 40.876949247220701, 0.0 ], [ -73.782264415266212, 40.87685476983728, 0.0 ], [ -73.782498697804783, 40.876807531094983, 0.0 ], [ -73.782670504999771, 40.876193424377753, 0.0 ], [ -73.783107832405136, 40.876335141818117, 0.0 ], [ -73.783185926584679, 40.876831150470345, 0.0 ], [ -73.783185926584679, 40.877126391951172, 0.0 ], [ -73.783357733779638, 40.877374393777579, 0.0 ], [ -73.783795061185032, 40.877634204218161, 0.0 ], [ -73.783966868379991, 40.878047536908426, 0.0 ], [ -73.78398248721588, 40.878484485803263, 0.0 ], [ -73.783920011872269, 40.8790749527003, 0.0 ], [ -73.7837794423491, 40.879689032685846, 0.0 ], [ -73.78327963960011, 40.880468433694105, 0.0 ], [ -73.783232783092373, 40.880468433694119, 0.0 ] ] ] ] } },
{ "type": "Feature", "properties": { "id": "13", "Site": "Fort Totten", "Status": "Proposed Future Site", "Waterbody": "Western Long Island Sound", "Acres": 17.0, "sal_score": 0.72, "sal_mean_psu": 25.57, "sal_ci_lower_psu": 25.2, "sal_ci_upper_psu": 25.74, "sal_median_psu": 25.58, "sal_p10_psu": 24.8, "sal_p90_psu": 26.34, "chla_score": 0.5, "chla_mean_ug_L": 19.96, "chla_median_ug_L": 15.74, "chla_p10_ug_L": 4.14, "chla_p90_ug_L": 40.31, "chla_ci_lower_ug_L": 8.98, "chla_ci_upper_ug_L": 24.85, "chla_nearest_station_m": 794.0, "do_score": 0.75, "do_mean_mg_L": 6.17, "do_median_mg_L": 6.09, "do_p10_mg_L": 4.48, "do_p90_mg_L": 7.93, "do_pct3": 0.71, "do_pct3_low": 0.06, "do_pct3_upper": 7.97, "do_nearest_station_m": 261.0, "cso_within_50ft": "False", "cso_nearest_ft": 2368.0, "ms4_within_50ft": "True", "ms4_nearest_ft": 49.0, "park_within_1640ft": "True", "park_nearest_ft": 0.0, "depth_score": "TRUE", "depth_median_ft": 4.58, "depth_0_20ft_pct": 1.0, "depth_20_39ft_pct": 0.0, "depth_39ft_plus_pct": 0.0, "erosion_gt_0_ft_yr": "", "erosion_gt_1_ft_yr": "", "wave_sup_3ft": null }, "geometry": { "type": "MultiPolygon", "coordinates": [ [ [ [ -73.7760181935638, 40.796248227107313, 0.0 ], [ -73.77531868282432, 40.79633443385827, 0.0 ], [ -73.770096753815594, 40.788513794505654, 0.0 ], [ -73.770601052255671, 40.788452211012974, 0.0 ], [ -73.770747461480241, 40.788710861298348, 0.0 ], [ -73.77167471990235, 40.789622287607237, 0.0 ], [ -73.771690987593971, 40.789843984007021, 0.0 ], [ -73.772081412192748, 40.790102628871281, 0.0 ], [ -73.772227821417289, 40.790447487123082, 0.0 ], [ -73.772195286034048, 40.79118646306015, 0.0 ], [ -73.772455569099904, 40.791617528558746, 0.0 ], [ -73.773220150605866, 40.792221015555192, 0.0 ], [ -73.773578039821416, 40.792639758410949, 0.0 ], [ -73.773805787504031, 40.793206288659242, 0.0 ], [ -73.774082338261493, 40.794006812290327, 0.0 ], [ -73.774619172084826, 40.794930481409232, 0.0 ], [ -73.7760181935638, 40.796248227107313, 0.0 ] ] ] ] } },
{ "type": "Feature", "properties": { "id": "14", "Site": "Fort Totten", "Status": "Proposed Future Site", "Waterbody": "Western Long Island Sound", "Acres": 3.0, "sal_score": 0.73, "sal_mean_psu": 25.41, "sal_ci_lower_psu": 25.25, "sal_ci_upper_psu": 25.65, "sal_median_psu": 25.39, "sal_p10_psu": 24.48, "sal_p90_psu": 26.58, "chla_score": 0.38, "chla_mean_ug_L": 15.21, "chla_median_ug_L": 12.03, "chla_p10_ug_L": 3.44, "chla_p90_ug_L": 29.81, "chla_ci_lower_ug_L": 6.08, "chla_ci_upper_ug_L": 23.82, "chla_nearest_station_m": 711.0, "do_score": 0.5, "do_mean_mg_L": 6.01, "do_median_mg_L": 5.9, "do_p10_mg_L": 4.42, "do_p90_mg_L": 7.71, "do_pct3": 0.78, "do_pct3_low": 0.06, "do_pct3_upper": 10.33, "do_nearest_station_m": 711.0, "cso_within_50ft": "False", "cso_nearest_ft": 3654.0, "ms4_within_50ft": "False", "ms4_nearest_ft": 90.0, "park_within_1640ft": "True", "park_nearest_ft": 0.0, "depth_score": "TRUE", "depth_median_ft": 6.86, "depth_0_20ft_pct": 1.0, "depth_20_39ft_pct": 0.0, "depth_39ft_plus_pct": 0.0, "erosion_gt_0_ft_yr": "", "erosion_gt_1_ft_yr": "", "wave_sup_3ft": null }, "geometry": { "type": "MultiPolygon", "coordinates": [ [ [ [ -73.78316866341423, 40.795026474292882, 0.0 ], [ -73.783153686265663, 40.795661425961399, 0.0 ], [ -73.781985468677206, 40.795650087592016, 0.0 ], [ -73.78202665583575, 40.795023639673595, 0.0 ], [ -73.782539623174287, 40.794989624232826, 0.0 ], [ -73.78316866341423, 40.795026474292882, 0.0 ] ] ] ] } },
{ "type": "Feature", "properties": { "id": "15", "Site": "Fort Totten", "Status": "Proposed Future Site", "Waterbody": "Western Long Island Sound", "Acres": 2.0, "sal_score": 0.73, "sal_mean_psu": 25.42, "sal_ci_lower_psu": 25.26, "sal_ci_upper_psu": 25.65, "sal_median_psu": 25.39, "sal_p10_psu": 24.49, "sal_p90_psu": 26.58, "chla_score": 0.39, "chla_mean_ug_L": 15.5, "chla_median_ug_L": 12.26, "chla_p10_ug_L": 3.48, "chla_p90_ug_L": 30.4, "chla_ci_lower_ug_L": 6.02, "chla_ci_upper_ug_L": 23.86, "chla_nearest_station_m": 794.0, "do_score": 0.5, "do_mean_mg_L": 6.02, "do_median_mg_L": 5.92, "do_p10_mg_L": 4.43, "do_p90_mg_L": 7.73, "do_pct3": 0.8, "do_pct3_low": 0.04, "do_pct3_upper": 11.99, "do_nearest_station_m": 794.0, "cso_within_50ft": "False", "cso_nearest_ft": 3483.0, "ms4_within_50ft": "False", "ms4_nearest_ft": 168.0, "park_within_1640ft": "True", "park_nearest_ft": 62.0, "depth_score": "TRUE", "depth_median_ft": 8.53, "depth_0_20ft_pct": 1.0, "depth_20_39ft_pct": 0.0, "depth_39ft_plus_pct": 0.0, "erosion_gt_0_ft_yr": "", "erosion_gt_1_ft_yr": "", "wave_sup_3ft": null }, "geometry": { "type": "MultiPolygon", "coordinates": [ [ [ [ -73.783262270592786, 40.794805373625685, 0.0 ], [ -73.783112499107091, 40.794887577805881, 0.0 ], [ -73.782352408817161, 40.794881908555361, 0.0 ], [ -73.782303733084319, 40.794808208254295, 0.0 ], [ -73.782378618827153, 40.794652303501671, 0.0 ], [ -73.782311221658588, 40.794547421916647, 0.0 ], [ -73.782288755935724, 40.794377343318452, 0.0 ], [ -73.782344920242878, 40.794377343318452, 0.0 ], [ -73.783288480602806, 40.794360335434668, 0.0 ], [ -73.783262270592786, 40.794805373625685, 0.0 ] ] ] ] } },
{ "type": "Feature", "properties": { "id": "16", "Site": "Brooklyn Marine Park", "Status": "Proposed Future Site", "Waterbody": "Jamaica Bay", "Acres": 2.0, "sal_score": 0.52, "sal_mean_psu": 29.53, "sal_ci_lower_psu": 27.8, "sal_ci_upper_psu": 30.14, "sal_median_psu": 29.62, "sal_p10_psu": 28.23, "sal_p90_psu": 30.4, "chla_score": 0.47, "chla_mean_ug_L": 21.07, "chla_median_ug_L": 14.9, "chla_p10_ug_L": 5.52, "chla_p90_ug_L": 44.14, "chla_ci_lower_ug_L": 9.86, "chla_ci_upper_ug_L": 21.01, "chla_nearest_station_m": 7524.0, "do_score": 1.0, "do_mean_mg_L": 6.1, "do_median_mg_L": 6.03, "do_p10_mg_L": 5.51, "do_p90_mg_L": 6.71, "do_pct3": 0.0, "do_pct3_low": 0.0, "do_pct3_upper": 0.0, "do_nearest_station_m": 351.0, "cso_within_50ft": "False", "cso_nearest_ft": 15023.0, "ms4_within_50ft": "False", "ms4_nearest_ft": 268.0, "park_within_1640ft": "True", "park_nearest_ft": 0.0, "depth_score": "TRUE", "depth_median_ft": 7.06, "depth_0_20ft_pct": 1.0, "depth_20_39ft_pct": 0.0, "depth_39ft_plus_pct": 0.0, "erosion_gt_0_ft_yr": "False", "erosion_gt_1_ft_yr": "False", "wave_sup_3ft": "FALSE" }, "geometry": { "type": "MultiPolygon", "coordinates": [ [ [ [ -73.917506883201895, 40.587110861400248, 0.0 ], [ -73.91694874049918, 40.587189183946393, 0.0 ], [ -73.916408798101997, 40.587378079121514, 0.0 ], [ -73.915965924000915, 40.587594616836661, 0.0 ], [ -73.91487997243803, 40.588198154427317, 0.0 ], [ -73.914200494365147, 40.588792472380973, 0.0 ], [ -73.914218694670666, 40.588562117211801, 0.0 ], [ -73.914437098336961, 40.588304118480337, 0.0 ], [ -73.914886039206522, 40.588000047269027, 0.0 ], [ -73.915680785881037, 40.587557759402728, 0.0 ], [ -73.916141860287638, 40.587304363994697, 0.0 ], [ -73.916748537138432, 40.587106254188782, 0.0 ], [ -73.917282412767122, 40.587023324328349, 0.0 ], [ -73.917506883201895, 40.587110861400248, 0.0 ] ] ] ] } },
{ "type": "Feature", "properties": { "id": "17", "Site": "Brooklyn Marine Park", "Status": "Proposed Future Site", "Waterbody": "Jamaica Bay", "Acres": 12.0, "sal_score": 0.52, "sal_mean_psu": 29.5, "sal_ci_lower_psu": 27.8, "sal_ci_upper_psu": 30.13, "sal_median_psu": 29.6, "sal_p10_psu": 28.2, "sal_p90_psu": 30.37, "chla_score": 0.46, "chla_mean_ug_L": 20.29, "chla_median_ug_L": 14.47, "chla_p10_ug_L": 5.38, "chla_p90_ug_L": 42.5, "chla_ci_lower_ug_L": 8.67, "chla_ci_upper_ug_L": 21.14, "chla_nearest_station_m": 7720.0, "do_score": 1.0, "do_mean_mg_L": 5.78, "do_median_mg_L": 5.64, "do_p10_mg_L": 5.15, "do_p90_mg_L": 6.47, "do_pct3": 0.0, "do_pct3_low": 0.0, "do_pct3_upper": 0.0, "do_nearest_station_m": 177.0, "cso_within_50ft": "False", "cso_nearest_ft": 14298.0, "ms4_within_50ft": "False", "ms4_nearest_ft": 1547.0, "park_within_1640ft": "True", "park_nearest_ft": 0.0, "depth_score": "TRUE", "depth_median_ft": 14.92, "depth_0_20ft_pct": 1.0, "depth_20_39ft_pct": 0.0, "depth_39ft_plus_pct": 0.0, "erosion_gt_0_ft_yr": "False", "erosion_gt_1_ft_yr": "False", "wave_sup_3ft": "FALSE" }, "geometry": { "type": "MultiPolygon", "coordinates": [ [ [ [ -73.914054378415941, 40.59066151813353, 0.0 ], [ -73.913117316901292, 40.590818196842584, 0.0 ], [ -73.911986825257472, 40.590730065113945, 0.0 ], [ -73.912081391098368, 40.589845477255309, 0.0 ], [ -73.912270522780233, 40.589166523655315, 0.0 ], [ -73.913749188656581, 40.589163259438692, 0.0 ], [ -73.914084467547141, 40.59021432896558, 0.0 ], [ -73.914054378415941, 40.59066151813353, 0.0 ] ] ] ] } },
{ "type": "Feature", "properties": { "id": "18", "Site": "Brooklyn Marine Park", "Status": "Proposed Future Site", "Waterbody": "Jamaica Bay", "Acres": 11.0, "sal_score": 0.53, "sal_mean_psu": 29.36, "sal_ci_lower_psu": 27.79, "sal_ci_upper_psu": 30.03, "sal_median_psu": 29.48, "sal_p10_psu": 28.05, "sal_p90_psu": 30.24, "chla_score": 0.32, "chla_mean_ug_L": 12.28, "chla_median_ug_L": 10.0, "chla_p10_ug_L": 5.27, "chla_p90_ug_L": 25.6, "chla_ci_lower_ug_L": 2.0, "chla_ci_upper_ug_L": 15.6, "chla_nearest_station_m": 9168.0, "do_score": 1.0, "do_mean_mg_L": 6.6, "do_median_mg_L": 6.67, "do_p10_mg_L": 6.02, "do_p90_mg_L": 7.14, "do_pct3": 0.0, "do_pct3_low": 0.0, "do_pct3_upper": 0.0, "do_nearest_station_m": 809.0, "cso_within_50ft": "False", "cso_nearest_ft": 10539.0, "ms4_within_50ft": "False", "ms4_nearest_ft": 1754.0, "park_within_1640ft": "True", "park_nearest_ft": 0.0, "depth_score": "TRUE", "depth_median_ft": 14.44, "depth_0_20ft_pct": 0.99, "depth_20_39ft_pct": 0.01, "depth_39ft_plus_pct": 0.0, "erosion_gt_0_ft_yr": "True", "erosion_gt_1_ft_yr": "True", "wave_sup_3ft": "FALSE" }, "geometry": { "type": "MultiPolygon", "coordinates": [ [ [ [ -73.921964871385171, 40.601446963660422, 0.0 ], [ -73.921369370331988, 40.601389796879239, 0.0 ], [ -73.920944990271124, 40.601218296242322, 0.0 ], [ -73.920623282805593, 40.600979234014289, 0.0 ], [ -73.92032895469886, 40.60098962804198, 0.0 ], [ -73.92008938530968, 40.600631033152659, 0.0 ], [ -73.920465851492708, 40.600651821314706, 0.0 ], [ -73.921095576744335, 40.60057906271922, 0.0 ], [ -73.92181428491196, 40.600417954118903, 0.0 ], [ -73.922327647888821, 40.600262042200441, 0.0 ], [ -73.922772562468765, 40.600100932836021, 0.0 ], [ -73.923258546086871, 40.599742333179343, 0.0 ], [ -73.924059392330776, 40.599077099736462, 0.0 ], [ -73.924346875597834, 40.599175845744071, 0.0 ], [ -73.924066237170479, 40.599212225815315, 0.0 ], [ -73.923997788773562, 40.599456491495481, 0.0 ], [ -73.923744529704976, 40.599679967825296, 0.0 ], [ -73.923477580956998, 40.600126918243674, 0.0 ], [ -73.923176408010576, 40.600282830477248, 0.0 ], [ -73.923046356056432, 40.600901278755082, 0.0 ], [ -73.921964871385171, 40.601446963660422, 0.0 ] ] ] ] } },
{ "type": "Feature", "properties": { "id": "19", "Site": "Lemon Creek", "Status": "Proposed Future Site", "Waterbody": "Raritan Bay/Lower Harbor", "Acres": 4.0, "sal_score": 0.73, "sal_mean_psu": 25.44, "sal_ci_lower_psu": 24.11, "sal_ci_upper_psu": 27.87, "sal_median_psu": 25.88, "sal_p10_psu": 22.17, "sal_p90_psu": 27.95, "chla_score": 0.58, "chla_mean_ug_L": 23.51, "chla_median_ug_L": 18.52, "chla_p10_ug_L": 5.53, "chla_p90_ug_L": 44.86, "chla_ci_lower_ug_L": 9.68, "chla_ci_upper_ug_L": 29.01, "chla_nearest_station_m": 5107.0, "do_score": 0.5, "do_mean_mg_L": 6.18, "do_median_mg_L": 6.03, "do_p10_mg_L": 4.53, "do_p90_mg_L": 8.05, "do_pct3": 5.06, "do_pct3_low": 0.0, "do_pct3_upper": 18.98, "do_nearest_station_m": 5181.0, "cso_within_50ft": "False", "cso_nearest_ft": 45504.0, "ms4_within_50ft": "False", "ms4_nearest_ft": 514.0, "park_within_1640ft": "True", "park_nearest_ft": 0.0, "depth_score": "TRUE", "depth_median_ft": 4.59, "depth_0_20ft_pct": 1.0, "depth_20_39ft_pct": 0.0, "depth_39ft_plus_pct": 0.0, "erosion_gt_0_ft_yr": "True", "erosion_gt_1_ft_yr": "False", "wave_sup_3ft": null }, "geometry": { "type": "MultiPolygon", "coordinates": [ [ [ [ -74.201039135850209, 40.517335403736062, 0.0 ], [ -74.200758285136317, 40.517436021130088, 0.0 ], [ -74.200719547106843, 40.516925570351376, 0.0 ], [ -74.199586459743884, 40.517139076678745, 0.0 ], [ -74.199434735795023, 40.51685685552669, 0.0 ], [ -74.202012890353032, 40.515813818334678, 0.0 ], [ -74.200722707477553, 40.516644795388245, 0.0 ], [ -74.201039135850209, 40.517335403736062, 0.0 ] ] ] ] } },
{ "type": "Feature", "properties": { "id": "20", "Site": "Malba", "Status": "Proposed Future Site", "Waterbody": "Western Long Island Sound", "Acres": 6.0, "sal_score": 0.75, "sal_mean_psu": 25.07, "sal_ci_lower_psu": 24.43, "sal_ci_upper_psu": 25.45, "sal_median_psu": 25.13, "sal_p10_psu": 23.86, "sal_p90_psu": 26.5, "chla_score": 0.22, "chla_mean_ug_L": 11.69, "chla_median_ug_L": 6.89, "chla_p10_ug_L": 2.39, "chla_p90_ug_L": 28.6, "chla_ci_lower_ug_L": 3.99, "chla_ci_upper_ug_L": 11.78, "chla_nearest_station_m": 1317.0, "do_score": 0.5, "do_mean_mg_L": 4.46, "do_median_mg_L": 4.4, "do_p10_mg_L": 3.2, "do_p90_mg_L": 5.86, "do_pct3": 9.21, "do_pct3_low": 2.69, "do_pct3_upper": 19.11, "do_nearest_station_m": 1317.0, "cso_within_50ft": "False", "cso_nearest_ft": 381.0, "ms4_within_50ft": "False", "ms4_nearest_ft": 903.0, "park_within_1640ft": "True", "park_nearest_ft": 459.0, "depth_score": "TRUE", "depth_median_ft": 4.0, "depth_0_20ft_pct": 1.0, "depth_20_39ft_pct": 0.0, "depth_39ft_plus_pct": 0.0, "erosion_gt_0_ft_yr": "False", "erosion_gt_1_ft_yr": "False", "wave_sup_3ft": "FALSE" }, "geometry": { "type": "MultiPolygon", "coordinates": [ [ [ [ -73.829147563350816, 40.792775568303753, 0.0 ], [ -73.828967418447974, 40.792634638390965, 0.0 ], [ -73.829009452258646, 40.792052731067528, 0.0 ], [ -73.830000249224298, 40.791461726222032, 0.0 ], [ -73.830858939927865, 40.791611751027155, 0.0 ], [ -73.830684799855106, 40.792002723168935, 0.0 ], [ -73.829591920777858, 40.792775568303739, 0.0 ], [ -73.829147563350816, 40.792775568303753, 0.0 ] ] ] ] } },
{ "type": "Feature", "properties": { "id": "21", "Site": "Barbadoes Basin", "Status": "Proposed Future Site", "Waterbody": "Jamaica Bay", "Acres": 10.0, "sal_score": 0.61, "sal_mean_psu": 27.89, "sal_ci_lower_psu": 26.85, "sal_ci_upper_psu": 28.37, "sal_median_psu": 27.6, "sal_p10_psu": 25.81, "sal_p90_psu": 30.78, "chla_score": 0.54, "chla_mean_ug_L": 25.65, "chla_median_ug_L": 17.22, "chla_p10_ug_L": 6.0, "chla_p90_ug_L": 55.2, "chla_ci_lower_ug_L": 10.01, "chla_ci_upper_ug_L": 22.49, "chla_nearest_station_m": 639.0, "do_score": 1.0, "do_mean_mg_L": 6.14, "do_median_mg_L": 6.14, "do_p10_mg_L": 5.5, "do_p90_mg_L": 6.84, "do_pct3": 0.49, "do_pct3_low": 0.0, "do_pct3_upper": 1.99, "do_nearest_station_m": 616.0, "cso_within_50ft": "False", "cso_nearest_ft": 24366.0, "ms4_within_50ft": "False", "ms4_nearest_ft": 54.0, "park_within_1640ft": "True", "park_nearest_ft": 22.0, "depth_score": "TRUE", "depth_median_ft": 9.94, "depth_0_20ft_pct": 1.0, "depth_20_39ft_pct": 0.0, "depth_39ft_plus_pct": 0.0, "erosion_gt_0_ft_yr": "False", "erosion_gt_1_ft_yr": "False", "wave_sup_3ft": "TRUE" }, "geometry": { "type": "MultiPolygon", "coordinates": [ [ [ [ -73.808972034631054, 40.593400526397097, 0.0 ], [ -73.808414400143988, 40.593716423589441, 0.0 ], [ -73.807237171782361, 40.593024136304621, 0.0 ], [ -73.806838861434457, 40.592930038450412, 0.0 ], [ -73.804236567161439, 40.591814296656921, 0.0 ], [ -73.804333931913149, 40.591491669053902, 0.0 ], [ -73.804502107393375, 40.59141773334229, 0.0 ], [ -73.806644131931037, 40.59227134976328, 0.0 ], [ -73.806989334232568, 40.592352005869472, 0.0 ], [ -73.808972034631054, 40.593400526397097, 0.0 ] ] ] ] } },
{ "type": "Feature", "properties": { "id": "22", "Site": "Bayswater Park - HPD", "Status": "Proposed Future Site", "Waterbody": "Jamaica Bay", "Acres": 15.0, "sal_score": 0.65, "sal_mean_psu": 26.95, "sal_ci_lower_psu": 25.86, "sal_ci_upper_psu": 27.9, "sal_median_psu": 26.82, "sal_p10_psu": 25.08, "sal_p90_psu": 29.21, "chla_score": 0.59, "chla_mean_ug_L": 25.08, "chla_median_ug_L": 18.59, "chla_p10_ug_L": 5.42, "chla_p90_ug_L": 52.3, "chla_ci_lower_ug_L": 12.25, "chla_ci_upper_ug_L": 24.78, "chla_nearest_station_m": 4124.0, "do_score": 0.75, "do_mean_mg_L": 6.54, "do_median_mg_L": 6.66, "do_p10_mg_L": 6.0, "do_p90_mg_L": 7.05, "do_pct3": 0.29, "do_pct3_low": 0.0, "do_pct3_upper": 2.07, "do_nearest_station_m": 164.0, "cso_within_50ft": "False", "cso_nearest_ft": 16898.0, "ms4_within_50ft": "False", "ms4_nearest_ft": 128.0, "park_within_1640ft": "True", "park_nearest_ft": 0.0, "depth_score": "TRUE", "depth_median_ft": 15.94, "depth_0_20ft_pct": 0.57, "depth_20_39ft_pct": 0.36, "depth_39ft_plus_pct": 0.08, "erosion_gt_0_ft_yr": "True", "erosion_gt_1_ft_yr": "False", "wave_sup_3ft": "FALSE" }, "geometry": { "type": "MultiPolygon", "coordinates": [ [ [ [ -73.770595848727226, 40.602951924861188, 0.0 ], [ -73.770008777125938, 40.602599488678734, 0.0 ], [ -73.770158958233253, 40.602091562676272, 0.0 ], [ -73.770595848727226, 40.601853147099227, 0.0 ], [ -73.770978127909444, 40.600484832559893, 0.0 ], [ -73.772261493735499, 40.600474466433745, 0.0 ], [ -73.77187921455328, 40.602931193372513, 0.0 ], [ -73.770595848727226, 40.602951924861188, 0.0 ] ] ] ] } },
{ "type": "Feature", "properties": { "id": "23", "Site": "Bayswater Park - NYC Parks", "Status": "Proposed Future Site", "Waterbody": "Jamaica Bay", "Acres": 10.0, "sal_score": 0.65, "sal_mean_psu": 26.93, "sal_ci_lower_psu": 25.86, "sal_ci_upper_psu": 27.9, "sal_median_psu": 26.81, "sal_p10_psu": 25.08, "sal_p90_psu": 29.18, "chla_score": 0.59, "chla_mean_ug_L": 25.08, "chla_median_ug_L": 18.59, "chla_p10_ug_L": 5.41, "chla_p90_ug_L": 52.28, "chla_ci_lower_ug_L": 12.22, "chla_ci_upper_ug_L": 24.55, "chla_nearest_station_m": 4394.0, "do_score": 0.75, "do_mean_mg_L": 5.34, "do_median_mg_L": 5.38, "do_p10_mg_L": 5.01, "do_p90_mg_L": 5.67, "do_pct3": 0.26, "do_pct3_low": 0.0, "do_pct3_upper": 2.73, "do_nearest_station_m": 152.0, "cso_within_50ft": "False", "cso_nearest_ft": 17901.0, "ms4_within_50ft": "True", "ms4_nearest_ft": 0.0, "park_within_1640ft": "True", "park_nearest_ft": 0.0, "depth_score": "TRUE", "depth_median_ft": 17.36, "depth_0_20ft_pct": 0.59, "depth_20_39ft_pct": 0.38, "depth_39ft_plus_pct": 0.03, "erosion_gt_0_ft_yr": "True", "erosion_gt_1_ft_yr": "False", "wave_sup_3ft": "FALSE" }, "geometry": { "type": "MultiPolygon", "coordinates": [ [ [ [ -73.772260461981233, 40.599988574230487, 0.0 ], [ -73.77095141635202, 40.600177234886516, 0.0 ], [ -73.770993839127044, 40.599951762333113, 0.0 ], [ -73.77095141635202, 40.599091278456363, 0.0 ], [ -73.770775664855506, 40.598884208490389, 0.0 ], [ -73.770460524241059, 40.59893022409382, 0.0 ], [ -73.770333255916, 40.598681739459039, 0.0 ], [ -73.770690819305457, 40.598401042742125, 0.0 ], [ -73.771654422338088, 40.598447058678104, 0.0 ], [ -73.771957442159646, 40.5985298872831, 0.0 ], [ -73.772242280791957, 40.598718552055793, 0.0 ], [ -73.772375609513432, 40.599408784491779, 0.0 ], [ -73.772260461981233, 40.599988574230487, 0.0 ] ] ] ] } },
{ "type": "Feature", "properties": { "id": "24", "Site": "Conch Basin", "Status": "Proposed Future Site", "Waterbody": "Jamaica Bay", "Acres": 24.0, "sal_score": 0.65, "sal_mean_psu": 26.93, "sal_ci_lower_psu": 25.85, "sal_ci_upper_psu": 27.9, "sal_median_psu": 26.81, "sal_p10_psu": 25.07, "sal_p90_psu": 29.16, "chla_score": 0.58, "chla_mean_ug_L": 27.53, "chla_median_ug_L": 18.4, "chla_p10_ug_L": 6.65, "chla_p90_ug_L": 57.76, "chla_ci_lower_ug_L": 14.75, "chla_ci_upper_ug_L": 25.7, "chla_nearest_station_m": 4536.0, "do_score": 1.0, "do_mean_mg_L": 6.14, "do_median_mg_L": 6.17, "do_p10_mg_L": 5.65, "do_p90_mg_L": 6.62, "do_pct3": 0.1, "do_pct3_low": 0.0, "do_pct3_upper": 0.59, "do_nearest_station_m": 687.0, "cso_within_50ft": "False", "cso_nearest_ft": 18514.0, "ms4_within_50ft": "False", "ms4_nearest_ft": 69.0, "park_within_1640ft": "True", "park_nearest_ft": 0.0, "depth_score": "FALSE", "depth_median_ft": 40.55, "depth_0_20ft_pct": 0.16, "depth_20_39ft_pct": 0.32, "depth_39ft_plus_pct": 0.52, "erosion_gt_0_ft_yr": "False", "erosion_gt_1_ft_yr": "False", "wave_sup_3ft": "FALSE" }, "geometry": { "type": "MultiPolygon", "coordinates": [ [ [ [ -73.779477542083285, 40.600466583613731, 0.0 ], [ -73.778765761745447, 40.600305402358643, 0.0 ], [ -73.778266266771524, 40.600002001294762, 0.0 ], [ -73.778453577386728, 40.599300381060345, 0.0 ], [ -73.779040483981106, 40.598598753462042, 0.0 ], [ -73.779714802195912, 40.598191047555986, 0.0 ], [ -73.780688817395045, 40.597745412674939, 0.0 ], [ -73.78165034521983, 40.598333270828853, 0.0 ], [ -73.78186263058376, 40.598883197970487, 0.0 ], [ -73.781600395722464, 40.599167641268735, 0.0 ], [ -73.780126885549379, 40.600428658647481, 0.0 ], [ -73.779477542083285, 40.600466583613731, 0.0 ] ] ] ] } },
{ "type": "Feature", "properties": { "id": "25", "Site": "Arthur Kill", "Status": "Proposed Future Site", "Waterbody": "Upper Harbor", "Acres": 3.0, "sal_score": 0.95, "sal_mean_psu": 21.07, "sal_ci_lower_psu": 19.88, "sal_ci_upper_psu": 21.88, "sal_median_psu": 21.29, "sal_p10_psu": 17.17, "sal_p90_psu": 24.58, "chla_score": 0.3, "chla_mean_ug_L": 8.42, "chla_median_ug_L": 9.48, "chla_p10_ug_L": 4.04, "chla_p90_ug_L": 11.88, "chla_ci_lower_ug_L": 1.52, "chla_ci_upper_ug_L": 17.0, "chla_nearest_station_m": 8597.0, "do_score": 1.0, "do_mean_mg_L": 5.9, "do_median_mg_L": 5.84, "do_p10_mg_L": 5.14, "do_p90_mg_L": 6.64, "do_pct3": 0.0, "do_pct3_low": 0.0, "do_pct3_upper": 0.0, "do_nearest_station_m": 4216.0, "cso_within_50ft": "False", "cso_nearest_ft": 17794.0, "ms4_within_50ft": "False", "ms4_nearest_ft": 1328.0, "park_within_1640ft": "True", "park_nearest_ft": 5.0, "depth_score": "TRUE", "depth_median_ft": 5.99, "depth_0_20ft_pct": 1.0, "depth_20_39ft_pct": 0.0, "depth_39ft_plus_pct": 0.0, "erosion_gt_0_ft_yr": "True", "erosion_gt_1_ft_yr": "False", "wave_sup_3ft": "FALSE" }, "geometry": { "type": "MultiPolygon", "coordinates": [ [ [ [ -74.197474881998545, 40.597308073349836, 0.0 ], [ -74.197864951925055, 40.597399205850529, 0.0 ], [ -74.197482383343285, 40.599073743438005, 0.0 ], [ -74.1970623080378, 40.599005395786129, 0.0 ], [ -74.197249841656316, 40.598914265474932, 0.0 ], [ -74.19701729996936, 40.59881174372633, 0.0 ], [ -74.19700979862462, 40.598726308815699, 0.0 ], [ -74.1970623080378, 40.59865226513817, 0.0 ], [ -74.19736236182743, 40.5986978304879, 0.0 ], [ -74.197452377964325, 40.598612395431708, 0.0 ], [ -74.197347359137936, 40.597985868350086, 0.0 ], [ -74.197294849724756, 40.59776943035736, 0.0 ], [ -74.197332356448484, 40.597604253523009, 0.0 ], [ -74.197474881998545, 40.597308073349836, 0.0 ] ] ] ] } },
{ "type": "Feature", "properties": { "id": "26", "Site": "Arthur Kill", "Status": "Proposed Future Site", "Waterbody": "Upper Harbor", "Acres": 5.0, "sal_score": 0.95, "sal_mean_psu": 21.07, "sal_ci_lower_psu": 19.87, "sal_ci_upper_psu": 21.88, "sal_median_psu": 21.3, "sal_p10_psu": 17.17, "sal_p90_psu": 24.58, "chla_score": 0.3, "chla_mean_ug_L": 8.41, "chla_median_ug_L": 9.47, "chla_p10_ug_L": 4.04, "chla_p90_ug_L": 11.86, "chla_ci_lower_ug_L": 1.52, "chla_ci_upper_ug_L": 17.0, "chla_nearest_station_m": 8947.0, "do_score": 1.0, "do_mean_mg_L": 5.9, "do_median_mg_L": 5.84, "do_p10_mg_L": 5.14, "do_p90_mg_L": 6.64, "do_pct3": 0.0, "do_pct3_low": 0.0, "do_pct3_upper": 0.0, "do_nearest_station_m": 4565.0, "cso_within_50ft": "False", "cso_nearest_ft": 18581.0, "ms4_within_50ft": "False", "ms4_nearest_ft": 1598.0, "park_within_1640ft": "True", "park_nearest_ft": 134.0, "depth_score": "TRUE", "depth_median_ft": 5.61, "depth_0_20ft_pct": 1.0, "depth_20_39ft_pct": 0.0, "depth_39ft_plus_pct": 0.0, "erosion_gt_0_ft_yr": "False", "erosion_gt_1_ft_yr": "False", "wave_sup_3ft": "FALSE" }, "geometry": { "type": "MultiPolygon", "coordinates": [ [ [ [ -74.200238376298444, 40.593422772505249, 0.0 ], [ -74.20038844911231, 40.593513938196736, 0.0 ], [ -74.197647119045641, 40.596795820305459, 0.0 ], [ -74.197376987980675, 40.596697062315201, 0.0 ], [ -74.198147361758515, 40.595838621331353, 0.0 ], [ -74.198417492823495, 40.595618311690885, 0.0 ], [ -74.198147361758515, 40.595587924097295, 0.0 ], [ -74.198637599617172, 40.595002960228875, 0.0 ], [ -74.198857706410848, 40.594866214690363, 0.0 ], [ -74.19927791028968, 40.594440782337685, 0.0 ], [ -74.199518026791864, 40.594304035649465, 0.0 ], [ -74.199427983103561, 40.594121706296747, 0.0 ], [ -74.199708119022787, 40.593741851881653, 0.0 ], [ -74.200238376298444, 40.593422772505249, 0.0 ] ] ] ] } },
{ "type": "Feature", "properties": { "id": "27", "Site": "Arthur Kill", "Status": "Proposed Future Site", "Waterbody": "Upper Harbor", "Acres": 15.0, "sal_score": 0.79, "sal_mean_psu": 24.15, "sal_ci_lower_psu": 22.49, "sal_ci_upper_psu": 25.95, "sal_median_psu": 25.1, "sal_p10_psu": 21.36, "sal_p90_psu": 26.43, "chla_score": 0.95, "chla_mean_ug_L": 39.56, "chla_median_ug_L": 30.2, "chla_p10_ug_L": 7.32, "chla_p90_ug_L": 77.08, "chla_ci_lower_ug_L": 9.92, "chla_ci_upper_ug_L": 35.05, "chla_nearest_station_m": 4722.0, "do_score": 1.0, "do_mean_mg_L": 4.96, "do_median_mg_L": 4.52, "do_p10_mg_L": 3.17, "do_p90_mg_L": 6.9, "do_pct3": 0.0, "do_pct3_low": 0.0, "do_pct3_upper": 0.0, "do_nearest_station_m": 4722.0, "cso_within_50ft": "False", "cso_nearest_ft": 48566.0, "ms4_within_50ft": "True", "ms4_nearest_ft": 0.0, "park_within_1640ft": "False", "park_nearest_ft": 2397.0, "depth_score": "TRUE", "depth_median_ft": 4.4, "depth_0_20ft_pct": 1.0, "depth_20_39ft_pct": 0.0, "depth_39ft_plus_pct": 0.0, "erosion_gt_0_ft_yr": "True", "erosion_gt_1_ft_yr": "False", "wave_sup_3ft": "FALSE" }, "geometry": { "type": "MultiPolygon", "coordinates": [ [ [ [ -74.242414425199982, 40.521014168819832, 0.0 ], [ -74.241367281183457, 40.520829587677994, 0.0 ], [ -74.241056173178563, 40.520921878312443, 0.0 ], [ -74.24095752917701, 40.520841124014247, 0.0 ], [ -74.24095752917701, 40.520708456027478, 0.0 ], [ -74.240783005174237, 40.520454655668978, 0.0 ], [ -74.240502249169822, 40.520345059762604, 0.0 ], [ -74.239986265161676, 40.52027584120308, 0.0 ], [ -74.239902797160354, 40.52010856272252, 0.0 ], [ -74.240168377164537, 40.519664407489991, 0.0 ], [ -74.240373253167789, 40.519249090844006, 0.0 ], [ -74.24055536517065, 40.518989516633646, 0.0 ], [ -74.240699537172929, 40.519197176082372, 0.0 ], [ -74.2408057691746, 40.519358688542191, 0.0 ], [ -74.24095752917701, 40.519479822631631, 0.0 ], [ -74.241109289179377, 40.519502895766728, 0.0 ], [ -74.241116877179508, 40.519318310463717, 0.0 ], [ -74.241200345180829, 40.519191407773022, 0.0 ], [ -74.241450749184779, 40.51901835826223, 0.0 ], [ -74.241701153188714, 40.518943370002198, 0.0 ], [ -74.241951557192678, 40.518654952835639, 0.0 ], [ -74.24211090519519, 40.518510743787061, 0.0 ], [ -74.242444777200447, 40.519756699728568, 0.0 ], [ -74.242414425199982, 40.521014168819832, 0.0 ] ] ] ] } },
{ "type": "Feature", "properties": { "id": "28", "Site": "Arthur Kill - Pralls River", "Status": "Proposed Future Site", "Waterbody": "Upper Harbor", "Acres": 6.0, "sal_score": 0.95, "sal_mean_psu": 21.06, "sal_ci_lower_psu": 19.84, "sal_ci_upper_psu": 21.91, "sal_median_psu": 21.28, "sal_p10_psu": 17.16, "sal_p90_psu": 24.57, "chla_score": 0.3, "chla_mean_ug_L": 8.46, "chla_median_ug_L": 9.53, "chla_p10_ug_L": 4.06, "chla_p90_ug_L": 11.93, "chla_ci_lower_ug_L": 1.52, "chla_ci_upper_ug_L": 17.0, "chla_nearest_station_m": 7369.0, "do_score": 1.0, "do_mean_mg_L": 5.9, "do_median_mg_L": 5.84, "do_p10_mg_L": 5.14, "do_p90_mg_L": 6.64, "do_pct3": 0.0, "do_pct3_low": 0.0, "do_pct3_upper": 0.0, "do_nearest_station_m": 2988.0, "cso_within_50ft": "False", "cso_nearest_ft": 14430.0, "ms4_within_50ft": "False", "ms4_nearest_ft": 3567.0, "park_within_1640ft": "True", "park_nearest_ft": 0.0, "depth_score": "TRUE", "depth_median_ft": 6.36, "depth_0_20ft_pct": 1.0, "depth_20_39ft_pct": 0.0, "depth_39ft_plus_pct": 0.0, "erosion_gt_0_ft_yr": "True", "erosion_gt_1_ft_yr": "True", "wave_sup_3ft": "FALSE" }, "geometry": { "type": "MultiPolygon", "coordinates": [ [ [ [ -74.197416125048235, 40.609987616094429, 0.0 ], [ -74.197343240495485, 40.609932285190816, 0.0 ], [ -74.197865579790275, 40.609498858193909, 0.0 ], [ -74.198266444830452, 40.608880989317022, 0.0 ], [ -74.198497245914211, 40.608060229287872, 0.0 ], [ -74.198472951063295, 40.607211792594647, 0.0 ], [ -74.198691604721574, 40.607184125999368, 0.0 ], [ -74.198825226401624, 40.607608345868023, 0.0 ], [ -74.198885963528937, 40.60817089414941, 0.0 ], [ -74.198740194423408, 40.608991652819398, 0.0 ], [ -74.198521540765128, 40.609637186264315, 0.0 ], [ -74.198327181957751, 40.609996837907225, 0.0 ], [ -74.197841284939358, 40.61008905596546, 0.0 ], [ -74.197416125048235, 40.609987616094429, 0.0 ] ] ] ] } },
{ "type": "Feature", "properties": { "id": "29", "Site": "Arthur Kill - Pralls River", "Status": "Proposed Future Site", "Waterbody": "Upper Harbor", "Acres": 20.0, "sal_score": 0.95, "sal_mean_psu": 21.06, "sal_ci_lower_psu": 19.84, "sal_ci_upper_psu": 21.93, "sal_median_psu": 21.28, "sal_p10_psu": 17.16, "sal_p90_psu": 24.57, "chla_score": 0.23, "chla_mean_ug_L": 6.7, "chla_median_ug_L": 7.41, "chla_p10_ug_L": 3.25, "chla_p90_ug_L": 9.48, "chla_ci_lower_ug_L": 1.53, "chla_ci_upper_ug_L": 16.67, "chla_nearest_station_m": 7004.0, "do_score": 1.0, "do_mean_mg_L": 5.9, "do_median_mg_L": 5.84, "do_p10_mg_L": 5.14, "do_p90_mg_L": 6.64, "do_pct3": 0.0, "do_pct3_low": 0.0, "do_pct3_upper": 0.0, "do_nearest_station_m": 2623.0, "cso_within_50ft": "False", "cso_nearest_ft": 12709.0, "ms4_within_50ft": "False", "ms4_nearest_ft": 4484.0, "park_within_1640ft": "True", "park_nearest_ft": 0.0, "depth_score": "TRUE", "depth_median_ft": 4.89, "depth_0_20ft_pct": 1.0, "depth_20_39ft_pct": 0.0, "depth_39ft_plus_pct": 0.0, "erosion_gt_0_ft_yr": "True", "erosion_gt_1_ft_yr": "True", "wave_sup_3ft": "FALSE" }, "geometry": { "type": "MultiPolygon", "coordinates": [ [ [ [ -74.196456478436886, 40.615382159203612, 0.0 ], [ -74.195958433993013, 40.614192630717994, 0.0 ], [ -74.195836959738401, 40.613685460970579, 0.0 ], [ -74.195824812312935, 40.613021523846399, 0.0 ], [ -74.195994876269381, 40.612127042567366, 0.0 ], [ -74.196395741309573, 40.611324765667085, 0.0 ], [ -74.196711574371548, 40.610836017546625, 0.0 ], [ -74.197161029113573, 40.610374931137123, 0.0 ], [ -74.197731958110197, 40.610753022227691, 0.0 ], [ -74.19701526000803, 40.612449794925148, 0.0 ], [ -74.19701526000803, 40.61363935443898, 0.0 ], [ -74.197148881688108, 40.614819671628972, 0.0 ], [ -74.196869490902529, 40.615234621937269, 0.0 ], [ -74.196456478436886, 40.615382159203612, 0.0 ] ] ] ] } },
{ "type": "Feature", "properties": { "id": "30", "Site": "Wolfe's Pond", "Status": "Proposed Future Site", "Waterbody": "Raritan Bay/Lower Harbor", "Acres": 9.0, "sal_score": 0.71, "sal_mean_psu": 25.76, "sal_ci_lower_psu": 24.26, "sal_ci_upper_psu": 27.98, "sal_median_psu": 26.06, "sal_p10_psu": 22.37, "sal_p90_psu": 28.3, "chla_score": 0.58, "chla_mean_ug_L": 22.7, "chla_median_ug_L": 18.34, "chla_p10_ug_L": 5.75, "chla_p90_ug_L": 43.01, "chla_ci_lower_ug_L": 7.76, "chla_ci_upper_ug_L": 31.93, "chla_nearest_station_m": 3620.0, "do_score": 1.0, "do_mean_mg_L": 7.07, "do_median_mg_L": 6.93, "do_p10_mg_L": 5.55, "do_p90_mg_L": 8.87, "do_pct3": 0.0, "do_pct3_low": 0.0, "do_pct3_upper": 0.0, "do_nearest_station_m": 3620.0, "cso_within_50ft": "False", "cso_nearest_ft": 45525.0, "ms4_within_50ft": "False", "ms4_nearest_ft": 633.0, "park_within_1640ft": "True", "park_nearest_ft": 0.0, "depth_score": "TRUE", "depth_median_ft": 3.84, "depth_0_20ft_pct": 1.0, "depth_20_39ft_pct": 0.0, "depth_39ft_plus_pct": 0.0, "erosion_gt_0_ft_yr": "False", "erosion_gt_1_ft_yr": "False", "wave_sup_3ft": "TRUE" }, "geometry": { "type": "MultiPolygon", "coordinates": [ [ [ [ -74.1889042435063, 40.515044002837392, 0.0 ], [ -74.189963260750631, 40.513979621705261, 0.0 ], [ -74.191147924108719, 40.512997101048043, 0.0 ], [ -74.191471014115464, 40.512937967401079, 0.0 ], [ -74.191794104122209, 40.513006198527549, 0.0 ], [ -74.19175222208429, 40.513088075787792, 0.0 ], [ -74.191614609674005, 40.513201794038871, 0.0 ], [ -74.191488963560289, 40.51346561963863, 0.0 ], [ -74.19059149131931, 40.514393549708807, 0.0 ], [ -74.189670086485265, 40.515275981097993, 0.0 ], [ -74.189508541481899, 40.515321466937266, 0.0 ], [ -74.189346996478506, 40.51528962685299, 0.0 ], [ -74.1889042435063, 40.515044002837392, 0.0 ] ] ] ] } },
{ "type": "Feature", "properties": { "id": "31", "Site": "​​Save the Sound Big Rock", "Status": "Proposed Future Site", "Waterbody": "Jamaica Bay", "Acres": 2.0, "sal_score": 0.74, "sal_mean_psu": 25.11, "sal_ci_lower_psu": 24.95, "sal_ci_upper_psu": 25.47, "sal_median_psu": 25.0, "sal_p10_psu": 24.35, "sal_p90_psu": 26.11, "chla_score": 0.65, "chla_mean_ug_L": 25.18, "chla_median_ug_L": 20.51, "chla_p10_ug_L": 5.1, "chla_p90_ug_L": 48.3, "chla_ci_lower_ug_L": 10.68, "chla_ci_upper_ug_L": 28.95, "chla_nearest_station_m": 1072.0, "do_score": 0.75, "do_mean_mg_L": 6.44, "do_median_mg_L": 6.33, "do_p10_mg_L": 4.52, "do_p90_mg_L": 8.39, "do_pct3": 1.11, "do_pct3_low": 0.03, "do_pct3_upper": 6.44, "do_nearest_station_m": 177.0, "cso_within_50ft": "False", "cso_nearest_ft": 5545.0, "ms4_within_50ft": "False", "ms4_nearest_ft": 2236.0, "park_within_1640ft": "True", "park_nearest_ft": 450.0, "depth_score": "TRUE", "depth_median_ft": 2.72, "depth_0_20ft_pct": 1.0, "depth_20_39ft_pct": 0.0, "depth_39ft_plus_pct": 0.0, "erosion_gt_0_ft_yr": "False", "erosion_gt_1_ft_yr": "False", "wave_sup_3ft": "TRUE" }, "geometry": { "type": "MultiPolygon", "coordinates": [ [ [ [ -73.749899042083072, 40.781924836796641, 0.0 ], [ -73.750030297195522, 40.782179928381268, 0.0 ], [ -73.750231555034588, 40.782435018986135, 0.0 ], [ -73.750441563214494, 40.78253109181717, 0.0 ], [ -73.750555317645279, 40.782670231532904, 0.0 ], [ -73.750445938384928, 40.782759678339133, 0.0 ], [ -73.750174677819217, 40.782729862750429, 0.0 ], [ -73.749137762430905, 40.781871830630138, 0.0 ], [ -73.749325894758741, 40.781560418547699, 0.0 ], [ -73.749675908391907, 40.781901646603984, 0.0 ], [ -73.749899042083072, 40.781924836796641, 0.0 ] ] ] ] } },
{ "type": "Feature", "properties": { "id": "32", "Site": "Bush Terminal - USACE", "Status": "Proposed Future Site", "Waterbody": "Upper Harbor", "Acres": 13.0, "sal_score": 0.8, "sal_mean_psu": 24.1, "sal_ci_lower_psu": 20.88, "sal_ci_upper_psu": 24.95, "sal_median_psu": 24.38, "sal_p10_psu": 20.86, "sal_p90_psu": 26.44, "chla_score": 0.1, "chla_mean_ug_L": 4.02, "chla_median_ug_L": 3.14, "chla_p10_ug_L": 2.72, "chla_p90_ug_L": 6.44, "chla_ci_lower_ug_L": 1.36, "chla_ci_upper_ug_L": 3.63, "chla_nearest_station_m": 1443.0, "do_score": 0.5, "do_mean_mg_L": 5.45, "do_median_mg_L": 5.32, "do_p10_mg_L": 4.38, "do_p90_mg_L": 6.36, "do_pct3": 5.67, "do_pct3_low": 0.0, "do_pct3_upper": 52.68, "do_nearest_station_m": 880.0, "cso_within_50ft": "False", "cso_nearest_ft": 754.0, "ms4_within_50ft": "False", "ms4_nearest_ft": 2100.0, "park_within_1640ft": "False", "park_nearest_ft": 2392.0, "depth_score": "FALSE", "depth_median_ft": 23.38, "depth_0_20ft_pct": 0.14, "depth_20_39ft_pct": 0.85, "depth_39ft_plus_pct": 0.01, "erosion_gt_0_ft_yr": "", "erosion_gt_1_ft_yr": "", "wave_sup_3ft": null }, "geometry": { "type": "MultiPolygon", "coordinates": [ [ [ [ -74.015272240473038, 40.657192611345963, 0.0 ], [ -74.018518130860713, 40.659145841221154, 0.0 ], [ -74.018969626892073, 40.658886648130583, 0.0 ], [ -74.019274691778136, 40.659071786155195, 0.0 ], [ -74.018310686738189, 40.659877130583297, 0.0 ], [ -74.014686515891796, 40.657701752606037, 0.0 ], [ -74.015272240473038, 40.657192611345963, 0.0 ] ] ] ] } },
{ "type": "Feature", "properties": { "id": "33", "Site": "Bush Terminal - USACE", "Status": "Proposed Future Site", "Waterbody": "Upper Harbor", "Acres": 12.0, "sal_score": 0.8, "sal_mean_psu": 24.09, "sal_ci_lower_psu": 20.91, "sal_ci_upper_psu": 24.93, "sal_median_psu": 24.37, "sal_p10_psu": 20.85, "sal_p90_psu": 26.43, "chla_score": 0.1, "chla_mean_ug_L": 3.98, "chla_median_ug_L": 3.09, "chla_p10_ug_L": 2.66, "chla_p90_ug_L": 6.42, "chla_ci_lower_ug_L": 1.38, "chla_ci_upper_ug_L": 3.62, "chla_nearest_station_m": 1552.0, "do_score": 0.5, "do_mean_mg_L": 5.44, "do_median_mg_L": 5.31, "do_p10_mg_L": 4.36, "do_p90_mg_L": 6.36, "do_pct3": 5.82, "do_pct3_low": 0.0, "do_pct3_upper": 55.84, "do_nearest_station_m": 990.0, "cso_within_50ft": "False", "cso_nearest_ft": 421.0, "ms4_within_50ft": "False", "ms4_nearest_ft": 2478.0, "park_within_1640ft": "False", "park_nearest_ft": 2346.0, "depth_score": "TRUE", "depth_median_ft": 18.69, "depth_0_20ft_pct": 0.56, "depth_20_39ft_pct": 0.44, "depth_39ft_plus_pct": 0.0, "erosion_gt_0_ft_yr": "", "erosion_gt_1_ft_yr": "", "wave_sup_3ft": null }, "geometry": { "type": "MultiPolygon", "coordinates": [ [ [ [ -74.015870167649709, 40.656396491769378, 0.0 ], [ -74.018688967196894, 40.657988721422193, 0.0 ], [ -74.019384515137105, 40.65743329678957, 0.0 ], [ -74.020421735749693, 40.657979464382883, 0.0 ], [ -74.019286894373565, 40.65900698790503, 0.0 ], [ -74.015674926122628, 40.656646437310755, 0.0 ], [ -74.015870167649709, 40.656396491769378, 0.0 ] ] ] ] } },
{ "type": "Feature", "properties": { "id": "34", "Site": "Bush Terminal - USACE", "Status": "Proposed Future Site", "Waterbody": "Upper Harbor", "Acres": 11.0, "sal_score": 0.8, "sal_mean_psu": 24.07, "sal_ci_lower_psu": 20.92, "sal_ci_upper_psu": 24.91, "sal_median_psu": 24.35, "sal_p10_psu": 20.82, "sal_p90_psu": 26.42, "chla_score": 0.1, "chla_mean_ug_L": 3.92, "chla_median_ug_L": 3.02, "chla_p10_ug_L": 2.58, "chla_p90_ug_L": 6.4, "chla_ci_lower_ug_L": 1.38, "chla_ci_upper_ug_L": 3.46, "chla_nearest_station_m": 1734.0, "do_score": 0.5, "do_mean_mg_L": 5.43, "do_median_mg_L": 5.3, "do_p10_mg_L": 4.33, "do_p90_mg_L": 6.36, "do_pct3": 6.05, "do_pct3_low": 0.0, "do_pct3_upper": 49.64, "do_nearest_station_m": 1171.0, "cso_within_50ft": "True", "cso_nearest_ft": 0.0, "ms4_within_50ft": "False", "ms4_nearest_ft": 2024.0, "park_within_1640ft": "False", "park_nearest_ft": 2428.0, "depth_score": "TRUE", "depth_median_ft": 14.37, "depth_0_20ft_pct": 0.85, "depth_20_39ft_pct": 0.09, "depth_39ft_plus_pct": 0.06, "erosion_gt_0_ft_yr": "", "erosion_gt_1_ft_yr": "", "wave_sup_3ft": null }, "geometry": { "type": "MultiPolygon", "coordinates": [ [ [ [ -74.017188047957475, 40.655341155826697, 0.0 ], [ -74.021178296667145, 40.6575999246649, 0.0 ], [ -74.020458343536035, 40.657905408022096, 0.0 ], [ -74.016748754521558, 40.655748480449397, 0.0 ], [ -74.017188047957475, 40.655341155826697, 0.0 ] ] ] ] } },
{ "type": "Feature", "properties": { "id": "35", "Site": "Bush Terminal - USACE", "Status": "Proposed Future Site", "Waterbody": "Upper Harbor", "Acres": 56.0, "sal_score": 0.8, "sal_mean_psu": 23.98, "sal_ci_lower_psu": 20.93, "sal_ci_upper_psu": 24.84, "sal_median_psu": 24.27, "sal_p10_psu": 20.71, "sal_p90_psu": 26.38, "chla_score": 0.09, "chla_mean_ug_L": 3.82, "chla_median_ug_L": 2.9, "chla_p10_ug_L": 2.45, "chla_p90_ug_L": 6.33, "chla_ci_lower_ug_L": 1.34, "chla_ci_upper_ug_L": 3.39, "chla_nearest_station_m": 2079.0, "do_score": 0.5, "do_mean_mg_L": 5.42, "do_median_mg_L": 5.3, "do_p10_mg_L": 4.31, "do_p90_mg_L": 6.37, "do_pct3": 6.27, "do_pct3_low": 0.0, "do_pct3_upper": 52.1, "do_nearest_station_m": 1516.0, "cso_within_50ft": "True", "cso_nearest_ft": 0.0, "ms4_within_50ft": "False", "ms4_nearest_ft": 553.0, "park_within_1640ft": "False", "park_nearest_ft": 2281.0, "depth_score": "FALSE", "depth_median_ft": 21.81, "depth_0_20ft_pct": 0.46, "depth_20_39ft_pct": 0.21, "depth_39ft_plus_pct": 0.32, "erosion_gt_0_ft_yr": "", "erosion_gt_1_ft_yr": "", "wave_sup_3ft": null }, "geometry": { "type": "MultiPolygon", "coordinates": [ [ [ [ -74.021349133003326, 40.652795320593107, 0.0 ], [ -74.022398556211371, 40.652119500742643, 0.0 ], [ -74.025899066061058, 40.654119802302723, 0.0 ], [ -74.02490575070334, 40.655332080076754, 0.0 ], [ -74.023394183854677, 40.656511572444558, 0.0 ], [ -74.021594699510985, 40.657418020000861, 0.0 ], [ -74.021234802642255, 40.65704670562365, 0.0 ], [ -74.022112951001972, 40.656500651314559, 0.0 ], [ -74.020385446032051, 40.655124574632907, 0.0 ], [ -74.021954596379715, 40.653945057744167, 0.0 ], [ -74.022472847870702, 40.653388056409376, 0.0 ], [ -74.021349133003326, 40.652795320593107, 0.0 ] ] ] ] } },
{ "type": "Feature", "properties": { "id": "36", "Site": "Living Breakwaters", "Status": "Proposed Future Site", "Waterbody": "Raritan Bay/Lower Harbor", "Acres": 2.0, "sal_score": 0.79, "sal_mean_psu": 24.13, "sal_ci_lower_psu": 23.42, "sal_ci_upper_psu": 26.86, "sal_median_psu": 25.12, "sal_p10_psu": 21.39, "sal_p90_psu": 26.37, "chla_score": 0.79, "chla_mean_ug_L": 33.49, "chla_median_ug_L": 25.09, "chla_p10_ug_L": 6.19, "chla_p90_ug_L": 65.89, "chla_ci_lower_ug_L": 1.68, "chla_ci_upper_ug_L": 34.25, "chla_nearest_station_m": 1115.0, "do_score": 1.0, "do_mean_mg_L": 4.96, "do_median_mg_L": 4.52, "do_p10_mg_L": 3.17, "do_p90_mg_L": 6.9, "do_pct3": 0.0, "do_pct3_low": 0.0, "do_pct3_upper": 0.0, "do_nearest_station_m": 1115.0, "cso_within_50ft": "False", "cso_nearest_ft": 57762.0, "ms4_within_50ft": "False", "ms4_nearest_ft": 2401.0, "park_within_1640ft": "True", "park_nearest_ft": 107.0, "depth_score": "TRUE", "depth_median_ft": 6.09, "depth_0_20ft_pct": 1.0, "depth_20_39ft_pct": 0.0, "depth_39ft_plus_pct": 0.0, "erosion_gt_0_ft_yr": "", "erosion_gt_1_ft_yr": "", "wave_sup_3ft": "TRUE" }, "geometry": { "type": "MultiPolygon", "coordinates": [ [ [ [ -74.247049624369936, 40.493940329945957, 0.0 ], [ -74.245635055166133, 40.494392064347039, 0.0 ], [ -74.245363216244428, 40.494124086679435, 0.0 ], [ -74.246853296259786, 40.493672350474199, 0.0 ], [ -74.247049624369936, 40.493940329945957, 0.0 ] ] ] ] } },
{ "type": "Feature", "properties": { "id": "37", "Site": "Living Breakwaters", "Status": "Proposed Future Site", "Waterbody": "Raritan Bay/Lower Harbor", "Acres": 3.0, "sal_score": 0.79, "sal_mean_psu": 24.13, "sal_ci_lower_psu": 23.44, "sal_ci_upper_psu": 27.02, "sal_median_psu": 25.12, "sal_p10_psu": 21.39, "sal_p90_psu": 26.37, "chla_score": 0.78, "chla_mean_ug_L": 33.07, "chla_median_ug_L": 24.73, "chla_p10_ug_L": 6.11, "chla_p90_ug_L": 65.1, "chla_ci_lower_ug_L": 1.68, "chla_ci_upper_ug_L": 34.17, "chla_nearest_station_m": 1184.0, "do_score": 1.0, "do_mean_mg_L": 4.96, "do_median_mg_L": 4.52, "do_p10_mg_L": 3.17, "do_p90_mg_L": 6.9, "do_pct3": 0.0, "do_pct3_low": 0.0, "do_pct3_upper": 0.0, "do_nearest_station_m": 1184.0, "cso_within_50ft": "False", "cso_nearest_ft": 57238.0, "ms4_within_50ft": "False", "ms4_nearest_ft": 2168.0, "park_within_1640ft": "True", "park_nearest_ft": 0.0, "depth_score": "TRUE", "depth_median_ft": 6.64, "depth_0_20ft_pct": 1.0, "depth_20_39ft_pct": 0.0, "depth_39ft_plus_pct": 0.0, "erosion_gt_0_ft_yr": "", "erosion_gt_1_ft_yr": "", "wave_sup_3ft": "TRUE" }, "geometry": { "type": "MultiPolygon", "coordinates": [ [ [ [ -74.244849742725592, 40.494602617477909, 0.0 ], [ -74.243163334600084, 40.495100285888036, 0.0 ], [ -74.242987142706369, 40.494751918388538, 0.0 ], [ -74.244623210290811, 40.494315499408366, 0.0 ], [ -74.244849742725592, 40.494602617477909, 0.0 ] ] ] ] } },
{ "type": "Feature", "properties": { "id": "38", "Site": "Living Breakwaters", "Status": "Proposed Future Site", "Waterbody": "Raritan Bay/Lower Harbor", "Acres": 2.0, "sal_score": 0.79, "sal_mean_psu": 24.13, "sal_ci_lower_psu": 23.46, "sal_ci_upper_psu": 27.2, "sal_median_psu": 25.12, "sal_p10_psu": 21.39, "sal_p90_psu": 26.37, "chla_score": 0.76, "chla_mean_ug_L": 32.48, "chla_median_ug_L": 24.23, "chla_p10_ug_L": 6.0, "chla_p90_ug_L": 64.02, "chla_ci_lower_ug_L": 1.68, "chla_ci_upper_ug_L": 34.1, "chla_nearest_station_m": 1271.0, "do_score": 1.0, "do_mean_mg_L": 4.96, "do_median_mg_L": 4.52, "do_p10_mg_L": 3.17, "do_p90_mg_L": 6.9, "do_pct3": 0.0, "do_pct3_low": 0.0, "do_pct3_upper": 0.0, "do_nearest_station_m": 1271.0, "cso_within_50ft": "False", "cso_nearest_ft": 56870.0, "ms4_within_50ft": "False", "ms4_nearest_ft": 1687.0, "park_within_1640ft": "True", "park_nearest_ft": 214.0, "depth_score": "TRUE", "depth_median_ft": 7.44, "depth_0_20ft_pct": 1.0, "depth_20_39ft_pct": 0.0, "depth_39ft_plus_pct": 0.0, "erosion_gt_0_ft_yr": "", "erosion_gt_1_ft_yr": "", "wave_sup_3ft": "TRUE" }, "geometry": { "type": "MultiPolygon", "coordinates": [ [ [ [ -74.241809174045557, 40.494893562535097, 0.0 ], [ -74.240560728627258, 40.495307008604051, 0.0 ], [ -74.240374468625319, 40.494950985752588, 0.0 ], [ -74.24163801620594, 40.494598789245074, 0.0 ], [ -74.241809174045557, 40.494893562535097, 0.0 ] ] ] ] } },
{ "type": "Feature", "properties": { "id": "40", "Site": "Living Breakwaters", "Status": "Proposed Future Site", "Waterbody": "Raritan Bay/Lower Harbor", "Acres": 4.0, "sal_score": 0.79, "sal_mean_psu": 24.13, "sal_ci_lower_psu": 23.46, "sal_ci_upper_psu": 27.29, "sal_median_psu": 25.12, "sal_p10_psu": 21.39, "sal_p90_psu": 26.38, "chla_score": 0.74, "chla_mean_ug_L": 31.39, "chla_median_ug_L": 23.31, "chla_p10_ug_L": 5.79, "chla_p90_ug_L": 62.01, "chla_ci_lower_ug_L": 1.68, "chla_ci_upper_ug_L": 34.08, "chla_nearest_station_m": 1451.0, "do_score": 1.0, "do_mean_mg_L": 4.96, "do_median_mg_L": 4.52, "do_p10_mg_L": 3.17, "do_p90_mg_L": 6.9, "do_pct3": 0.0, "do_pct3_low": 0.0, "do_pct3_upper": 0.0, "do_nearest_station_m": 1451.0, "cso_within_50ft": "False", "cso_nearest_ft": 56053.0, "ms4_within_50ft": "False", "ms4_nearest_ft": 1210.0, "park_within_1640ft": "True", "park_nearest_ft": 268.0, "depth_score": "TRUE", "depth_median_ft": 8.29, "depth_0_20ft_pct": 1.0, "depth_20_39ft_pct": 0.0, "depth_39ft_plus_pct": 0.0, "erosion_gt_0_ft_yr": "", "erosion_gt_1_ft_yr": "", "wave_sup_3ft": "TRUE" }, "geometry": { "type": "MultiPolygon", "coordinates": [ [ [ [ -74.237338054989721, 40.495672212396144, 0.0 ], [ -74.236308861366069, 40.496334661525907, 0.0 ], [ -74.235764407401334, 40.495891248719261, 0.0 ], [ -74.237046508673103, 40.495119276057977, 0.0 ], [ -74.23753476093826, 40.49555200923195, 0.0 ], [ -74.237338054989721, 40.495672212396144, 0.0 ] ] ] ] } },
{ "type": "Feature", "properties": { "id": "41", "Site": "Living Breakwaters", "Status": "Proposed Future Site", "Waterbody": "Raritan Bay/Lower Harbor", "Acres": 2.0, "sal_score": 0.79, "sal_mean_psu": 24.14, "sal_ci_lower_psu": 23.46, "sal_ci_upper_psu": 27.29, "sal_median_psu": 25.12, "sal_p10_psu": 21.39, "sal_p90_psu": 26.38, "chla_score": 0.72, "chla_mean_ug_L": 30.72, "chla_median_ug_L": 22.75, "chla_p10_ug_L": 5.67, "chla_p90_ug_L": 60.78, "chla_ci_lower_ug_L": 1.68, "chla_ci_upper_ug_L": 34.08, "chla_nearest_station_m": 1596.0, "do_score": 1.0, "do_mean_mg_L": 4.96, "do_median_mg_L": 4.52, "do_p10_mg_L": 3.17, "do_p90_mg_L": 6.9, "do_pct3": 0.0, "do_pct3_low": 0.0, "do_pct3_upper": 0.0, "do_nearest_station_m": 1596.0, "cso_within_50ft": "False", "cso_nearest_ft": 55697.0, "ms4_within_50ft": "False", "ms4_nearest_ft": 1215.0, "park_within_1640ft": "True", "park_nearest_ft": 0.0, "depth_score": "TRUE", "depth_median_ft": 8.43, "depth_0_20ft_pct": 1.0, "depth_20_39ft_pct": 0.0, "depth_39ft_plus_pct": 0.0, "erosion_gt_0_ft_yr": "", "erosion_gt_1_ft_yr": "", "wave_sup_3ft": "TRUE" }, "geometry": { "type": "MultiPolygon", "coordinates": [ [ [ [ -74.235915449468962, 40.496380071105719, 0.0 ], [ -74.2349143566951, 40.496943681568048, 0.0 ], [ -74.234552558254038, 40.496719306406234, 0.0 ], [ -74.235515012359414, 40.496067545728252, 0.0 ], [ -74.235915449468962, 40.496380071105719, 0.0 ] ] ] ] } },
{ "type": "Feature", "properties": { "id": "42", "Site": "Living Breakwaters", "Status": "Proposed Future Site", "Waterbody": "Raritan Bay/Lower Harbor", "Acres": 3.0, "sal_score": 0.79, "sal_mean_psu": 24.14, "sal_ci_lower_psu": 23.46, "sal_ci_upper_psu": 27.31, "sal_median_psu": 25.13, "sal_p10_psu": 21.4, "sal_p90_psu": 26.38, "chla_score": 0.7, "chla_mean_ug_L": 29.89, "chla_median_ug_L": 22.05, "chla_p10_ug_L": 5.51, "chla_p90_ug_L": 59.24, "chla_ci_lower_ug_L": 1.68, "chla_ci_upper_ug_L": 34.08, "chla_nearest_station_m": 1745.0, "do_score": 1.0, "do_mean_mg_L": 4.96, "do_median_mg_L": 4.52, "do_p10_mg_L": 3.17, "do_p90_mg_L": 6.9, "do_pct3": 0.0, "do_pct3_low": 0.0, "do_pct3_upper": 0.0, "do_nearest_station_m": 1745.0, "cso_within_50ft": "False", "cso_nearest_ft": 55276.0, "ms4_within_50ft": "False", "ms4_nearest_ft": 1414.0, "park_within_1640ft": "True", "park_nearest_ft": 130.0, "depth_score": "TRUE", "depth_median_ft": 9.78, "depth_0_20ft_pct": 1.0, "depth_20_39ft_pct": 0.0, "depth_39ft_plus_pct": 0.0, "erosion_gt_0_ft_yr": "", "erosion_gt_1_ft_yr": "", "wave_sup_3ft": "TRUE" }, "geometry": { "type": "MultiPolygon", "coordinates": [ [ [ [ -74.233784883550186, 40.496733305227004, 0.0 ], [ -74.232335497193446, 40.4973742837768, 0.0 ], [ -74.231687899034071, 40.497178864136131, 0.0 ], [ -74.233404548123247, 40.496397179881313, 0.0 ], [ -74.233784883550186, 40.496733305227004, 0.0 ] ] ] ] } },
{ "type": "Feature", "properties": { "id": "43", "Site": "Little Bay Park", "Status": "Proposed Future Site", "Waterbody": "Western Long Island Sound", "Acres": 26.0, "sal_score": 0.73, "sal_mean_psu": 25.43, "sal_ci_lower_psu": 25.27, "sal_ci_upper_psu": 25.63, "sal_median_psu": 25.41, "sal_p10_psu": 24.52, "sal_p90_psu": 26.56, "chla_score": 0.4, "chla_mean_ug_L": 15.72, "chla_median_ug_L": 12.58, "chla_p10_ug_L": 3.54, "chla_p90_ug_L": 30.93, "chla_ci_lower_ug_L": 6.05, "chla_ci_upper_ug_L": 23.2, "chla_nearest_station_m": 1271.0, "do_score": 0.5, "do_mean_mg_L": 6.05, "do_median_mg_L": 5.93, "do_p10_mg_L": 4.45, "do_p90_mg_L": 7.77, "do_pct3": 0.92, "do_pct3_low": 0.03, "do_pct3_upper": 10.34, "do_nearest_station_m": 1271.0, "cso_within_50ft": "False", "cso_nearest_ft": 649.0, "ms4_within_50ft": "False", "ms4_nearest_ft": 63.0, "park_within_1640ft": "True", "park_nearest_ft": 0.0, "depth_score": "TRUE", "depth_median_ft": 10.6, "depth_0_20ft_pct": 1.0, "depth_20_39ft_pct": 0.0, "depth_39ft_plus_pct": 0.0, "erosion_gt_0_ft_yr": "", "erosion_gt_1_ft_yr": "", "wave_sup_3ft": null }, "geometry": { "type": "MultiPolygon", "coordinates": [ [ [ [ -73.791499930489636, 40.789666772270728, 0.0 ], [ -73.791660923713764, 40.789941024305001, 0.0 ], [ -73.791647507611742, 40.790255904873412, 0.0 ], [ -73.791432849979572, 40.790398108511603, 0.0 ], [ -73.790332729614562, 40.790936448097519, 0.0 ], [ -73.788065408374521, 40.791281795722533, 0.0 ], [ -73.785865167644516, 40.791545883870825, 0.0 ], [ -73.784322315913101, 40.791545883870825, 0.0 ], [ -73.78315511503807, 40.791352896481136, 0.0 ], [ -73.782953873507878, 40.791159908530581, 0.0 ], [ -73.783396604874284, 40.790966920019038, 0.0 ], [ -73.784308899811109, 40.790692672222001, 0.0 ], [ -73.785985912562623, 40.790448895451505, 0.0 ], [ -73.787864166844329, 40.790479367596731, 0.0 ], [ -73.789219193147559, 40.790489524975378, 0.0 ], [ -73.790050991472313, 40.79049968235244, 0.0 ], [ -73.790694964368882, 40.790276219697517, 0.0 ], [ -73.791499930489636, 40.789666772270728, 0.0 ] ] ] ] } },
{ "type": "Feature", "properties": { "id": "44", "Site": "Head of Bay - USACE", "Status": "Proposed Future Site", "Waterbody": "Jamaica Bay", "Acres": 23.0, "sal_score": 0.69, "sal_mean_psu": 26.17, "sal_ci_lower_psu": 25.38, "sal_ci_upper_psu": 27.81, "sal_median_psu": 26.02, "sal_p10_psu": 24.53, "sal_p90_psu": 28.22, "chla_score": 0.51, "chla_mean_ug_L": 21.41, "chla_median_ug_L": 16.29, "chla_p10_ug_L": 3.87, "chla_p90_ug_L": 48.06, "chla_ci_lower_ug_L": 10.02, "chla_ci_upper_ug_L": 23.23, "chla_nearest_station_m": 1389.0, "do_score": 0.5, "do_mean_mg_L": 4.98, "do_median_mg_L": 4.87, "do_p10_mg_L": 4.25, "do_p90_mg_L": 5.82, "do_pct3": 5.05, "do_pct3_low": 0.0, "do_pct3_upper": 14.41, "do_nearest_station_m": 689.0, "cso_within_50ft": "False", "cso_nearest_ft": 7446.0, "ms4_within_50ft": "False", "ms4_nearest_ft": 4584.0, "park_within_1640ft": "True", "park_nearest_ft": 1458.0, "depth_score": "FALSE", "depth_median_ft": 21.96, "depth_0_20ft_pct": 0.1, "depth_20_39ft_pct": 0.9, "depth_39ft_plus_pct": 0.0, "erosion_gt_0_ft_yr": "", "erosion_gt_1_ft_yr": "", "wave_sup_3ft": "FALSE" }, "geometry": { "type": "MultiPolygon", "coordinates": [ [ [ [ -73.757922715517878, 40.626993182298705, 0.0 ], [ -73.761737538035604, 40.624676889842398, 0.0 ], [ -73.762805688340563, 40.625768866294919, 0.0 ], [ -73.759383247567513, 40.627621876389554, 0.0 ], [ -73.757922715517878, 40.626993182298705, 0.0 ] ] ] ] } },
{ "type": "Feature", "properties": { "id": "46", "Site": "Shirley Chisholm State Park", "Status": "Proposed Future Site", "Waterbody": "Jamaica Bay", "Acres": 20.0, "sal_score": 0.66, "sal_mean_psu": 26.7, "sal_ci_lower_psu": 25.93, "sal_ci_upper_psu": 26.99, "sal_median_psu": 26.78, "sal_p10_psu": 25.49, "sal_p90_psu": 28.0, "chla_score": 0.52, "chla_mean_ug_L": 25.62, "chla_median_ug_L": 16.54, "chla_p10_ug_L": 5.22, "chla_p90_ug_L": 59.48, "chla_ci_lower_ug_L": 12.27, "chla_ci_upper_ug_L": 22.78, "chla_nearest_station_m": 395.0, "do_score": 0.75, "do_mean_mg_L": 5.66, "do_median_mg_L": 5.41, "do_p10_mg_L": 4.63, "do_p90_mg_L": 6.88, "do_pct3": 3.06, "do_pct3_low": 0.79, "do_pct3_upper": 9.77, "do_nearest_station_m": 339.0, "cso_within_50ft": "False", "cso_nearest_ft": 3525.0, "ms4_within_50ft": "False", "ms4_nearest_ft": 3341.0, "park_within_1640ft": "False", "park_nearest_ft": 2089.0, "depth_score": "TRUE", "depth_median_ft": 9.65, "depth_0_20ft_pct": 1.0, "depth_20_39ft_pct": 0.0, "depth_39ft_plus_pct": 0.0, "erosion_gt_0_ft_yr": "False", "erosion_gt_1_ft_yr": "False", "wave_sup_3ft": "FALSE" }, "geometry": { "type": "MultiPolygon", "coordinates": [ [ [ [ -73.85683917562028, 40.649021399746211, 0.0 ], [ -73.856401931566879, 40.649043188388994, 0.0 ], [ -73.856196100081632, 40.648451981266845, 0.0 ], [ -73.855946161849516, 40.646979518120482, 0.0 ], [ -73.85574033036427, 40.645663197805206, 0.0 ], [ -73.855637414621654, 40.643956404842768, 0.0 ], [ -73.856196100081632, 40.643945249189642, 0.0 ], [ -73.856093184338974, 40.644685338987223, 0.0 ], [ -73.85658607143553, 40.645382766372961, 0.0 ], [ -73.856546107616907, 40.645867928951688, 0.0 ], [ -73.856972388349078, 40.645918466517472, 0.0 ], [ -73.857478596718522, 40.646312658217269, 0.0 ], [ -73.857745022176132, 40.646807921411572, 0.0 ], [ -73.857678415811733, 40.647121249289455, 0.0 ], [ -73.857092279805002, 40.647788329548831, 0.0 ], [ -73.85683917562028, 40.649021399746211, 0.0 ] ] ] ] } },
{ "type": "Feature", "properties": { "id": "47", "Site": "Shirley Chisholm State Park", "Status": "Proposed Future Site", "Waterbody": "Jamaica Bay", "Acres": 34.0, "sal_score": 0.66, "sal_mean_psu": 26.71, "sal_ci_lower_psu": 26.18, "sal_ci_upper_psu": 27.25, "sal_median_psu": 26.79, "sal_p10_psu": 25.47, "sal_p90_psu": 28.02, "chla_score": 0.49, "chla_mean_ug_L": 24.01, "chla_median_ug_L": 15.41, "chla_p10_ug_L": 5.25, "chla_p90_ug_L": 56.11, "chla_ci_lower_ug_L": 11.29, "chla_ci_upper_ug_L": 20.63, "chla_nearest_station_m": 597.0, "do_score": 0.5, "do_mean_mg_L": 5.6, "do_median_mg_L": 5.41, "do_p10_mg_L": 4.43, "do_p90_mg_L": 6.93, "do_pct3": 4.06, "do_pct3_low": 1.21, "do_pct3_upper": 12.84, "do_nearest_station_m": 335.0, "cso_within_50ft": "False", "cso_nearest_ft": 5622.0, "ms4_within_50ft": "False", "ms4_nearest_ft": 3654.0, "park_within_1640ft": "False", "park_nearest_ft": 2809.0, "depth_score": "FALSE", "depth_median_ft": 22.71, "depth_0_20ft_pct": 0.28, "depth_20_39ft_pct": 0.72, "depth_39ft_plus_pct": 0.0, "erosion_gt_0_ft_yr": "", "erosion_gt_1_ft_yr": "", "wave_sup_3ft": "TRUE" }, "geometry": { "type": "MultiPolygon", "coordinates": [ [ [ [ -73.865969873009178, 40.639584295281757, 0.0 ], [ -73.86371570703939, 40.640902800116507, 0.0 ], [ -73.86276081728829, 40.641627372765988, 0.0 ], [ -73.862228583656517, 40.641805545163486, 0.0 ], [ -73.860725806343339, 40.642245035043921, 0.0 ], [ -73.860146610920538, 40.642245035043921, 0.0 ], [ -73.859332606542537, 40.642363815595935, 0.0 ], [ -73.858784718980445, 40.642375693639529, 0.0 ], [ -73.85693755519965, 40.642708278001557, 0.0 ], [ -73.856671438383771, 40.642945837245556, 0.0 ], [ -73.856154858682359, 40.642233156977092, 0.0 ], [ -73.858393370721814, 40.641639250940635, 0.0 ], [ -73.859614377288779, 40.641366052389351, 0.0 ], [ -73.861038884950247, 40.641057217898009, 0.0 ], [ -73.862087698283403, 40.640819651932354, 0.0 ], [ -73.863574821666276, 40.640178219601921, 0.0 ], [ -73.865437639377419, 40.638978487031366, 0.0 ], [ -73.865969873009178, 40.639584295281757, 0.0 ] ] ] ] } },
{ "type": "Feature", "properties": { "id": "48", "Site": "Shirley Chisholm State Park", "Status": "Proposed Future Site", "Waterbody": "Jamaica Bay", "Acres": 43.0, "sal_score": 0.66, "sal_mean_psu": 26.78, "sal_ci_lower_psu": 26.39, "sal_ci_upper_psu": 27.82, "sal_median_psu": 26.84, "sal_p10_psu": 25.75, "sal_p90_psu": 27.92, "chla_score": 0.44, "chla_mean_ug_L": 20.97, "chla_median_ug_L": 13.79, "chla_p10_ug_L": 5.27, "chla_p90_ug_L": 48.24, "chla_ci_lower_ug_L": 10.44, "chla_ci_upper_ug_L": 20.63, "chla_nearest_station_m": 389.0, "do_score": 0.5, "do_mean_mg_L": 5.7, "do_median_mg_L": 5.48, "do_p10_mg_L": 4.31, "do_p90_mg_L": 7.22, "do_pct3": 6.56, "do_pct3_low": 1.55, "do_pct3_upper": 19.08, "do_nearest_station_m": 364.0, "cso_within_50ft": "False", "cso_nearest_ft": 6719.0, "ms4_within_50ft": "False", "ms4_nearest_ft": 2315.0, "park_within_1640ft": "True", "park_nearest_ft": 1285.0, "depth_score": "FALSE", "depth_median_ft": 33.27, "depth_0_20ft_pct": 0.23, "depth_20_39ft_pct": 0.65, "depth_39ft_plus_pct": 0.11, "erosion_gt_0_ft_yr": "", "erosion_gt_1_ft_yr": "", "wave_sup_3ft": "TRUE" }, "geometry": { "type": "MultiPolygon", "coordinates": [ [ [ [ -73.867891486562996, 40.63811037607006, 0.0 ], [ -73.866376997198699, 40.63676573710574, 0.0 ], [ -73.86764916826472, 40.636053182402691, 0.0 ], [ -73.868997063798929, 40.635490028950599, 0.0 ], [ -73.870208655290355, 40.634949856890358, 0.0 ], [ -73.871617130399116, 40.634674022663333, 0.0 ], [ -73.872949881039688, 40.634329228277032, 0.0 ], [ -73.873964588913765, 40.634719995113649, 0.0 ], [ -73.874479515297622, 40.635386592085872, 0.0 ], [ -73.87299531572063, 40.635363606094188, 0.0 ], [ -73.871980607846552, 40.635627944520934, 0.0 ], [ -73.871238508058042, 40.63616811109501, 0.0 ], [ -73.870738726567851, 40.636466924769095, 0.0 ], [ -73.869678584012831, 40.636961113679696, 0.0 ], [ -73.867891486562996, 40.63811037607006, 0.0 ] ] ] ] } },
{ "type": "Feature", "properties": { "id": "49", "Site": "Fresh Creek Basin", "Status": "Proposed Future Site", "Waterbody": "Jamaica Bay", "Acres": 9.0, "sal_score": 0.65, "sal_mean_psu": 27.08, "sal_ci_lower_psu": 26.55, "sal_ci_upper_psu": 27.85, "sal_median_psu": 27.11, "sal_p10_psu": 26.09, "sal_p90_psu": 28.19, "chla_score": 0.52, "chla_mean_ug_L": 24.74, "chla_median_ug_L": 16.6, "chla_p10_ug_L": 4.41, "chla_p90_ug_L": 62.91, "chla_ci_lower_ug_L": 12.19, "chla_ci_upper_ug_L": 22.02, "chla_nearest_station_m": 201.0, "do_score": 0.5, "do_mean_mg_L": 6.85, "do_median_mg_L": 6.67, "do_p10_mg_L": 4.79, "do_p90_mg_L": 9.0, "do_pct3": 12.5, "do_pct3_low": 1.01, "do_pct3_upper": 40.03, "do_nearest_station_m": 127.0, "cso_within_50ft": "False", "cso_nearest_ft": 2796.0, "ms4_within_50ft": "False", "ms4_nearest_ft": 107.0, "park_within_1640ft": "True", "park_nearest_ft": 0.0, "depth_score": "TRUE", "depth_median_ft": 6.0, "depth_0_20ft_pct": 1.0, "depth_20_39ft_pct": 0.0, "depth_39ft_plus_pct": 0.0, "erosion_gt_0_ft_yr": "True", "erosion_gt_1_ft_yr": "False", "wave_sup_3ft": null }, "geometry": { "type": "MultiPolygon", "coordinates": [ [ [ [ -73.884139690009363, 40.643256983260201, 0.0 ], [ -73.883805647131567, 40.643397796988609, 0.0 ], [ -73.883304582814873, 40.643510447757407, 0.0 ], [ -73.882868471279977, 40.643425959698646, 0.0 ], [ -73.882608660152798, 40.643214739083774, 0.0 ], [ -73.882488033558033, 40.642989436357773, 0.0 ], [ -73.882367406963283, 40.642806377332967, 0.0 ], [ -73.881810668833637, 40.642672603112665, 0.0 ], [ -73.881643647394739, 40.642426176215643, 0.0 ], [ -73.881532299768793, 40.642306482823095, 0.0 ], [ -73.881216814828647, 40.642165666792366, 0.0 ], [ -73.880994119576798, 40.641989646336178, 0.0 ], [ -73.880854935044397, 40.641891074677979, 0.0 ], [ -73.880706471543149, 40.641672808345341, 0.0 ], [ -73.880548729073084, 40.641313723470965, 0.0 ], [ -73.880530171135419, 40.64110249617196, 0.0 ], [ -73.880502334228936, 40.640877186316253, 0.0 ], [ -73.883295303846054, 40.64300351780043, 0.0 ], [ -73.88345304631612, 40.643116169234709, 0.0 ], [ -73.883694299505635, 40.643109128525658, 0.0 ], [ -73.883916994757499, 40.643031680676827, 0.0 ], [ -73.884139690009363, 40.643256983260201, 0.0 ] ] ] ] } },
{ "type": "Feature", "properties": { "id": "50", "Site": "Four Sparrow", "Status": "Proposed Future Site", "Waterbody": "Jamaica Bay", "Acres": 14.0, "sal_score": 0.61, "sal_mean_psu": 27.89, "sal_ci_lower_psu": 27.26, "sal_ci_upper_psu": 28.39, "sal_median_psu": 27.95, "sal_p10_psu": 26.74, "sal_p90_psu": 28.94, "chla_score": 0.72, "chla_mean_ug_L": 31.16, "chla_median_ug_L": 22.94, "chla_p10_ug_L": 6.47, "chla_p90_ug_L": 59.5, "chla_ci_lower_ug_L": 15.22, "chla_ci_upper_ug_L": 30.9, "chla_nearest_station_m": 2828.0, "do_score": 0.5, "do_mean_mg_L": 5.49, "do_median_mg_L": 5.21, "do_p10_mg_L": 4.24, "do_p90_mg_L": 6.94, "do_pct3": 11.51, "do_pct3_low": 1.62, "do_pct3_upper": 40.26, "do_nearest_station_m": 1329.0, "cso_within_50ft": "False", "cso_nearest_ft": 10155.0, "ms4_within_50ft": "False", "ms4_nearest_ft": 506.0, "park_within_1640ft": "True", "park_nearest_ft": 0.0, "depth_score": "TRUE", "depth_median_ft": 12.22, "depth_0_20ft_pct": 0.68, "depth_20_39ft_pct": 0.29, "depth_39ft_plus_pct": 0.02, "erosion_gt_0_ft_yr": "True", "erosion_gt_1_ft_yr": "True", "wave_sup_3ft": "FALSE" }, "geometry": { "type": "MultiPolygon", "coordinates": [ [ [ [ -73.908594366225174, 40.602625212112848, 0.0 ], [ -73.907978061237799, 40.602786564575545, 0.0 ], [ -73.901219958807346, 40.603803075830037, 0.0 ], [ -73.900029853878536, 40.60381921443355, 0.0 ], [ -73.89998735009587, 40.60360945872231, 0.0 ], [ -73.90064615872727, 40.603561053464716, 0.0 ], [ -73.901347471141307, 40.603577188554461, 0.0 ], [ -73.90190002031602, 40.603383567220227, 0.0 ], [ -73.902941362991442, 40.603044728535728, 0.0 ], [ -73.903557667840133, 40.602899511430842, 0.0 ], [ -73.904046461340826, 40.602689752833399, 0.0 ], [ -73.904875285102904, 40.602754294010417, 0.0 ], [ -73.905895375886985, 40.602770429294928, 0.0 ], [ -73.906575436409696, 40.602641346909763, 0.0 ], [ -73.907574275302437, 40.602399316765684, 0.0 ], [ -73.908190580151157, 40.602399316765698, 0.0 ], [ -73.908743129325842, 40.602383181391602, 0.0 ], [ -73.908594366225174, 40.602625212112848, 0.0 ] ] ] ] } },
{ "type": "Feature", "properties": { "id": "51", "Site": "Rockaway Community Park", "Status": "Proposed Future Site", "Waterbody": "Jamaica Bay", "Acres": 54.0, "sal_score": 0.63, "sal_mean_psu": 27.47, "sal_ci_lower_psu": 25.9, "sal_ci_upper_psu": 28.03, "sal_median_psu": 27.27, "sal_p10_psu": 25.54, "sal_p90_psu": 30.01, "chla_score": 0.54, "chla_mean_ug_L": 24.16, "chla_median_ug_L": 17.04, "chla_p10_ug_L": 5.15, "chla_p90_ug_L": 52.74, "chla_ci_lower_ug_L": 11.38, "chla_ci_upper_ug_L": 22.1, "chla_nearest_station_m": 2579.0, "do_score": 0.75, "do_mean_mg_L": 6.01, "do_median_mg_L": 5.97, "do_p10_mg_L": 5.48, "do_p90_mg_L": 6.59, "do_pct3": 1.6, "do_pct3_low": 0.0, "do_pct3_upper": 4.85, "do_nearest_station_m": 1469.0, "cso_within_50ft": "False", "cso_nearest_ft": 14767.0, "ms4_within_50ft": "False", "ms4_nearest_ft": 1214.0, "park_within_1640ft": "True", "park_nearest_ft": 0.0, "depth_score": "TRUE", "depth_median_ft": 5.29, "depth_0_20ft_pct": 0.91, "depth_20_39ft_pct": 0.08, "depth_39ft_plus_pct": 0.0, "erosion_gt_0_ft_yr": "True", "erosion_gt_1_ft_yr": "False", "wave_sup_3ft": "TRUE" }, "geometry": { "type": "MultiPolygon", "coordinates": [ [ [ [ -73.785560844331556, 40.601479974113495, 0.0 ], [ -73.785779256198822, 40.601521431648777, 0.0 ], [ -73.784851005762903, 40.602039648670143, 0.0 ], [ -73.783950056810411, 40.602702960595074, 0.0 ], [ -73.783649740492905, 40.603304081341378, 0.0 ], [ -73.78378624790993, 40.60367718805098, 0.0 ], [ -73.784223071644504, 40.604195388359251, 0.0 ], [ -73.784414182028371, 40.605045228167484, 0.0 ], [ -73.78378624790993, 40.606309603981614, 0.0 ], [ -73.782120857421987, 40.608195759508853, 0.0 ], [ -73.780455466934015, 40.609335717809124, 0.0 ], [ -73.77887198089627, 40.610268396500118, 0.0 ], [ -73.776960877057618, 40.610454930676227, 0.0 ], [ -73.775268185086233, 40.61030984858423, 0.0 ], [ -73.774066919816221, 40.609936778901393, 0.0 ], [ -73.773247875313956, 40.608734651310641, 0.0 ], [ -73.773438985697808, 40.607263051890364, 0.0 ], [ -73.773821206465556, 40.605791420065266, 0.0 ], [ -73.7743126331669, 40.604506306615775, 0.0 ], [ -73.7754319939867, 40.602765145750553, 0.0 ], [ -73.777861826010124, 40.600360610942097, 0.0 ], [ -73.778107539360803, 40.600339881817668, 0.0 ], [ -73.777616112659445, 40.600899565919981, 0.0 ], [ -73.776769766673766, 40.601749447633125, 0.0 ], [ -73.775841516237818, 40.602806602488734, 0.0 ], [ -73.77499517025214, 40.604112476579907, 0.0 ], [ -73.774640250967821, 40.605480507786972, 0.0 ], [ -73.774285331683515, 40.606454694758227, 0.0 ], [ -73.773930412399196, 40.607677590216795, 0.0 ], [ -73.773985015365994, 40.608817557355998, 0.0 ], [ -73.774640250967821, 40.609729517066462, 0.0 ], [ -73.776114531071912, 40.609936778901393, 0.0 ], [ -73.776933575574205, 40.610061135693783, 0.0 ], [ -73.778653569029004, 40.609812421877578, 0.0 ], [ -73.780291658033548, 40.608755377831606, 0.0 ], [ -73.781329114403107, 40.607822678023574, 0.0 ], [ -73.782803394507198, 40.606516876423214, 0.0 ], [ -73.783704343459732, 40.605397597601787, 0.0 ], [ -73.783950056810411, 40.60479649568358, 0.0 ], [ -73.783758946426531, 40.604216116288043, 0.0 ], [ -73.783349424175398, 40.603801556491412, 0.0 ], [ -73.783158313791517, 40.603594275628872, 0.0 ], [ -73.783185615274931, 40.603345537745291, 0.0 ], [ -73.783404027142211, 40.603200440219069, 0.0 ], [ -73.783758946426531, 40.602474947863342, 0.0 ], [ -73.784223071644504, 40.602039648670143, 0.0 ], [ -73.784741799829291, 40.601728718939434, 0.0 ], [ -73.785560844331556, 40.601479974113495, 0.0 ] ] ] ] } },
{ "type": "Feature", "properties": { "id": "52", "Site": "Dubos Point Wildlife Sanctuary", "Status": "Proposed Future Site", "Waterbody": "Jamaica Bay", "Acres": 50.0, "sal_score": 0.61, "sal_mean_psu": 27.82, "sal_ci_lower_psu": 25.99, "sal_ci_upper_psu": 28.27, "sal_median_psu": 27.57, "sal_p10_psu": 25.81, "sal_p90_psu": 30.61, "chla_score": 0.58, "chla_mean_ug_L": 27.53, "chla_median_ug_L": 18.4, "chla_p10_ug_L": 6.65, "chla_p90_ug_L": 57.76, "chla_ci_lower_ug_L": 14.75, "chla_ci_upper_ug_L": 25.7, "chla_nearest_station_m": 1680.0, "do_score": 1.0, "do_mean_mg_L": 6.22, "do_median_mg_L": 6.17, "do_p10_mg_L": 5.71, "do_p90_mg_L": 6.79, "do_pct3": 0.55, "do_pct3_low": 0.0, "do_pct3_upper": 1.89, "do_nearest_station_m": 1258.0, "cso_within_50ft": "False", "cso_nearest_ft": 17825.0, "ms4_within_50ft": "False", "ms4_nearest_ft": 774.0, "park_within_1640ft": "True", "park_nearest_ft": 0.0, "depth_score": "FALSE", "depth_median_ft": 24.18, "depth_0_20ft_pct": 0.33, "depth_20_39ft_pct": 0.53, "depth_39ft_plus_pct": 0.14, "erosion_gt_0_ft_yr": "False", "erosion_gt_1_ft_yr": "False", "wave_sup_3ft": "TRUE" }, "geometry": { "type": "MultiPolygon", "coordinates": [ [ [ [ -73.795143665008212, 40.599904568720589, 0.0 ], [ -73.795116363524812, 40.600650818008553, 0.0 ], [ -73.78875511789046, 40.604216116288036, 0.0 ], [ -73.787663058554074, 40.604692856875431, 0.0 ], [ -73.786489094767475, 40.604920862041254, 0.0 ], [ -73.78580655768225, 40.604858678891333, 0.0 ], [ -73.785506241364743, 40.604506306615775, 0.0 ], [ -73.785560844331556, 40.604071020651666, 0.0 ], [ -73.785478939881315, 40.603324809546535, 0.0 ], [ -73.78534243246429, 40.6028273308482, 0.0 ], [ -73.785533542848157, 40.602474947863342, 0.0 ], [ -73.786079572516329, 40.602392033949862, 0.0 ], [ -73.786625602184515, 40.602143291592299, 0.0 ], [ -73.786953219985421, 40.601687261532732, 0.0 ], [ -73.787444646686794, 40.600941023815231, 0.0 ], [ -73.787936073388167, 40.600422798276668, 0.0 ], [ -73.788645911956806, 40.600049673401273, 0.0 ], [ -73.789464956459099, 40.599552170327676, 0.0 ], [ -73.789956383160458, 40.59899247494419, 0.0 ], [ -73.790338603928191, 40.598681531039659, 0.0 ], [ -73.790229397994551, 40.599116852101041, 0.0 ], [ -73.789983684643872, 40.599407064567096, 0.0 ], [ -73.789710669809779, 40.599718005096932, 0.0 ], [ -73.789082735691366, 40.600132590220227, 0.0 ], [ -73.788099882288634, 40.600630088974185, 0.0 ], [ -73.78788147042134, 40.600816650052373, 0.0 ], [ -73.78752655113702, 40.60127268605148, 0.0 ], [ -73.787335440753168, 40.601790905001273, 0.0 ], [ -73.786953219985421, 40.602329848447248, 0.0 ], [ -73.786161476966569, 40.602640775381737, 0.0 ], [ -73.785751954715408, 40.60264077538173, 0.0 ], [ -73.785670050265196, 40.602868787547806, 0.0 ], [ -73.785970366582703, 40.60334553774527, 0.0 ], [ -73.786106873999742, 40.603739372300119, 0.0 ], [ -73.786762109601568, 40.60419538835928, 0.0 ], [ -73.787362742236567, 40.604153932482461, 0.0 ], [ -73.787799565971113, 40.603822284542296, 0.0 ], [ -73.788509404539752, 40.603366265937652, 0.0 ], [ -73.79072082469591, 40.601936005587291, 0.0 ], [ -73.792468119634123, 40.600733734081899, 0.0 ], [ -73.793887796771386, 40.600256965255831, 0.0 ], [ -73.795143665008212, 40.599904568720589, 0.0 ] ] ] ] } },
{ "type": "Feature", "properties": { "id": "53", "Site": "Brant Point Wildlife Sanctuary", "Status": "Proposed Future Site", "Waterbody": "Jamaica Bay", "Acres": 15.0, "sal_score": 0.61, "sal_mean_psu": 27.89, "sal_ci_lower_psu": 26.24, "sal_ci_upper_psu": 28.36, "sal_median_psu": 27.6, "sal_p10_psu": 25.8, "sal_p90_psu": 30.8, "chla_score": 0.56, "chla_mean_ug_L": 26.77, "chla_median_ug_L": 17.84, "chla_p10_ug_L": 6.33, "chla_p90_ug_L": 56.7, "chla_ci_lower_ug_L": 10.5, "chla_ci_upper_ug_L": 23.77, "chla_nearest_station_m": 455.0, "do_score": 0.75, "do_mean_mg_L": 6.08, "do_median_mg_L": 6.05, "do_p10_mg_L": 5.45, "do_p90_mg_L": 6.8, "do_pct3": 0.72, "do_pct3_low": 0.0, "do_pct3_upper": 2.32, "do_nearest_station_m": 492.0, "cso_within_50ft": "False", "cso_nearest_ft": 21604.0, "ms4_within_50ft": "True", "ms4_nearest_ft": 37.0, "park_within_1640ft": "True", "park_nearest_ft": 0.0, "depth_score": "TRUE", "depth_median_ft": 7.14, "depth_0_20ft_pct": 0.99, "depth_20_39ft_pct": 0.01, "depth_39ft_plus_pct": 0.0, "erosion_gt_0_ft_yr": "True", "erosion_gt_1_ft_yr": "False", "wave_sup_3ft": "TRUE" }, "geometry": { "type": "MultiPolygon", "coordinates": [ [ [ [ -73.805159768391846, 40.597233998941171, 0.0 ], [ -73.805379563929606, 40.597351804496441, 0.0 ], [ -73.805599359467379, 40.597685585775729, 0.0 ], [ -73.805289059884657, 40.597989914313317, 0.0 ], [ -73.804616744122058, 40.598569116412243, 0.0 ], [ -73.803970286658043, 40.599089412324183, 0.0 ], [ -73.803091104506976, 40.599570437017604, 0.0 ], [ -73.801992126818135, 40.599963107670654, 0.0 ], [ -73.801281023607714, 40.600110358570888, 0.0 ], [ -73.801151732114903, 40.599688238455691, 0.0 ], [ -73.80110001551779, 40.599217031457734, 0.0 ], [ -73.801242236159865, 40.599207214609962, 0.0 ], [ -73.801526677444045, 40.599138496635163, 0.0 ], [ -73.801901622773173, 40.599010877351688, 0.0 ], [ -73.802082630863097, 40.598981426713209, 0.0 ], [ -73.802483434490796, 40.599059961720322, 0.0 ], [ -73.802871308969216, 40.59895197606177, 0.0 ], [ -73.80316867940266, 40.598755638053859, 0.0 ], [ -73.80334968749257, 40.598431679080143, 0.0 ], [ -73.80363412877675, 40.598205888564067, 0.0 ], [ -73.803996144956599, 40.598009548364935, 0.0 ], [ -73.804228869643651, 40.59786229283722, 0.0 ], [ -73.804552098375652, 40.597783756423141, 0.0 ], [ -73.80484946880911, 40.597626683318133, 0.0 ], [ -73.805159768391846, 40.597233998941171, 0.0 ] ] ] ] } },
{ "type": "Feature", "properties": { "id": "54", "Site": "Vernam Barbadoes", "Status": "Proposed Future Site", "Waterbody": "Jamaica Bay", "Acres": 11.0, "sal_score": 0.61, "sal_mean_psu": 27.89, "sal_ci_lower_psu": 26.74, "sal_ci_upper_psu": 28.38, "sal_median_psu": 27.6, "sal_p10_psu": 25.8, "sal_p90_psu": 30.8, "chla_score": 0.56, "chla_mean_ug_L": 26.45, "chla_median_ug_L": 17.72, "chla_p10_ug_L": 6.27, "chla_p90_ug_L": 56.29, "chla_ci_lower_ug_L": 10.09, "chla_ci_upper_ug_L": 23.34, "chla_nearest_station_m": 314.0, "do_score": 0.75, "do_mean_mg_L": 5.99, "do_median_mg_L": 5.97, "do_p10_mg_L": 5.19, "do_p90_mg_L": 6.89, "do_pct3": 0.96, "do_pct3_low": 0.0, "do_pct3_upper": 2.98, "do_nearest_station_m": 291.0, "cso_within_50ft": "False", "cso_nearest_ft": 23484.0, "ms4_within_50ft": "False", "ms4_nearest_ft": 469.0, "park_within_1640ft": "True", "park_nearest_ft": 0.0, "depth_score": "TRUE", "depth_median_ft": 5.53, "depth_0_20ft_pct": 0.85, "depth_20_39ft_pct": 0.15, "depth_39ft_plus_pct": 0.0, "erosion_gt_0_ft_yr": "False", "erosion_gt_1_ft_yr": "False", "wave_sup_3ft": "TRUE" }, "geometry": { "type": "MultiPolygon", "coordinates": [ [ [ [ -73.808331464858128, 40.593710795237548, 0.0 ], [ -73.808697166709209, 40.593849641615542, 0.0 ], [ -73.808853896073956, 40.594062869420384, 0.0 ], [ -73.808834304903343, 40.594395106737799, 0.0 ], [ -73.808677575538596, 40.594757094771545, 0.0 ], [ -73.808475133442471, 40.595148833038351, 0.0 ], [ -73.808089840420834, 40.595505858320315, 0.0 ], [ -73.807423740620678, 40.595897592200018, 0.0 ], [ -73.806875187844071, 40.596140565225298, 0.0 ], [ -73.806431121310638, 40.596205027308272, 0.0 ], [ -73.806091541020365, 40.59615544109608, 0.0 ], [ -73.805973993996815, 40.596036434036883, 0.0 ], [ -73.805921750875228, 40.595922385406361, 0.0 ], [ -73.805987054777191, 40.595783543332672, 0.0 ], [ -73.806124192971353, 40.595679411588193, 0.0 ], [ -73.806418973848082, 40.595609744417764, 0.0 ], [ -73.806741989122457, 40.595530758364553, 0.0 ], [ -73.807026680550706, 40.5953811003236, 0.0 ], [ -73.807360645495393, 40.595077626045551, 0.0 ], [ -73.807579638880313, 40.594754165874519, 0.0 ], [ -73.807842430987463, 40.594380015770717, 0.0 ], [ -73.80805594956054, 40.593926074131652, 0.0 ], [ -73.808102901201224, 40.593775259663168, 0.0 ], [ -73.808331464858128, 40.593710795237548, 0.0 ] ] ] ] } },
{ "type": "Feature", "properties": { "id": "55", "Site": "Bushwick Inlet", "Status": "Proposed Future Site", "Waterbody": "Upper Harbor", "Acres": 1.0, "sal_score": 0.81, "sal_mean_psu": 23.7, "sal_ci_lower_psu": 22.96, "sal_ci_upper_psu": 24.23, "sal_median_psu": 23.77, "sal_p10_psu": 21.99, "sal_p90_psu": 25.58, "chla_score": 0.67, "chla_mean_ug_L": 30.72, "chla_median_ug_L": 21.37, "chla_p10_ug_L": 7.4, "chla_p90_ug_L": 69.96, "chla_ci_lower_ug_L": 11.15, "chla_ci_upper_ug_L": 30.86, "chla_nearest_station_m": 2674.0, "do_score": 0.5, "do_mean_mg_L": 4.75, "do_median_mg_L": 4.62, "do_p10_mg_L": 3.82, "do_p90_mg_L": 5.84, "do_pct3": 4.11, "do_pct3_low": 0.0, "do_pct3_upper": 14.87, "do_nearest_station_m": 2536.0, "cso_within_50ft": "True", "cso_nearest_ft": 45.0, "ms4_within_50ft": "False", "ms4_nearest_ft": 2870.0, "park_within_1640ft": "True", "park_nearest_ft": 0.0, "depth_score": "TRUE", "depth_median_ft": 7.79, "depth_0_20ft_pct": 1.0, "depth_20_39ft_pct": 0.0, "depth_39ft_plus_pct": 0.0, "erosion_gt_0_ft_yr": "", "erosion_gt_1_ft_yr": "", "wave_sup_3ft": null }, "geometry": { "type": "MultiPolygon", "coordinates": [ [ [ [ -73.961519469576373, 40.725791167148166, 0.0 ], [ -73.960447329369558, 40.725849991484871, 0.0 ], [ -73.960175655832998, 40.725283805085944, 0.0 ], [ -73.961519469576373, 40.725791167148166, 0.0 ] ] ] ] } },
{ "type": "Feature", "properties": { "id": "56", "Site": "Bushwick Inlet", "Status": "Proposed Future Site", "Waterbody": "Upper Harbor", "Acres": 2.0, "sal_score": 0.81, "sal_mean_psu": 23.7, "sal_ci_lower_psu": 22.97, "sal_ci_upper_psu": 24.23, "sal_median_psu": 23.77, "sal_p10_psu": 21.99, "sal_p90_psu": 25.58, "chla_score": 0.68, "chla_mean_ug_L": 30.78, "chla_median_ug_L": 21.42, "chla_p10_ug_L": 7.42, "chla_p90_ug_L": 69.99, "chla_ci_lower_ug_L": 10.7, "chla_ci_upper_ug_L": 31.06, "chla_nearest_station_m": 2846.0, "do_score": 0.5, "do_mean_mg_L": 4.75, "do_median_mg_L": 4.62, "do_p10_mg_L": 3.82, "do_p90_mg_L": 5.84, "do_pct3": 4.14, "do_pct3_low": 0.0, "do_pct3_upper": 16.05, "do_nearest_station_m": 2683.0, "cso_within_50ft": "False", "cso_nearest_ft": 546.0, "ms4_within_50ft": "False", "ms4_nearest_ft": 3366.0, "park_within_1640ft": "True", "park_nearest_ft": 0.0, "depth_score": "TRUE", "depth_median_ft": 13.46, "depth_0_20ft_pct": 1.0, "depth_20_39ft_pct": 0.0, "depth_39ft_plus_pct": 0.0, "erosion_gt_0_ft_yr": "", "erosion_gt_1_ft_yr": "", "wave_sup_3ft": null }, "geometry": { "type": "MultiPolygon", "coordinates": [ [ [ [ -73.959850617851757, 40.725265422329869, 0.0 ], [ -73.958560168553078, 40.725349982965568, 0.0 ], [ -73.958448588350564, 40.725088947613749, 0.0 ], [ -73.958201171379784, 40.725044828861598, 0.0 ], [ -73.958021672793123, 40.724894089571052, 0.0 ], [ -73.958133252995623, 40.724864676986748, 0.0 ], [ -73.958162360874553, 40.724625699257409, 0.0 ], [ -73.959850617851757, 40.725265422329869, 0.0 ] ] ] ] } },
{ "type": "Feature", "properties": { "id": "57", "Site": "Little Brother Island South", "Status": "Proposed Future Site", "Waterbody": "Upper Harbor", "Acres": 12.0, "sal_score": 0.79, "sal_mean_psu": 24.26, "sal_ci_lower_psu": 23.19, "sal_ci_upper_psu": 25.22, "sal_median_psu": 24.65, "sal_p10_psu": 21.98, "sal_p90_psu": 26.03, "chla_score": 0.37, "chla_mean_ug_L": 20.62, "chla_median_ug_L": 11.63, "chla_p10_ug_L": 3.34, "chla_p90_ug_L": 52.88, "chla_ci_lower_ug_L": 5.43, "chla_ci_upper_ug_L": 17.68, "chla_nearest_station_m": 3029.0, "do_score": 0.5, "do_mean_mg_L": 4.14, "do_median_mg_L": 4.12, "do_p10_mg_L": 2.75, "do_p90_mg_L": 5.49, "do_pct3": 20.39, "do_pct3_low": 7.0, "do_pct3_upper": 39.36, "do_nearest_station_m": 2934.0, "cso_within_50ft": "False", "cso_nearest_ft": 2742.0, "ms4_within_50ft": "False", "ms4_nearest_ft": 1305.0, "park_within_1640ft": "True", "park_nearest_ft": 0.0, "depth_score": "TRUE", "depth_median_ft": 7.31, "depth_0_20ft_pct": 1.0, "depth_20_39ft_pct": 0.0, "depth_39ft_plus_pct": 0.0, "erosion_gt_0_ft_yr": "True", "erosion_gt_1_ft_yr": "False", "wave_sup_3ft": "FALSE" }, "geometry": { "type": "MultiPolygon", "coordinates": [ [ [ [ -73.898868531152374, 40.796023971919716, 0.0 ], [ -73.897623882445743, 40.795455064212959, 0.0 ], [ -73.897177687626396, 40.795419507319423, 0.0 ], [ -73.896825428558486, 40.795206165558234, 0.0 ], [ -73.896872396434205, 40.794903930222979, 0.0 ], [ -73.897318591253566, 40.79461947217996, 0.0 ], [ -73.897694334259327, 40.794441685284148, 0.0 ], [ -73.898117045140836, 40.794317234173811, 0.0 ], [ -73.898469304208732, 40.794317234173811, 0.0 ], [ -73.89910337053098, 40.794637250843351, 0.0 ], [ -73.899455629598876, 40.795152830010814, 0.0 ], [ -73.899408661723157, 40.7954728426526, 0.0 ], [ -73.89931472597172, 40.795792853751827, 0.0 ], [ -73.899150338406699, 40.795935080411908, 0.0 ], [ -73.898985950841677, 40.796023971919716, 0.0 ], [ -73.898868531152374, 40.796023971919716, 0.0 ] ] ] ] } },
{ "type": "Feature", "properties": { "id": "58", "Site": "Yonkers - South", "Status": "Proposed Future Site", "Waterbody": "Hudson River", "Acres": 13.0, "sal_score": 1.0, "sal_mean_psu": 14.25, "sal_ci_lower_psu": 11.63, "sal_ci_upper_psu": 18.89, "sal_median_psu": 14.69, "sal_p10_psu": 10.22, "sal_p90_psu": 18.69, "chla_score": 0.13, "chla_mean_ug_L": 4.62, "chla_median_ug_L": 4.1, "chla_p10_ug_L": 1.8, "chla_p90_ug_L": 8.42, "chla_ci_lower_ug_L": 3.35, "chla_ci_upper_ug_L": 5.8, "chla_nearest_station_m": 1541.0, "do_score": 1.0, "do_mean_mg_L": 6.91, "do_median_mg_L": 6.7, "do_p10_mg_L": 5.71, "do_p90_mg_L": 8.19, "do_pct3": 0.0, "do_pct3_low": 0.0, "do_pct3_upper": 0.0, "do_nearest_station_m": 1541.0, "cso_within_50ft": "False", "cso_nearest_ft": 1061.0, "ms4_within_50ft": "False", "ms4_nearest_ft": 3485.0, "park_within_1640ft": "False", "park_nearest_ft": 13493.0, "depth_score": "TRUE", "depth_median_ft": 15.32, "depth_0_20ft_pct": 0.64, "depth_20_39ft_pct": 0.36, "depth_39ft_plus_pct": 0.0, "erosion_gt_0_ft_yr": "", "erosion_gt_1_ft_yr": "", "wave_sup_3ft": null }, "geometry": { "type": "MultiPolygon", "coordinates": [ [ [ [ -73.901470461090952, 40.948389529948145, 0.0 ], [ -73.901475133712964, 40.948526946836886, 0.0 ], [ -73.901426678091042, 40.94871930403562, 0.0 ], [ -73.901544812477155, 40.949132819669089, 0.0 ], [ -73.901554486813779, 40.949149248991198, 0.0 ], [ -73.901547637367003, 40.949562509139504, 0.0 ], [ -73.901191262923305, 40.949559113119108, 0.0 ], [ -73.901187653143978, 40.949776834414571, 0.0 ], [ -73.90116241619809, 40.949831896062015, 0.0 ], [ -73.901186545317998, 40.949843651679906, 0.0 ], [ -73.901177823136152, 40.950369712285472, 0.0 ], [ -73.900821444396541, 40.950366315067392, 0.0 ], [ -73.900803518018833, 40.951447113643759, 0.0 ], [ -73.90046373876423, 40.951443873566113, 0.0 ], [ -73.900465402179677, 40.951343618113761, 0.0 ], [ -73.900498198146224, 40.951238784219136, 0.0 ], [ -73.900611553934411, 40.950866740705052, 0.0 ], [ -73.899759906224062, 40.950490617221405, 0.0 ], [ -73.900185169306283, 40.948781616125039, 0.0 ], [ -73.900289479118896, 40.948551321815273, 0.0 ], [ -73.90039378893151, 40.9482422413477, 0.0 ], [ -73.901089959710532, 40.948303214040891, 0.0 ], [ -73.901470737666685, 40.94836392808287, 0.0 ], [ -73.901470461090952, 40.948389529948145, 0.0 ] ] ] ] } },
{ "type": "Feature", "properties": { "id": "59", "Site": "Yonkers - North", "Status": "Proposed Future Site", "Waterbody": "Hudson River", "Acres": 80.0, "sal_score": 1.0, "sal_mean_psu": 13.68, "sal_ci_lower_psu": 7.95, "sal_ci_upper_psu": 18.82, "sal_median_psu": 14.08, "sal_p10_psu": 9.92, "sal_p90_psu": 17.72, "chla_score": 0.13, "chla_mean_ug_L": 4.62, "chla_median_ug_L": 4.1, "chla_p10_ug_L": 1.8, "chla_p90_ug_L": 8.42, "chla_ci_lower_ug_L": 3.69, "chla_ci_upper_ug_L": 5.8, "chla_nearest_station_m": 3459.0, "do_score": 1.0, "do_mean_mg_L": 6.91, "do_median_mg_L": 6.7, "do_p10_mg_L": 5.71, "do_p90_mg_L": 8.19, "do_pct3": 0.0, "do_pct3_low": 0.0, "do_pct3_upper": 0.0, "do_nearest_station_m": 3459.0, "cso_within_50ft": "False", "cso_nearest_ft": 189.0, "ms4_within_50ft": "False", "ms4_nearest_ft": 1842.0, "park_within_1640ft": "False", "park_nearest_ft": 17044.0, "depth_score": "FALSE", "depth_median_ft": 20.93, "depth_0_20ft_pct": 0.46, "depth_20_39ft_pct": 0.54, "depth_39ft_plus_pct": 0.0, "erosion_gt_0_ft_yr": "", "erosion_gt_1_ft_yr": "", "wave_sup_3ft": null }, "geometry": { "type": "MultiPolygon", "coordinates": [ [ [ [ -73.897122752995514, 40.958438256863126, 0.0 ], [ -73.897118867208633, 40.958671687141617, 0.0 ], [ -73.89711886720572, 40.958671687316425, 0.0 ], [ -73.897113757216175, 40.958978654746637, 0.0 ], [ -73.896757332664663, 40.958975244381982, 0.0 ], [ -73.896743834178451, 40.959785841012064, 0.0 ], [ -73.896387405329307, 40.959782429448929, 0.0 ], [ -73.896373901933813, 40.960593025864178, 0.0 ], [ -73.896036570448814, 40.960589796024301, 0.0 ], [ -73.896017468786823, 40.960589613102535, 0.0 ], [ -73.896017016205619, 40.960616771791898, 0.0 ], [ -73.896003960481721, 40.961400209302859, 0.0 ], [ -73.895647523036772, 40.961396795342644, 0.0 ], [ -73.895638514287896, 40.961937192679336, 0.0 ], [ -73.89528207399799, 40.961933777552794, 0.0 ], [ -73.895268556056138, 40.962744373362526, 0.0 ], [ -73.89455566694113, 40.962737539610288, 0.0 ], [ -73.894537630535709, 40.96381833358101, 0.0 ], [ -73.894181180257263, 40.963814914922857, 0.0 ], [ -73.894163137058243, 40.964895708554351, 0.0 ], [ -73.893806681027939, 40.964892288664977, 0.0 ], [ -73.893793143624947, 40.965702883653776, 0.0 ], [ -73.89343668329586, 40.96569946256546, 0.0 ], [ -73.893423140980744, 40.966510057339107, 0.0 ], [ -73.89306667635276, 40.966506635051779, 0.0 ], [ -73.893048613259836, 40.967587427770155, 0.0 ], [ -73.892737756566888, 40.96758444238381, 0.0 ], [ -73.892747223821729, 40.967504474692923, 0.0 ], [ -73.89279630386801, 40.967373068234522, 0.0 ], [ -73.892822025417502, 40.967231348394023, 0.0 ], [ -73.892801710602853, 40.967046082871406, 0.0 ], [ -73.892814292850218, 40.966894057729043, 0.0 ], [ -73.892837255421412, 40.966721864159794, 0.0 ], [ -73.892770846180142, 40.966493007338798, 0.0 ], [ -73.892790930431715, 40.966290383944802, 0.0 ], [ -73.892793218905879, 40.966153483526433, 0.0 ], [ -73.892681457241721, 40.96603575487029, 0.0 ], [ -73.892472843346539, 40.966109824744976, 0.0 ], [ -73.892362055060104, 40.96633188976962, 0.0 ], [ -73.892351798719304, 40.966547308867142, 0.0 ], [ -73.89227083167529, 40.966677327786556, 0.0 ], [ -73.892277628816899, 40.966789633422607, 0.0 ], [ -73.892319620212945, 40.96698262994969, 0.0 ], [ -73.892303152771561, 40.967093315786379, 0.0 ], [ -73.892305547179816, 40.967202336209724, 0.0 ], [ -73.892266196201987, 40.967348788412032, 0.0 ], [ -73.892211931266488, 40.967509466020957, 0.0 ], [ -73.89219989809915, 40.96762857193049, 0.0 ], [ -73.892344246025601, 40.96772724592968, 0.0 ], [ -73.892392186219411, 40.967852377965016, 0.0 ], [ -73.892639576462074, 40.9678761487678, 0.0 ], [ -73.892688315832913, 40.967812911657767, 0.0 ], [ -73.892674072990175, 40.968664796630279, 0.0 ], [ -73.892317596856728, 40.968661371879932, 0.0 ], [ -73.892304039434421, 40.969471965929181, 0.0 ], [ -73.891947559001494, 40.969468539979601, 0.0 ], [ -73.891929475763817, 40.970549331731945, 0.0 ], [ -73.891572989577526, 40.97054590455064, 0.0 ], [ -73.891554899541717, 40.971626695963401, 0.0 ], [ -73.891198407601777, 40.971623267550306, 0.0 ], [ -73.891183670827004, 40.972503391374495, 0.0 ], [ -73.890695809193474, 40.972399614168282, 0.0 ], [ -73.890075141314057, 40.972279532792747, 0.0 ], [ -73.890701000189765, 40.970304527156813, 0.0 ], [ -73.891005905795836, 40.969050428473011, 0.0 ], [ -73.891182430094133, 40.968202232276134, 0.0 ], [ -73.891326859065444, 40.967341907852834, 0.0 ], [ -73.891519431027206, 40.966469454729207, 0.0 ], [ -73.891639788503326, 40.965548519473558, 0.0 ], [ -73.891880503455525, 40.964942634006832, 0.0 ], [ -73.892121218407723, 40.964179210398513, 0.0 ], [ -73.893838318400057, 40.96207066122038, 0.0 ], [ -73.893966699707903, 40.961585927748082, 0.0 ], [ -73.894030890361805, 40.961246612199218, 0.0 ], [ -73.894255557650538, 40.960980005901334, 0.0 ], [ -73.894448129612286, 40.960713398526522, 0.0 ], [ -73.894961654843641, 40.960349841279879, 0.0 ], [ -73.895025845497557, 40.960131705970667, 0.0 ], [ -73.895708699930466, 40.959885385741664, 0.0 ], [ -73.896062566419616, 40.959450313692081, 0.0 ], [ -73.896071086420875, 40.959430985602282, 0.0 ], [ -73.896076984996199, 40.95942407074476, 0.0 ], [ -73.8960828859164, 40.959417157710995, 0.0 ], [ -73.896088785647294, 40.959410244665506, 0.0 ], [ -73.89609467712036, 40.959403327937444, 0.0 ], [ -73.896100571028356, 40.959396407629121, 0.0 ], [ -73.89610646015278, 40.959389489076308, 0.0 ], [ -73.896112344583628, 40.959382566875, 0.0 ], [ -73.89611822662205, 40.959375645551312, 0.0 ], [ -73.896124105154996, 40.959368720590483, 0.0 ], [ -73.896129983686691, 40.959361795629356, 0.0 ], [ -73.896135855118629, 40.959354868798314, 0.0 ], [ -73.896141726579359, 40.959347940165621, 0.0 ], [ -73.896147592128429, 40.959341009674397, 0.0 ], [ -73.896153456473144, 40.959334080072125, 0.0 ], [ -73.896159316124312, 40.959327146821408, 0.0 ], [ -73.89616517344308, 40.959320210845604, 0.0 ], [ -73.896171030760641, 40.959313274869487, 0.0 ], [ -73.896176879805353, 40.959306336111432, 0.0 ], [ -73.896182728848828, 40.959299397353043, 0.0 ], [ -73.896188574371806, 40.959292455858225, 0.0 ], [ -73.896194417517393, 40.959285514340358, 0.0 ], [ -73.896200254766327, 40.959278570063276, 0.0 ], [ -73.896206090825956, 40.959271625774512, 0.0 ], [ -73.896211920973911, 40.959264679627211, 0.0 ], [ -73.896217753511806, 40.959257732601692, 0.0 ], [ -73.89622357663383, 40.959250780080886, 0.0 ], [ -73.896229400897681, 40.959243830273117, 0.0 ], [ -73.896235221641049, 40.959236877728898, 0.0 ], [ -73.896241038818957, 40.959229925150268, 0.0 ], [ -73.896246851288268, 40.959222969823813, 0.0 ], [ -73.896252664974469, 40.959216012707103, 0.0 ], [ -73.896258471560927, 40.959209053720485, 0.0 ], [ -73.896264276988092, 40.959202092920854, 0.0 ], [ -73.896270080037809, 40.959195132098159, 0.0 ], [ -73.896275878379029, 40.95918816852766, 0.0 ], [ -73.896281674342831, 40.959181204934097, 0.0 ], [ -73.896287465598064, 40.95917423859273, 0.0 ], [ -73.896293253332828, 40.95916726951495, 0.0 ], [ -73.896299038690202, 40.959160300414077, 0.0 ], [ -73.896304821670185, 40.959153331290167, 0.0 ], [ -73.896310603505853, 40.959146359452575, 0.0 ], [ -73.896316380632996, 40.959139384867171, 0.0 ], [ -73.896322154209628, 40.95913240934668, 0.0 ], [ -73.8963279241908, 40.959125435593094, 0.0 ], [ -73.896333690726507, 40.959118454599746, 0.0 ], [ -73.89633945720098, 40.959111477208729, 0.0 ], [ -73.896345216635765, 40.959104494345205, 0.0 ], [ -73.896350971271971, 40.959097514137845, 0.0 ], [ -73.896356723590799, 40.959090530304785, 0.0 ], [ -73.896362478314572, 40.959083544692831, 0.0 ], [ -73.896368228329806, 40.959076556333081, 0.0 ], [ -73.896373972403381, 40.95906956791616, 0.0 ], [ -73.896379716490756, 40.959062578598278, 0.0 ], [ -73.896385454696514, 40.959055585620533, 0.0 ], [ -73.896391192841023, 40.959048596245147, 0.0 ], [ -73.896396922742738, 40.959041602286504, 0.0 ], [ -73.896402652703259, 40.959034604724927, 0.0 ], [ -73.896408379083312, 40.959027608029572, 0.0 ], [ -73.896414103130979, 40.95902060860918, 0.0 ], [ -73.896419826004347, 40.959013608276464, 0.0 ], [ -73.896425541733024, 40.95900660877583, 0.0 ], [ -73.896431253986222, 40.958999603836808, 0.0 ], [ -73.896436962643975, 40.958992600664672, 0.0 ], [ -73.896442674939749, 40.958985593023051, 0.0 ], [ -73.896448381248888, 40.958978588026234, 0.0 ], [ -73.896454078142185, 40.95897157753415, 0.0 ], [ -73.896459779801575, 40.958964566186609, 0.0 ], [ -73.896465474316273, 40.958957555671176, 0.0 ], [ -73.89647116768667, 40.958950542442061, 0.0 ], [ -73.896476855130445, 40.958943528255141, 0.0 ], [ -73.896482541459946, 40.958936509553219, 0.0 ], [ -73.896488225382072, 40.958929492629572, 0.0 ], [ -73.896493905768722, 40.958922473870174, 0.0 ], [ -73.896499582604932, 40.958915454175695, 0.0 ], [ -73.89650525471761, 40.958908432634118, 0.0 ], [ -73.896510919700589, 40.958901411023973, 0.0 ], [ -73.896516593103925, 40.9588943831885, 0.0 ], [ -73.896522254520249, 40.958887361543667, 0.0 ], [ -73.896527916130353, 40.958880328189885, 0.0 ], [ -73.896533574070048, 40.958873301106344, 0.0 ], [ -73.89653922967733, 40.958866271297758, 0.0 ], [ -73.896544880591094, 40.958859237840727, 0.0 ], [ -73.896550527924418, 40.958852205249954, 0.0 ], [ -73.896556175316533, 40.958845169056239, 0.0 ], [ -73.896561815578963, 40.958838132793979, 0.0 ], [ -73.896567455870183, 40.958831094730087, 0.0 ], [ -73.896573087903647, 40.958824052983644, 0.0 ], [ -73.896578721063975, 40.958817014850929, 0.0 ], [ -73.89658435076386, 40.958809970379164, 0.0 ], [ -73.896589976898312, 40.958802925872988, 0.0 ], [ -73.896595601843472, 40.958795881355123, 0.0 ], [ -73.896601220877031, 40.958788834978783, 0.0 ], [ -73.896606835157073, 40.958781788556692, 0.0 ], [ -73.896612449495905, 40.958774738531631, 0.0 ], [ -73.896618061502394, 40.958767685781545, 0.0 ], [ -73.896623668800345, 40.958760630283685, 0.0 ], [ -73.89662927363095, 40.958753580166743, 0.0 ], [ -73.896634873768008, 40.958746526401399, 0.0 ], [ -73.896640471602737, 40.958739468109684, 0.0 ], [ -73.896646064683949, 40.95873240977221, 0.0 ], [ -73.896651656620875, 40.958725348721082, 0.0 ], [ -73.896657246165447, 40.958718288547566, 0.0 ], [ -73.896662829783438, 40.958711227416231, 0.0 ], [ -73.896668412302134, 40.958704160869274, 0.0 ], [ -73.896673991195428, 40.958697097890543, 0.0 ], [ -73.896679566598252, 40.958690030374107, 0.0 ], [ -73.896685137262565, 40.958682961911229, 0.0 ], [ -73.896690709173768, 40.958675889856771, 0.0 ], [ -73.896696273910337, 40.958668820435804, 0.0 ], [ -73.896701838675668, 40.958661749213192, 0.0 ], [ -73.896707396371369, 40.958654674319448, 0.0 ], [ -73.896712955253918, 40.958647599436759, 0.0 ], [ -73.896718509427984, 40.958640521806302, 0.0 ], [ -73.896724060021626, 40.958633445042132, 0.0 ], [ -73.896729605936756, 40.958626363728868, 0.0 ], [ -73.89673514830146, 40.95861928148053, 0.0 ], [ -73.896740691823041, 40.958612201044595, 0.0 ], [ -73.896746227116893, 40.958605115124833, 0.0 ], [ -73.896751762409536, 40.958598029204751, 0.0 ], [ -73.896757294136776, 40.958590943250272, 0.0 ], [ -73.896762823516681, 40.958583855471453, 0.0 ], [ -73.896768346985013, 40.958576765834145, 0.0 ], [ -73.896773869279045, 40.958569675284558, 0.0 ], [ -73.896779386894593, 40.958562580185863, 0.0 ], [ -73.896784903290879, 40.958555486876854, 0.0 ], [ -73.896790413760598, 40.95854839261002, 0.0 ], [ -73.896795925447179, 40.958541296552951, 0.0 ], [ -73.896801431222215, 40.958534198637444, 0.0 ], [ -73.896806934604911, 40.958527101599564, 0.0 ], [ -73.896812436918324, 40.958519997344723, 0.0 ], [ -73.896817926131732, 40.958512894765875, 0.0 ], [ -73.896823422487401, 40.958505791354263, 0.0 ], [ -73.896828914119538, 40.958498686095581, 0.0 ], [ -73.896834399855152, 40.958491578077783, 0.0 ], [ -73.896839884386509, 40.958484470949003, 0.0 ], [ -73.896845365367454, 40.958477362885162, 0.0 ], [ -73.896850840466826, 40.958470251161501, 0.0 ], [ -73.896856314406932, 40.958463137624918, 0.0 ], [ -73.896861782405495, 40.958456024031179, 0.0 ], [ -73.896867255200164, 40.958448907780657, 0.0 ], [ -73.896872719632128, 40.958441794152257, 0.0 ], [ -73.896878181776742, 40.958434675096861, 0.0 ], [ -73.896883639167896, 40.958427555995698, 0.0 ], [ -73.89688909422668, 40.958420434169533, 0.0 ], [ -73.896894548096242, 40.958413312331707, 0.0 ], [ -73.896899996024246, 40.95840619043679, 0.0 ], [ -73.896905442807977, 40.95839906582821, 0.0 ], [ -73.89691088369517, 40.958391938460544, 0.0 ], [ -73.896916321016974, 40.958384811058465, 0.0 ], [ -73.896921759570645, 40.958377680965505, 0.0 ], [ -73.896927189821625, 40.958370549892003, 0.0 ], [ -73.896932622432587, 40.95836341974163, 0.0 ], [ -73.896938045672741, 40.958356281394074, 0.0 ], [ -73.896943469964839, 40.958349151163567, 0.0 ], [ -73.896948889593432, 40.958342015483339, 0.0 ], [ -73.896954309265851, 40.958334877100846, 0.0 ], [ -73.896959719432516, 40.95832773862714, 0.0 ], [ -73.896965130846056, 40.958320596561855, 0.0 ], [ -73.896970537491143, 40.958313455351487, 0.0 ], [ -73.896975942961987, 40.958306313228832, 0.0 ], [ -73.896981341318224, 40.95829917013701, 0.0 ], [ -73.896986739748272, 40.958292022541599, 0.0 ], [ -73.896992134597909, 40.958284875812495, 0.0 ], [ -73.896997525927162, 40.958277726346978, 0.0 ], [ -73.897002913691054, 40.958270576847134, 0.0 ], [ -73.897008297904534, 40.958263426412216, 0.0 ], [ -73.897013681003742, 40.958256271462368, 0.0 ], [ -73.897019059304526, 40.958249119168755, 0.0 ], [ -73.897024435272982, 40.958241964150155, 0.0 ], [ -73.897029805344886, 40.958234806372445, 0.0 ], [ -73.897035174242575, 40.958227647682435, 0.0 ], [ -73.897040540807907, 40.958220486267429, 0.0 ], [ -73.897045902589809, 40.958213326608004, 0.0 ], [ -73.897051262024434, 40.958206165124238, 0.0 ], [ -73.897056620299765, 40.958199001827523, 0.0 ], [ -73.897061972693564, 40.958191834871037, 0.0 ], [ -73.897067320303933, 40.95818466967016, 0.0 ], [ -73.897072667943149, 40.958177502667667, 0.0 ], [ -73.897078015611157, 40.958170333863585, 0.0 ], [ -73.897083353833438, 40.95816316136564, 0.0 ], [ -73.897088690851476, 40.958155989756719, 0.0 ], [ -73.89709402079994, 40.958148814476701, 0.0 ], [ -73.897099353108374, 40.958141640119798, 0.0 ], [ -73.897104679490269, 40.958134464805127, 0.0 ], [ -73.897110002381794, 40.958127284952759, 0.0 ], [ -73.897115326415232, 40.958120107813507, 0.0 ], [ -73.897120641002971, 40.958112926980405, 0.0 ], [ -73.897125956717602, 40.958105749761025, 0.0 ], [ -73.897126341596305, 40.958105229059505, 0.0 ], [ -73.897483663206415, 40.95817193826597, 0.0 ], [ -73.897481305265472, 40.958313634533006, 0.0 ], [ -73.897481305250494, 40.958313635433662, 0.0 ], [ -73.897479174702369, 40.958441666061681, 0.0 ], [ -73.897275749383638, 40.958439720419292, 0.0 ], [ -73.897275748401952, 40.958439720409906, 0.0 ], [ -73.897122752995514, 40.958438256863126, 0.0 ] ] ] ] } },
{ "type": "Feature", "properties": { "id": "60", "Site": "Hastings-on-Hudson", "Status": "Proposed Future Site", "Waterbody": "Hudson River", "Acres": 15.0, "sal_score": 1.0, "sal_mean_psu": 12.46, "sal_ci_lower_psu": 5.26, "sal_ci_upper_psu": 17.84, "sal_median_psu": 12.78, "sal_p10_psu": 9.41, "sal_p90_psu": 15.67, "chla_score": 0.13, "chla_mean_ug_L": 5.06, "chla_median_ug_L": 3.97, "chla_p10_ug_L": 1.95, "chla_p90_ug_L": 9.93, "chla_ci_lower_ug_L": 3.7, "chla_ci_upper_ug_L": 5.67, "chla_nearest_station_m": 5201.0, "do_score": 1.0, "do_mean_mg_L": 6.71, "do_median_mg_L": 6.54, "do_p10_mg_L": 5.66, "do_p90_mg_L": 7.85, "do_pct3": 0.0, "do_pct3_low": 0.0, "do_pct3_upper": 0.0, "do_nearest_station_m": 5201.0, "cso_within_50ft": "False", "cso_nearest_ft": 2127.0, "ms4_within_50ft": "False", "ms4_nearest_ft": 144.0, "park_within_1640ft": "False", "park_nearest_ft": 24543.0, "depth_score": "TRUE", "depth_median_ft": 19.6, "depth_0_20ft_pct": 0.5, "depth_20_39ft_pct": 0.5, "depth_39ft_plus_pct": 0.0, "erosion_gt_0_ft_yr": "", "erosion_gt_1_ft_yr": "", "wave_sup_3ft": null }, "geometry": { "type": "MultiPolygon", "coordinates": [ [ [ [ -73.888932448042311, 40.97970868278847, 0.0 ], [ -73.888923445272752, 40.979708596013396, 0.0 ], [ -73.888922757814328, 40.979749558130948, 0.0 ], [ -73.888882691910567, 40.979918563647054, 0.0 ], [ -73.888769156315718, 40.980188700989217, 0.0 ], [ -73.888766385938055, 40.980353747325033, 0.0 ], [ -73.888653169565046, 40.980612087088716, 0.0 ], [ -73.888617538915781, 40.98088301944933, 0.0 ], [ -73.888583826971598, 40.981035966016222, 0.0 ], [ -73.888456957351124, 40.98117625882319, 0.0 ], [ -73.888437489730279, 40.981411901267819, 0.0 ], [ -73.888402588343993, 40.981635640292311, 0.0 ], [ -73.888383654566312, 40.981835930449904, 0.0 ], [ -73.888373272249495, 40.981950997480993, 0.0 ], [ -73.887198499843066, 40.981751535671329, 0.0 ], [ -73.888122564425586, 40.978789914529472, 0.0 ], [ -73.888143273092354, 40.978728950642612, 0.0 ], [ -73.888161669071977, 40.978673978206736, 0.0 ], [ -73.888186803631086, 40.978599310743093, 0.0 ], [ -73.888211708311644, 40.978525163521546, 0.0 ], [ -73.888234515842086, 40.978457691737489, 0.0 ], [ -73.888253543126709, 40.97840111163309, 0.0 ], [ -73.888804235726909, 40.978502320784408, 0.0 ], [ -73.888804235726909, 40.978502320784401, 0.0 ], [ -73.888972799694201, 40.978533299761501, 0.0 ], [ -73.889299139171328, 40.978570062691659, 0.0 ], [ -73.889183066731306, 40.978706860716066, 0.0 ], [ -73.889023939368073, 40.978917601455016, 0.0 ], [ -73.88900144633979, 40.979330086726371, 0.0 ], [ -73.888932900703765, 40.979706773369486, 0.0 ], [ -73.888932448042311, 40.97970868278847, 0.0 ] ] ] ] } },
{ "type": "Feature", "properties": { "id": "61", "Site": "Dobbs Ferry", "Status": "Proposed Future Site", "Waterbody": "Hudson River", "Acres": 53.0, "sal_score": 0.53, "sal_mean_psu": 8.72, "sal_ci_lower_psu": 2.48, "sal_ci_upper_psu": 17.84, "sal_median_psu": 8.78, "sal_p10_psu": 8.07, "sal_p90_psu": 9.41, "chla_score": 0.12, "chla_mean_ug_L": 5.66, "chla_median_ug_L": 3.8, "chla_p10_ug_L": 2.16, "chla_p90_ug_L": 12.0, "chla_ci_lower_ug_L": 3.8, "chla_ci_upper_ug_L": 8.1, "chla_nearest_station_m": 3627.0, "do_score": 1.0, "do_mean_mg_L": 6.44, "do_median_mg_L": 6.3, "do_p10_mg_L": 5.59, "do_p90_mg_L": 7.4, "do_pct3": 0.0, "do_pct3_low": 0.0, "do_pct3_upper": 0.0, "do_nearest_station_m": 3627.0, "cso_within_50ft": "False", "cso_nearest_ft": 6715.0, "ms4_within_50ft": "False", "ms4_nearest_ft": 3890.0, "park_within_1640ft": "False", "park_nearest_ft": 34613.0, "depth_score": "TRUE", "depth_median_ft": 15.9, "depth_0_20ft_pct": 0.66, "depth_20_39ft_pct": 0.34, "depth_39ft_plus_pct": 0.0, "erosion_gt_0_ft_yr": "", "erosion_gt_1_ft_yr": "", "wave_sup_3ft": null }, "geometry": { "type": "MultiPolygon", "coordinates": [ [ [ [ -73.884228691561674, 41.005930895411637, 0.0 ], [ -73.884202589872515, 41.00619173837714, 0.0 ], [ -73.88415042400699, 41.006478634116419, 0.0 ], [ -73.884020023504419, 41.006817692457467, 0.0 ], [ -73.883863521047104, 41.007026334250661, 0.0 ], [ -73.88381705656721, 41.007179605580092, 0.0 ], [ -73.883787778980093, 41.007392315886918, 0.0 ], [ -73.883817124879826, 41.007612349012355, 0.0 ], [ -73.883758411449179, 41.007744423891253, 0.0 ], [ -73.883611602738853, 41.0079351423107, 0.0 ], [ -73.883523657705339, 41.008125845238204, 0.0 ], [ -73.883362288509616, 41.0083019194199, 0.0 ], [ -73.883230252394213, 41.008448641324392, 0.0 ], [ -73.883195860775871, 41.008568947090914, 0.0 ], [ -73.883087527484122, 41.008567897313355, 0.0 ], [ -73.883082964348787, 41.008838092619527, 0.0 ], [ -73.883143150452312, 41.008838675854108, 0.0 ], [ -73.883142227049774, 41.008844681060708, 0.0 ], [ -73.883068872526678, 41.009079483048566, 0.0 ], [ -73.883010177792229, 41.00927019875698, 0.0 ], [ -73.882922136476651, 41.009416896241362, 0.0 ], [ -73.882848783381604, 41.009563600905494, 0.0 ], [ -73.882804753426583, 41.009783689536221, 0.0 ], [ -73.882787085174115, 41.009916182907958, 0.0 ], [ -73.882708013966038, 41.009915416412134, 0.0 ], [ -73.882703573602157, 41.010178240287523, 0.0 ], [ -73.88267272907008, 41.010253165958218, 0.0 ], [ -73.882584699477377, 41.010385180257984, 0.0 ], [ -73.882526030954168, 41.010531892836838, 0.0 ], [ -73.88247467412738, 41.010678630336166, 0.0 ], [ -73.882349983035354, 41.010942707178764, 0.0 ], [ -73.88223258844927, 41.011148074862653, 0.0 ], [ -73.882217926173098, 41.011368177773662, 0.0 ], [ -73.88225463873431, 41.011676247305104, 0.0 ], [ -73.882276665273793, 41.011984353645829, 0.0 ], [ -73.882314378688108, 41.012097510993492, 0.0 ], [ -73.882305650426474, 41.012613909168216, 0.0 ], [ -73.881948938762463, 41.012610449332939, 0.0 ], [ -73.881932045504954, 41.013609563607204, 0.0 ], [ -73.88192452108882, 41.013627505351423, 0.0 ], [ -73.881908358942212, 41.013691012908744, 0.0 ], [ -73.881573947215443, 41.013687768228735, 0.0 ], [ -73.88155932384187, 41.014552315196696, 0.0 ], [ -73.881557749690543, 41.014566497106713, 0.0 ], [ -73.881558642900558, 41.014592572138746, 0.0 ], [ -73.881551095886238, 41.015038742726787, 0.0 ], [ -73.881194371234471, 41.015035280389412, 0.0 ], [ -73.881176083224716, 41.016116059620508, 0.0 ], [ -73.880819352807038, 41.016112596048323, 0.0 ], [ -73.88081477919215, 41.016382790790502, 0.0 ], [ -73.88117151106691, 41.016386254395464, 0.0 ], [ -73.881157794220528, 41.017196838641567, 0.0 ], [ -73.88080105797448, 41.017193374938309, 0.0 ], [ -73.880791910185138, 41.017733764304531, 0.0 ], [ -73.881029587414574, 41.017736072160993, 0.0 ], [ -73.881029590056272, 41.017838109486185, 0.0 ], [ -73.88102966312016, 41.017984804977822, 0.0 ], [ -73.881031803242593, 41.018006332759384, 0.0 ], [ -73.880787336197201, 41.018003958967938, 0.0 ], [ -73.88078101188465, 41.018377542754358, 0.0 ], [ -73.880703447546125, 41.018398301782327, 0.0 ], [ -73.88049823463362, 41.018404822028558, 0.0 ], [ -73.8803549268832, 41.018456981368423, 0.0 ], [ -73.880143225053246, 41.018456952205099, 0.0 ], [ -73.879951017697479, 41.018583988438856, 0.0 ], [ -73.879937825572696, 41.018585913191373, 0.0 ], [ -73.879945072340362, 41.018547895184142, 0.0 ], [ -73.879290961512211, 41.018492030386255, 0.0 ], [ -73.879291030078875, 41.018491704063763, 0.0 ], [ -73.879371376038648, 41.018115253244851, 0.0 ], [ -73.879476978277367, 41.017620166128296, 0.0 ], [ -73.879523377092951, 41.01762474378134, 0.0 ], [ -73.87983204144372, 41.017655190609283, 0.0 ], [ -73.879832135161578, 41.017654853721304, 0.0 ], [ -73.879931801165213, 41.017184930331524, 0.0 ], [ -73.880087585668917, 41.0171864442203, 0.0 ], [ -73.880133350025801, 41.014484497257165, 0.0 ], [ -73.880490071577171, 41.014487962840192, 0.0 ], [ -73.880500951949628, 41.013845322132134, 0.0 ], [ -73.88065719583085, 41.013820631773385, 0.0 ], [ -73.880662184143148, 41.013804002107669, 0.0 ], [ -73.880897150800706, 41.013818448985759, 0.0 ], [ -73.880897187356084, 41.013818045783417, 0.0 ], [ -73.880909786492694, 41.013682626911944, 0.0 ], [ -73.88090976626323, 41.013682487091884, 0.0 ], [ -73.880826497606535, 41.01311204443455, 0.0 ], [ -73.880828872036517, 41.013103507526147, 0.0 ], [ -73.880824768673619, 41.013100200059476, 0.0 ], [ -73.880812099338343, 41.013013406311593, 0.0 ], [ -73.880776338763013, 41.013010812457075, 0.0 ], [ -73.880700490837327, 41.013000027169618, 0.0 ], [ -73.88069160235915, 41.012992862685273, 0.0 ], [ -73.880516203292274, 41.012944478378564, 0.0 ], [ -73.880526666928944, 41.012326404062122, 0.0 ], [ -73.880883376887638, 41.012329868279231, 0.0 ], [ -73.880889180924513, 41.011986913284908, 0.0 ], [ -73.881042492520422, 41.011875137896581, 0.0 ], [ -73.881042505095238, 41.011688221560114, 0.0 ], [ -73.881112790149629, 41.011492119154106, 0.0 ], [ -73.881189715133715, 41.011509871228739, 0.0 ], [ -73.881191084549911, 41.01151018538863, 0.0 ], [ -73.881191273375322, 41.011510200733582, 0.0 ], [ -73.881231842605885, 41.011405863274177, 0.0 ], [ -73.881239348310103, 41.011386559744906, 0.0 ], [ -73.881286626783108, 41.011348738576253, 0.0 ], [ -73.881324740415351, 41.011215204903209, 0.0 ], [ -73.881325093186319, 41.01121344183808, 0.0 ], [ -73.881519166874128, 41.011241058502321, 0.0 ], [ -73.881545973662369, 41.011142430844103, 0.0 ], [ -73.881633422563425, 41.010824839229507, 0.0 ], [ -73.881633508944844, 41.010824513078028, 0.0 ], [ -73.881750164547114, 41.010401235769287, 0.0 ], [ -73.881858010670399, 41.010009445819207, 0.0 ], [ -73.881857905063299, 41.010009432183487, 0.0 ], [ -73.881685387334116, 41.009990163088808, 0.0 ], [ -73.881685560617086, 41.009989831474876, 0.0 ], [ -73.88218164258025, 41.009039841855142, 0.0 ], [ -73.882946488350726, 41.00757482288234, 0.0 ], [ -73.882946525266561, 41.007574749374619, 0.0 ], [ -73.88361282115477, 41.005826407731966, 0.0 ], [ -73.883934296562217, 41.005872695497956, 0.0 ], [ -73.884231764793256, 41.005915523510502, 0.0 ], [ -73.884228691561674, 41.005930895411637, 0.0 ] ] ] ] } },
{ "type": "Feature", "properties": { "id": "62", "Site": "Ivington - South", "Status": "Proposed Future Site", "Waterbody": "Hudson River", "Acres": 106.0, "sal_score": 0.43, "sal_mean_psu": 8.03, "sal_ci_lower_psu": 1.67, "sal_ci_upper_psu": 17.89, "sal_median_psu": 8.06, "sal_p10_psu": 7.8, "sal_p90_psu": 8.28, "chla_score": 0.12, "chla_mean_ug_L": 5.66, "chla_median_ug_L": 3.8, "chla_p10_ug_L": 2.16, "chla_p90_ug_L": 12.0, "chla_ci_lower_ug_L": 3.8, "chla_ci_upper_ug_L": 8.1, "chla_nearest_station_m": 2312.0, "do_score": 1.0, "do_mean_mg_L": 6.44, "do_median_mg_L": 6.3, "do_p10_mg_L": 5.59, "do_p90_mg_L": 7.4, "do_pct3": 0.0, "do_pct3_low": 0.0, "do_pct3_upper": 0.0, "do_nearest_station_m": 2312.0, "cso_within_50ft": "False", "cso_nearest_ft": 11500.0, "ms4_within_50ft": "False", "ms4_nearest_ft": 983.0, "park_within_1640ft": "False", "park_nearest_ft": 39383.0, "depth_score": "TRUE", "depth_median_ft": 13.56, "depth_0_20ft_pct": 0.71, "depth_20_39ft_pct": 0.26, "depth_39ft_plus_pct": 0.03, "erosion_gt_0_ft_yr": "", "erosion_gt_1_ft_yr": "", "wave_sup_3ft": null }, "geometry": { "type": "MultiPolygon", "coordinates": [ [ [ [ -73.87961637506109, 41.023937838049306, 0.0 ], [ -73.879259602629432, 41.023934369110385, 0.0 ], [ -73.879236695762373, 41.025285340130331, 0.0 ], [ -73.879593475482395, 41.025288809233331, 0.0 ], [ -73.87958431521507, 41.025829197615046, 0.0 ], [ -73.879227532579577, 41.025825728446385, 0.0 ], [ -73.879172548250367, 41.029068057239826, 0.0 ], [ -73.878815748182575, 41.029064586573035, 0.0 ], [ -73.878792828107578, 41.030415556181424, 0.0 ], [ -73.878436020811861, 41.030412084246116, 0.0 ], [ -73.878422263644623, 41.031222665755031, 0.0 ], [ -73.878065452036864, 41.031219192616838, 0.0 ], [ -73.878042514886829, 41.032570161371488, 0.0 ], [ -73.87768569605042, 41.032566686964579, 0.0 ], [ -73.877662750049609, 41.033917655226574, 0.0 ], [ -73.877305923984068, 41.033914179550862, 0.0 ], [ -73.877287560226748, 41.034994953792577, 0.0 ], [ -73.876953051645941, 41.034991694427418, 0.0 ], [ -73.876930728390036, 41.034991476880819, 0.0 ], [ -73.876926135836243, 41.035261670375526, 0.0 ], [ -73.876569302603528, 41.035258192326353, 0.0 ], [ -73.876560114391651, 41.035798579210564, 0.0 ], [ -73.876203278304473, 41.035795099991063, 0.0 ], [ -73.876194086925722, 41.036335486756904, 0.0 ], [ -73.875850907009479, 41.036360377257431, 0.0 ], [ -73.875829176885333, 41.036902447431714, 0.0 ], [ -73.875819863860926, 41.037685688708791, 0.0 ], [ -73.875453554707818, 41.037690371740823, 0.0 ], [ -73.875461886846068, 41.036734038675469, 0.0 ], [ -73.875593510698735, 41.03632892276427, 0.0 ], [ -73.875835385435209, 41.036331107710467, 0.0 ], [ -73.875839051024101, 41.035880256596627, 0.0 ], [ -73.875850907009479, 41.035498676345689, 0.0 ], [ -73.875930783960499, 41.035255410996015, 0.0 ], [ -73.875900956584161, 41.035245744679699, 0.0 ], [ -73.875912312657618, 41.035204209845567, 0.0 ], [ -73.876068610874128, 41.034712833734154, 0.0 ], [ -73.876221660312183, 41.034714326301774, 0.0 ], [ -73.876226255657926, 41.034444132846609, 0.0 ], [ -73.875900702335215, 41.034395570798303, 0.0 ], [ -73.876147707971498, 41.033314904738859, 0.0 ], [ -73.876444114735051, 41.032532342380442, 0.0 ], [ -73.8766448680244, 41.031713458448387, 0.0 ], [ -73.876803656935522, 41.031234851957883, 0.0 ], [ -73.876637929935669, 41.0312215422558, 0.0 ], [ -73.876647392318176, 41.030664901689669, 0.0 ], [ -73.877004200760098, 41.030668379179524, 0.0 ], [ -73.877010257691779, 41.030311948573193, 0.0 ], [ -73.8770369282621, 41.029849200817452, 0.0 ], [ -73.877234532771126, 41.02910386431104, 0.0 ], [ -73.877396776015246, 41.028566337487533, 0.0 ], [ -73.877407760683624, 41.027919646790245, 0.0 ], [ -73.877530939534665, 41.027240486132584, 0.0 ], [ -73.877629741789178, 41.026010627648347, 0.0 ], [ -73.87802495080723, 41.024594398515688, 0.0 ], [ -73.878123753061729, 41.023364490611776, 0.0 ], [ -73.878420159825268, 41.02172457767626, 0.0 ], [ -73.878617764334294, 41.020010079583017, 0.0 ], [ -73.879903382126841, 41.018766609823643, 0.0 ], [ -73.880048772814945, 41.018756584348921, 0.0 ], [ -73.880257212542986, 41.018763114573339, 0.0 ], [ -73.880400425968446, 41.018730544972399, 0.0 ], [ -73.880431744030631, 41.01880960094983, 0.0 ], [ -73.880416868933281, 41.018811077875654, 0.0 ], [ -73.880409473520061, 41.019247774951644, 0.0 ], [ -73.8804094734964, 41.019247776349538, 0.0 ], [ -73.880384837769569, 41.02070243964679, 0.0 ], [ -73.88002808270349, 41.020698973309585, 0.0 ], [ -73.880000616249475, 41.022320139833198, 0.0 ], [ -73.879643852500948, 41.022316672195188, 0.0 ], [ -73.87961637506109, 41.023937838049306, 0.0 ] ] ] ] } },
{ "type": "Feature", "properties": { "id": "63", "Site": "Irvington - North", "Status": "Proposed Future Site", "Waterbody": "Hudson River", "Acres": 470.0, "sal_score": 0.39, "sal_mean_psu": 7.72, "sal_ci_lower_psu": 1.12, "sal_ci_upper_psu": 18.05, "sal_median_psu": 7.72, "sal_p10_psu": 7.69, "sal_p90_psu": 7.74, "chla_score": 0.12, "chla_mean_ug_L": 5.66, "chla_median_ug_L": 3.8, "chla_p10_ug_L": 2.16, "chla_p90_ug_L": 12.0, "chla_ci_lower_ug_L": 3.8, "chla_ci_upper_ug_L": 8.1, "chla_nearest_station_m": 2573.0, "do_score": 1.0, "do_mean_mg_L": 6.44, "do_median_mg_L": 6.3, "do_p10_mg_L": 5.59, "do_p90_mg_L": 7.4, "do_pct3": 0.0, "do_pct3_low": 0.0, "do_pct3_upper": 0.0, "do_nearest_station_m": 2573.0, "cso_within_50ft": "False", "cso_nearest_ft": 18697.0, "ms4_within_50ft": "False", "ms4_nearest_ft": 255.0, "park_within_1640ft": "False", "park_nearest_ft": 46574.0, "depth_score": "TRUE", "depth_median_ft": 11.76, "depth_0_20ft_pct": 0.9, "depth_20_39ft_pct": 0.1, "depth_39ft_plus_pct": 0.0, "erosion_gt_0_ft_yr": "", "erosion_gt_1_ft_yr": "", "wave_sup_3ft": null }, "geometry": { "type": "MultiPolygon", "coordinates": [ [ [ [ -73.868714223050645, 41.068353463127252, 0.0 ], [ -73.869095697055755, 41.064004505492242, 0.0 ], [ -73.869243900437525, 41.062775333902849, 0.0 ], [ -73.869886115091845, 41.059981676668933, 0.0 ], [ -73.871417550036767, 41.05443125891528, 0.0 ], [ -73.87166455567305, 41.05249409012486, 0.0 ], [ -73.871812759054833, 41.051450975610976, 0.0 ], [ -73.871812759054833, 41.050221569415925, 0.0 ], [ -73.871973312718367, 41.048219078326284, 0.0 ], [ -73.872417922863676, 41.047175896034197, 0.0 ], [ -73.872763730754471, 41.045238513614777, 0.0 ], [ -73.873307143154278, 41.044083508495838, 0.0 ], [ -73.874542171335676, 41.043003001484053, 0.0 ], [ -73.874739775844702, 41.041698917671809, 0.0 ], [ -73.875085583735483, 41.040804673837314, 0.0 ], [ -73.875233787117253, 41.039686851958002, 0.0 ], [ -73.875406691062651, 41.038270916990832, 0.0 ], [ -73.875882680337554, 41.038224116529044, 0.0 ], [ -73.875882681512124, 41.038224116540505, 0.0 ], [ -73.876161915131874, 41.038226840023668, 0.0 ], [ -73.876157318911353, 41.038497033294988, 0.0 ], [ -73.876514169584425, 41.038500512843626, 0.0 ], [ -73.876497031202661, 41.039508296652365, 0.0 ], [ -73.876444854175716, 41.039591172296369, 0.0 ], [ -73.876423940463155, 41.039813598592019, 0.0 ], [ -73.876489605532626, 41.039944930472167, 0.0 ], [ -73.876477409240792, 41.040662058804472, 0.0 ], [ -73.876120546897596, 41.040658578992492, 0.0 ], [ -73.876106756361253, 41.041469158412347, 0.0 ], [ -73.87574988970394, 41.041465677396857, 0.0 ], [ -73.87573582347548, 41.042292164858424, 0.0 ], [ -73.875728911339365, 41.042301792889937, 0.0 ], [ -73.875673371100532, 41.042510279136387, 0.0 ], [ -73.875715036739507, 41.042760474639898, 0.0 ], [ -73.875727507994483, 41.042780740214461, 0.0 ], [ -73.875717699385376, 41.043357028686351, 0.0 ], [ -73.875360822577775, 41.043353546335531, 0.0 ], [ -73.875351621863047, 41.043893932234141, 0.0 ], [ -73.875708501588747, 41.043897414650864, 0.0 ], [ -73.875703902596669, 41.044167607613417, 0.0 ], [ -73.875347021411841, 41.044164125163753, 0.0 ], [ -73.875331206010216, 41.045092964563587, 0.0 ], [ -73.875216354305181, 41.045110911117263, 0.0 ], [ -73.875004201600959, 41.045502576580077, 0.0 ], [ -73.875004814543928, 41.045511973802384, 0.0 ], [ -73.874967129799614, 41.045511605895506, 0.0 ], [ -73.874962527513901, 41.04578179871335, 0.0 ], [ -73.875022452358252, 41.045782383742193, 0.0 ], [ -73.87505316751384, 41.04625328141254, 0.0 ], [ -73.875034984888231, 41.046593219268097, 0.0 ], [ -73.874948720281267, 41.046592377088075, 0.0 ], [ -73.874944117745244, 41.046862569853388, 0.0 ], [ -73.875020537771945, 41.046863315930466, 0.0 ], [ -73.875004285824573, 41.047167151672625, 0.0 ], [ -73.87466148928236, 41.047917858604436, 0.0 ], [ -73.874612567463316, 41.048554285888805, 0.0 ], [ -73.874628855911439, 41.048994888118308, 0.0 ], [ -73.87462889081408, 41.049174460436824, 0.0 ], [ -73.874808416916167, 41.049500813926862, 0.0 ], [ -73.874898502287678, 41.049540234760741, 0.0 ], [ -73.874889387575507, 41.050075232464323, 0.0 ], [ -73.874868187084886, 41.050081866916024, 0.0 ], [ -73.874886552273651, 41.050241650568303, 0.0 ], [ -73.874815221325392, 41.054427961949187, 0.0 ], [ -73.87517215790777, 41.054431446756091, 0.0 ], [ -73.875158349045847, 41.055242023968731, 0.0 ], [ -73.874801408083826, 41.05523853906292, 0.0 ], [ -73.874782989551875, 41.056319308364031, 0.0 ], [ -73.875139936353719, 41.056322793401691, 0.0 ], [ -73.875080088187232, 41.059835292607318, 0.0 ], [ -73.875437054033284, 41.05983877696805, 0.0 ], [ -73.875427848604559, 41.060379161330111, 0.0 ], [ -73.875070879837963, 41.060375676903455, 0.0 ], [ -73.875057066844477, 41.061186253249154, 0.0 ], [ -73.875414039992052, 41.061189737774676, 0.0 ], [ -73.875386421076996, 41.062810890309116, 0.0 ], [ -73.875743403049611, 41.062814373926834, 0.0 ], [ -73.875706586008462, 41.064975910167462, 0.0 ], [ -73.876063579728054, 41.064979392943108, 0.0 ], [ -73.876045175548128, 41.066060160879921, 0.0 ], [ -73.876402175172998, 41.066063642681634, 0.0 ], [ -73.876399027889292, 41.06624851672585, 0.0 ], [ -73.876326111718413, 41.066146652256471, 0.0 ], [ -73.87624040876041, 41.066332301954361, 0.0 ], [ -73.876040574346746, 41.066330352831301, 0.0 ], [ -73.876035973082764, 41.066600544769521, 0.0 ], [ -73.876098599461869, 41.066601155648428, 0.0 ], [ -73.875771207165485, 41.066913711388345, 0.0 ], [ -73.875738627553474, 41.067435851292686, 0.0 ], [ -73.875514029424323, 41.06795647766841, 0.0 ], [ -73.87531919768854, 41.068102620796054, 0.0 ], [ -73.874491206890539, 41.067980856299002, 0.0 ], [ -73.874077245785728, 41.068029553149607, 0.0 ], [ -73.873492783044298, 41.068053926838765, 0.0 ], [ -73.873030076630414, 41.067932164448038, 0.0 ], [ -73.872445614362647, 41.067980853233237, 0.0 ], [ -73.8722020950283, 41.068078323296184, 0.0 ], [ -73.87176373421741, 41.068126953156217, 0.0 ], [ -73.87144719403932, 41.068492230866482, 0.0 ], [ -73.87127675248945, 41.068857542729937, 0.0 ], [ -73.870927610325253, 41.069075716041063, 0.0 ], [ -73.870744713328335, 41.069167020195543, 0.0 ], [ -73.870510484186369, 41.06912797307595, 0.0 ], [ -73.869474810109196, 41.069018998599958, 0.0 ], [ -73.869036657907401, 41.069190078414636, 0.0 ], [ -73.868733824673143, 41.068957832956379, 0.0 ], [ -73.868714210419711, 41.068781292631407, 0.0 ], [ -73.868714223050645, 41.068353463127252, 0.0 ] ] ] ] } },
{ "type": "Feature", "properties": { "id": "66", "Site": "Paerdegat Basin", "Status": "Design", "Waterbody": "Jamaica Bay", "Acres": 9.0, "sal_score": 0.64, "sal_mean_psu": 27.21, "sal_ci_lower_psu": 26.86, "sal_ci_upper_psu": 28.15, "sal_median_psu": 27.23, "sal_p10_psu": 26.11, "sal_p90_psu": 28.6, "chla_score": 0.81, "chla_mean_ug_L": 38.16, "chla_median_ug_L": 25.76, "chla_p10_ug_L": 5.53, "chla_p90_ug_L": 71.84, "chla_ci_lower_ug_L": 13.74, "chla_ci_upper_ug_L": 28.93, "chla_nearest_station_m": 85.0, "do_score": 0.5, "do_mean_mg_L": 5.94, "do_median_mg_L": 5.81, "do_p10_mg_L": 3.97, "do_p90_mg_L": 7.95, "do_pct3": 7.9, "do_pct3_low": 2.28, "do_pct3_upper": 31.86, "do_nearest_station_m": 85.0, "cso_within_50ft": "False", "cso_nearest_ft": 4379.0, "ms4_within_50ft": "False", "ms4_nearest_ft": 893.0, "park_within_1640ft": "True", "park_nearest_ft": 0.0, "depth_score": "TRUE", "depth_median_ft": 6.8, "depth_0_20ft_pct": 1.0, "depth_20_39ft_pct": 0.0, "depth_39ft_plus_pct": 0.0, "erosion_gt_0_ft_yr": "True", "erosion_gt_1_ft_yr": "False", "wave_sup_3ft": null }, "geometry": { "type": "MultiPolygon", "coordinates": [ [ [ [ -73.90133498739749, 40.625103645657525, 0.0 ], [ -73.896622129299089, 40.623038712768818, 0.0 ], [ -73.896857772204001, 40.62268913119744, 0.0 ], [ -73.901667029672595, 40.624721556590067, 0.0 ], [ -73.90133498739749, 40.625103645657525, 0.0 ] ] ] ] } },
{ "type": "Feature", "properties": { "id": "67", "Site": "Paerdegat Basin", "Status": "Proposed Future Site", "Waterbody": "Jamaica Bay", "Acres": 28.0, "sal_score": 0.64, "sal_mean_psu": 27.21, "sal_ci_lower_psu": 26.86, "sal_ci_upper_psu": 28.15, "sal_median_psu": 27.23, "sal_p10_psu": 26.11, "sal_p90_psu": 28.6, "chla_score": 0.83, "chla_mean_ug_L": 39.0, "chla_median_ug_L": 26.2, "chla_p10_ug_L": 5.48, "chla_p90_ug_L": 72.82, "chla_ci_lower_ug_L": 14.69, "chla_ci_upper_ug_L": 29.1, "chla_nearest_station_m": 67.0, "do_score": 0.5, "do_mean_mg_L": 5.99, "do_median_mg_L": 5.86, "do_p10_mg_L": 3.95, "do_p90_mg_L": 8.04, "do_pct3": 7.38, "do_pct3_low": 2.31, "do_pct3_upper": 30.71, "do_nearest_station_m": 67.0, "cso_within_50ft": "False", "cso_nearest_ft": 4298.0, "ms4_within_50ft": "False", "ms4_nearest_ft": 890.0, "park_within_1640ft": "True", "park_nearest_ft": 0.0, "depth_score": "TRUE", "depth_median_ft": 3.22, "depth_0_20ft_pct": 1.0, "depth_20_39ft_pct": 0.0, "depth_39ft_plus_pct": 0.0, "erosion_gt_0_ft_yr": "True", "erosion_gt_1_ft_yr": "False", "wave_sup_3ft": null }, "geometry": { "type": "MultiPolygon", "coordinates": [ [ [ [ -73.902224003811526, 40.624355724583545, 0.0 ], [ -73.897082704067813, 40.622168820354275, 0.0 ], [ -73.897296924890455, 40.621697285151782, 0.0 ], [ -73.897521856754253, 40.621737934869316, 0.0 ], [ -73.898046697769757, 40.621713545041764, 0.0 ], [ -73.899567665610604, 40.621672895309381, 0.0 ], [ -73.900585214518216, 40.621599725728778, 0.0 ], [ -73.900767302217474, 40.621859883873491, 0.0 ], [ -73.900863701587667, 40.622193210015595, 0.0 ], [ -73.901110055533721, 40.622648482058764, 0.0 ], [ -73.901656318631481, 40.62290863611878, 0.0 ], [ -73.902245425893781, 40.623103750998837, 0.0 ], [ -73.902663156497965, 40.623396422250238, 0.0 ], [ -73.902738133785888, 40.623713481325431, 0.0 ], [ -73.902224003811526, 40.624355724583545, 0.0 ] ] ] ] } },
{ "type": "Feature", "properties": { "id": "68", "Site": "Paerdegat Basin", "Status": "Proposed Future Site", "Waterbody": "Jamaica Bay", "Acres": 25.0, "sal_score": 0.64, "sal_mean_psu": 27.29, "sal_ci_lower_psu": 26.98, "sal_ci_upper_psu": 28.13, "sal_median_psu": 27.3, "sal_p10_psu": 25.88, "sal_p90_psu": 28.59, "chla_score": 0.98, "chla_mean_ug_L": 41.65, "chla_median_ug_L": 30.92, "chla_p10_ug_L": 6.65, "chla_p90_ug_L": 76.88, "chla_ci_lower_ug_L": 15.87, "chla_ci_upper_ug_L": 35.02, "chla_nearest_station_m": 85.0, "do_score": 0.5, "do_mean_mg_L": 4.98, "do_median_mg_L": 4.72, "do_p10_mg_L": 3.07, "do_p90_mg_L": 7.49, "do_pct3": 20.04, "do_pct3_low": 2.89, "do_pct3_upper": 45.16, "do_nearest_station_m": 85.0, "cso_within_50ft": "False", "cso_nearest_ft": 348.0, "ms4_within_50ft": "True", "ms4_nearest_ft": 0.0, "park_within_1640ft": "True", "park_nearest_ft": 0.0, "depth_score": "TRUE", "depth_median_ft": 9.96, "depth_0_20ft_pct": 1.0, "depth_20_39ft_pct": 0.0, "depth_39ft_plus_pct": 0.0, "erosion_gt_0_ft_yr": "True", "erosion_gt_1_ft_yr": "False", "wave_sup_3ft": null }, "geometry": { "type": "MultiPolygon", "coordinates": [ [ [ [ -73.914316769250362, 40.630818461694105, 0.0 ], [ -73.913588418453344, 40.630590853905865, 0.0 ], [ -73.913181398890316, 40.630428276439275, 0.0 ], [ -73.912881489738581, 40.630249440768864, 0.0 ], [ -73.912024606447972, 40.629875510092148, 0.0 ], [ -73.911146301075078, 40.629631641131425, 0.0 ], [ -73.91054648277165, 40.629355255232639, 0.0 ], [ -73.910053774879543, 40.62906261009298, 0.0 ], [ -73.909111203259869, 40.628639898182719, 0.0 ], [ -73.908082943311115, 40.628379766446457, 0.0 ], [ -73.907440280843161, 40.628054600351199, 0.0 ], [ -73.906904728786515, 40.627778207925367, 0.0 ], [ -73.906540553388012, 40.627501814355647, 0.0 ], [ -73.906926150868784, 40.626932765169002, 0.0 ], [ -73.914638100484353, 40.630298214181018, 0.0 ], [ -73.914316769250362, 40.630818461694105, 0.0 ] ] ] ] } },
{ "type": "Feature", "properties": { "id": "69", "Site": "Paerdegat Basin", "Status": "Proposed Future Site", "Waterbody": "Jamaica Bay", "Acres": 27.0, "sal_score": 0.64, "sal_mean_psu": 27.29, "sal_ci_lower_psu": 26.98, "sal_ci_upper_psu": 28.13, "sal_median_psu": 27.3, "sal_p10_psu": 25.88, "sal_p90_psu": 28.59, "chla_score": 1.0, "chla_mean_ug_L": 42.55, "chla_median_ug_L": 31.68, "chla_p10_ug_L": 6.72, "chla_p90_ug_L": 78.06, "chla_ci_lower_ug_L": 16.05, "chla_ci_upper_ug_L": 34.37, "chla_nearest_station_m": 42.0, "do_score": 0.5, "do_mean_mg_L": 4.98, "do_median_mg_L": 4.57, "do_p10_mg_L": 3.0, "do_p90_mg_L": 7.76, "do_pct3": 19.96, "do_pct3_low": 1.81, "do_pct3_upper": 44.59, "do_nearest_station_m": 42.0, "cso_within_50ft": "False", "cso_nearest_ft": 263.0, "ms4_within_50ft": "True", "ms4_nearest_ft": 0.0, "park_within_1640ft": "True", "park_nearest_ft": 0.0, "depth_score": "TRUE", "depth_median_ft": 10.33, "depth_0_20ft_pct": 1.0, "depth_20_39ft_pct": 0.0, "depth_39ft_plus_pct": 0.0, "erosion_gt_0_ft_yr": "True", "erosion_gt_1_ft_yr": "False", "wave_sup_3ft": null }, "geometry": { "type": "MultiPolygon", "coordinates": [ [ [ [ -73.914638100484353, 40.630216925140971, 0.0 ], [ -73.905233806369822, 40.626184864578256, 0.0 ], [ -73.905319494698887, 40.626071052884555, 0.0 ], [ -73.905383760945682, 40.625924723279105, 0.0 ], [ -73.905533715521543, 40.625729616639788, 0.0 ], [ -73.905747936344184, 40.625745875548162, 0.0 ], [ -73.905940735084585, 40.625810911142104, 0.0 ], [ -73.906347754647626, 40.625924723279105, 0.0 ], [ -73.906690507963873, 40.62608731170981, 0.0 ], [ -73.90716179377371, 40.626266158526434, 0.0 ], [ -73.907504547089957, 40.626363711133628, 0.0 ], [ -73.907804456241678, 40.626607592028222, 0.0 ], [ -73.90823289788699, 40.626818954749815, 0.0 ], [ -73.908918404519483, 40.627111609721567, 0.0 ], [ -73.90941111241159, 40.627306712323588, 0.0 ], [ -73.909925242385953, 40.627518072832586, 0.0 ], [ -73.91054648277165, 40.627680657384325, 0.0 ], [ -73.911039190663757, 40.627778207925367, 0.0 ], [ -73.911360521897763, 40.627973308579989, 0.0 ], [ -73.911703275213995, 40.628217183596732, 0.0 ], [ -73.912345937681962, 40.628461057722888, 0.0 ], [ -73.912517314340079, 40.628542348900361, 0.0 ], [ -73.913095710561251, 40.628883770765185, 0.0 ], [ -73.913588418453358, 40.629046351992052, 0.0 ], [ -73.91397401593413, 40.629241448941826, 0.0 ], [ -73.914359613414916, 40.629420287311738, 0.0 ], [ -73.914959431718344, 40.62972918882258, 0.0 ], [ -73.914638100484353, 40.630216925140971, 0.0 ] ] ] ] } },
{ "type": "Feature", "properties": { "id": "72", "Site": "Bush Terminal Park", "Status": "Design", "Waterbody": "Upper Harbor", "Acres": 3.0, "sal_score": 0.8, "sal_mean_psu": 24.03, "sal_ci_lower_psu": 20.93, "sal_ci_upper_psu": 24.87, "sal_median_psu": 24.31, "sal_p10_psu": 20.77, "sal_p90_psu": 26.4, "chla_score": 0.09, "chla_mean_ug_L": 3.87, "chla_median_ug_L": 2.95, "chla_p10_ug_L": 2.51, "chla_p90_ug_L": 6.38, "chla_ci_lower_ug_L": 1.38, "chla_ci_upper_ug_L": 3.52, "chla_nearest_station_m": 1965.0, "do_score": 0.5, "do_mean_mg_L": 5.41, "do_median_mg_L": 5.3, "do_p10_mg_L": 4.3, "do_p90_mg_L": 6.36, "do_pct3": 6.27, "do_pct3_low": 0.0, "do_pct3_upper": 51.02, "do_nearest_station_m": 1403.0, "cso_within_50ft": "False", "cso_nearest_ft": 431.0, "ms4_within_50ft": "False", "ms4_nearest_ft": 1549.0, "park_within_1640ft": "False", "park_nearest_ft": 2294.0, "depth_score": "TRUE", "depth_median_ft": 15.49, "depth_0_20ft_pct": 1.0, "depth_20_39ft_pct": 0.0, "depth_39ft_plus_pct": 0.0, "erosion_gt_0_ft_yr": "", "erosion_gt_1_ft_yr": "", "wave_sup_3ft": null }, "geometry": { "type": "MultiPolygon", "coordinates": [ [ [ [ -74.01937066068038, 40.654999400170951, 0.0 ], [ -74.019065396008102, 40.655247239397127, 0.0 ], [ -74.017571205770082, 40.654454963228453, 0.0 ], [ -74.017865759401232, 40.654174617099876, 0.0 ], [ -74.017972869812553, 40.654162428111043, 0.0 ], [ -74.01937066068038, 40.654999400170951, 0.0 ] ] ] ] } },
{ "type": "Feature", "properties": { "id": "76", "Site": "Brooklyn Bride Park", "Status": "Design", "Waterbody": "Upper Harbor", "Acres": 1.0, "sal_score": 0.81, "sal_mean_psu": 23.74, "sal_ci_lower_psu": 18.5, "sal_ci_upper_psu": 24.27, "sal_median_psu": 24.0, "sal_p10_psu": 21.63, "sal_p90_psu": 25.74, "chla_score": 0.05, "chla_mean_ug_L": 1.82, "chla_median_ug_L": 1.59, "chla_p10_ug_L": 1.23, "chla_p90_ug_L": 2.98, "chla_ci_lower_ug_L": 1.0, "chla_ci_upper_ug_L": 1.58, "chla_nearest_station_m": 3855.0, "do_score": 1.0, "do_mean_mg_L": 5.66, "do_median_mg_L": 5.58, "do_p10_mg_L": 4.76, "do_p90_mg_L": 6.49, "do_pct3": 0.0, "do_pct3_low": 0.0, "do_pct3_upper": 0.0, "do_nearest_station_m": 1738.0, "cso_within_50ft": "False", "cso_nearest_ft": 321.0, "ms4_within_50ft": "False", "ms4_nearest_ft": 2877.0, "park_within_1640ft": "True", "park_nearest_ft": 0.0, "depth_score": "FALSE", "depth_median_ft": 30.47, "depth_0_20ft_pct": 0.0, "depth_20_39ft_pct": 1.0, "depth_39ft_plus_pct": 0.0, "erosion_gt_0_ft_yr": "", "erosion_gt_1_ft_yr": "", "wave_sup_3ft": null }, "geometry": { "type": "MultiPolygon", "coordinates": [ [ [ [ -74.000433539957697, 40.697638569011076, 0.0 ], [ -73.999948865346454, 40.697470064357574, 0.0 ], [ -74.000302329703842, 40.69690161177985, 0.0 ], [ -74.000639727499518, 40.697031544225254, 0.0 ], [ -74.000570105732152, 40.697214261297852, 0.0 ], [ -74.000666505102359, 40.697258925394934, 0.0 ], [ -74.000433539957697, 40.697638569011076, 0.0 ] ] ] ] } },
{ "type": "Feature", "properties": { "id": "82", "Site": "Flushing Bay", "Status": "Design", "Waterbody": "Western Long Island Sound", "Acres": 52.0, "sal_score": 0.86, "sal_mean_psu": 22.9, "sal_ci_lower_psu": 21.2, "sal_ci_upper_psu": 24.22, "sal_median_psu": 23.87, "sal_p10_psu": 22.23, "sal_p90_psu": 25.04, "chla_score": 0.4, "chla_mean_ug_L": 18.98, "chla_median_ug_L": 12.59, "chla_p10_ug_L": 3.99, "chla_p90_ug_L": 34.9, "chla_ci_lower_ug_L": 8.22, "chla_ci_upper_ug_L": 14.95, "chla_nearest_station_m": 761.0, "do_score": 0.5, "do_mean_mg_L": 4.62, "do_median_mg_L": 4.7, "do_p10_mg_L": 3.66, "do_p90_mg_L": 5.61, "do_pct3": 4.86, "do_pct3_low": 1.54, "do_pct3_upper": 11.93, "do_nearest_station_m": 194.0, "cso_within_50ft": "False", "cso_nearest_ft": 562.0, "ms4_within_50ft": "False", "ms4_nearest_ft": 460.0, "park_within_1640ft": "True", "park_nearest_ft": 0.0, "depth_score": "TRUE", "depth_median_ft": 5.12, "depth_0_20ft_pct": 1.0, "depth_20_39ft_pct": 0.0, "depth_39ft_plus_pct": 0.0, "erosion_gt_0_ft_yr": "", "erosion_gt_1_ft_yr": "", "wave_sup_3ft": null }, "geometry": { "type": "MultiPolygon", "coordinates": [ [ [ [ -73.860501821976271, 40.766648017151788, 0.0 ], [ -73.860035178167308, 40.76660874775267, 0.0 ], [ -73.858816719332793, 40.7668639984322, 0.0 ], [ -73.858324150867773, 40.767178151768817, 0.0 ], [ -73.857287164625617, 40.768277676751822, 0.0 ], [ -73.856613123568224, 40.76839548192099, 0.0 ], [ -73.853865110026533, 40.767256689870926, 0.0 ], [ -73.854850246956573, 40.76607860859334, 0.0 ], [ -73.856483500287951, 40.765332479649146, 0.0 ], [ -73.858272301555658, 40.764998682409455, 0.0 ], [ -73.859438911078072, 40.765469925084076, 0.0 ], [ -73.86039812335207, 40.765627005233078, 0.0 ], [ -73.860761068536817, 40.766235687303656, 0.0 ], [ -73.860501821976271, 40.766648017151788, 0.0 ] ] ] ] } },
{ "type": "Feature", "properties": { "id": "83", "Site": "Flushing Bay", "Status": "Design", "Waterbody": "Western Long Island Sound", "Acres": 52.0, "sal_score": 0.84, "sal_mean_psu": 23.11, "sal_ci_lower_psu": 21.25, "sal_ci_upper_psu": 24.39, "sal_median_psu": 23.97, "sal_p10_psu": 22.58, "sal_p90_psu": 25.15, "chla_score": 0.4, "chla_mean_ug_L": 19.8, "chla_median_ug_L": 12.76, "chla_p10_ug_L": 3.97, "chla_p90_ug_L": 35.83, "chla_ci_lower_ug_L": 7.6, "chla_ci_upper_ug_L": 15.69, "chla_nearest_station_m": 217.0, "do_score": 0.5, "do_mean_mg_L": 4.7, "do_median_mg_L": 4.79, "do_p10_mg_L": 3.68, "do_p90_mg_L": 5.73, "do_pct3": 4.04, "do_pct3_low": 0.94, "do_pct3_upper": 11.39, "do_nearest_station_m": 134.0, "cso_within_50ft": "False", "cso_nearest_ft": 510.0, "ms4_within_50ft": "False", "ms4_nearest_ft": 880.0, "park_within_1640ft": "True", "park_nearest_ft": 0.0, "depth_score": "TRUE", "depth_median_ft": 7.38, "depth_0_20ft_pct": 1.0, "depth_20_39ft_pct": 0.0, "depth_39ft_plus_pct": 0.0, "erosion_gt_0_ft_yr": "", "erosion_gt_1_ft_yr": "", "wave_sup_3ft": null }, "geometry": { "type": "MultiPolygon", "coordinates": [ [ [ [ -73.853450315529685, 40.763781290034309, 0.0 ], [ -73.852672575848075, 40.764056187035933, 0.0 ], [ -73.851791137542236, 40.76413472882755, 0.0 ], [ -73.850806000612209, 40.764115093388341, 0.0 ], [ -73.849561617121637, 40.763368942399993, 0.0 ], [ -73.849457918497421, 40.762897684828197, 0.0 ], [ -73.849561617121637, 40.762544239456574, 0.0 ], [ -73.849820863682169, 40.762092612079854, 0.0 ], [ -73.850961548548526, 40.76166061780453, 0.0 ], [ -73.852205932039112, 40.761169711810851, 0.0 ], [ -73.852828123784406, 40.760855530072178, 0.0 ], [ -73.853761411402331, 40.76089480287073, 0.0 ], [ -73.854591000396042, 40.761032257482917, 0.0 ], [ -73.855005794892904, 40.761444619613989, 0.0 ], [ -73.854642849708156, 40.762622783034921, 0.0 ], [ -73.854202130555237, 40.763231492620044, 0.0 ], [ -73.853450315529685, 40.763781290034309, 0.0 ] ] ] ] } },
{ "type": "Feature", "properties": { "id": "84", "Site": "Flushing Bay", "Status": "Design", "Waterbody": "Western Long Island Sound", "Acres": 52.0, "sal_score": 0.85, "sal_mean_psu": 22.96, "sal_ci_lower_psu": 20.97, "sal_ci_upper_psu": 24.38, "sal_median_psu": 23.85, "sal_p10_psu": 22.85, "sal_p90_psu": 25.05, "chla_score": 0.45, "chla_mean_ug_L": 19.89, "chla_median_ug_L": 14.17, "chla_p10_ug_L": 4.24, "chla_p90_ug_L": 37.48, "chla_ci_lower_ug_L": 8.4, "chla_ci_upper_ug_L": 16.09, "chla_nearest_station_m": 231.0, "do_score": 0.5, "do_mean_mg_L": 4.68, "do_median_mg_L": 4.88, "do_p10_mg_L": 3.66, "do_p90_mg_L": 5.53, "do_pct3": 3.19, "do_pct3_low": 0.75, "do_pct3_upper": 13.58, "do_nearest_station_m": 30.0, "cso_within_50ft": "False", "cso_nearest_ft": 1281.0, "ms4_within_50ft": "False", "ms4_nearest_ft": 150.0, "park_within_1640ft": "True", "park_nearest_ft": 0.0, "depth_score": "TRUE", "depth_median_ft": 11.65, "depth_0_20ft_pct": 0.82, "depth_20_39ft_pct": 0.18, "depth_39ft_plus_pct": 0.0, "erosion_gt_0_ft_yr": "", "erosion_gt_1_ft_yr": "", "wave_sup_3ft": null }, "geometry": { "type": "MultiPolygon", "coordinates": [ [ [ [ -73.848395007599208, 40.765705545168345, 0.0 ], [ -73.84715062410865, 40.766117878305728, 0.0 ], [ -73.846450658395199, 40.765646640225597, 0.0 ], [ -73.845258124216727, 40.765175398804011, 0.0 ], [ -73.844584083159319, 40.765136128534721, 0.0 ], [ -73.843728569509551, 40.765096858242231, 0.0 ], [ -73.843417473636919, 40.764429259719478, 0.0 ], [ -73.843780418821666, 40.763938374174458, 0.0 ], [ -73.84445445987906, 40.763368942399993, 0.0 ], [ -73.846398809083084, 40.762367516065929, 0.0 ], [ -73.846969151516262, 40.762367516065929, 0.0 ], [ -73.847850589822087, 40.7624853317119, 0.0 ], [ -73.848732028127912, 40.764468530406454, 0.0 ], [ -73.848680178815812, 40.765155763672261, 0.0 ], [ -73.848395007599208, 40.765705545168345, 0.0 ] ] ] ] } },
{ "type": "Feature", "properties": { "id": "85", "Site": "Powell's Cove", "Status": "Design", "Waterbody": "Western Long Island Sound", "Acres": 35.0, "sal_score": 0.75, "sal_mean_psu": 25.08, "sal_ci_lower_psu": 24.41, "sal_ci_upper_psu": 25.43, "sal_median_psu": 25.14, "sal_p10_psu": 23.83, "sal_p90_psu": 26.48, "chla_score": 0.23, "chla_mean_ug_L": 12.24, "chla_median_ug_L": 7.16, "chla_p10_ug_L": 2.46, "chla_p90_ug_L": 30.07, "chla_ci_lower_ug_L": 4.03, "chla_ci_upper_ug_L": 12.46, "chla_nearest_station_m": 1536.0, "do_score": 0.5, "do_mean_mg_L": 4.43, "do_median_mg_L": 4.39, "do_p10_mg_L": 3.07, "do_p90_mg_L": 5.85, "do_pct3": 10.63, "do_pct3_low": 3.68, "do_pct3_upper": 20.03, "do_nearest_station_m": 1536.0, "cso_within_50ft": "False", "cso_nearest_ft": 1565.0, "ms4_within_50ft": "False", "ms4_nearest_ft": 60.0, "park_within_1640ft": "True", "park_nearest_ft": 0.0, "depth_score": "TRUE", "depth_median_ft": 4.57, "depth_0_20ft_pct": 1.0, "depth_20_39ft_pct": 0.0, "depth_39ft_plus_pct": 0.0, "erosion_gt_0_ft_yr": "False", "erosion_gt_1_ft_yr": "False", "wave_sup_3ft": "FALSE" }, "geometry": { "type": "MultiPolygon", "coordinates": [ [ [ [ -73.836469144359498, 40.792668786977963, 0.0 ], [ -73.835155197902182, 40.792657900401771, 0.0 ], [ -73.834997021037239, 40.791906722332556, 0.0 ], [ -73.834590794088712, 40.791999259220354, 0.0 ], [ -73.833483556034366, 40.791846845454089, 0.0 ], [ -73.83359140389679, 40.791389602056107, 0.0 ], [ -73.833066544299612, 40.790834373696789, 0.0 ], [ -73.832469786127461, 40.790573088156478, 0.0 ], [ -73.832448216554965, 40.789723903049669, 0.0 ], [ -73.832886797862216, 40.789468056689927, 0.0 ], [ -73.833742390904234, 40.789442199822105, 0.0 ], [ -73.834348136398248, 40.78977289479333, 0.0 ], [ -73.834614161125586, 40.790055957493415, 0.0 ], [ -73.835189349725255, 40.789974304915305, 0.0 ], [ -73.835699829607435, 40.790279140694629, 0.0 ], [ -73.836411625499537, 40.7903553494208, 0.0 ], [ -73.836821447376778, 40.79044244500075, 0.0 ], [ -73.83699400395669, 40.790834373696782, 0.0 ], [ -73.836850206806758, 40.791248073699528, 0.0 ], [ -73.8364547646445, 40.79148758304931, 0.0 ], [ -73.836354106639561, 40.791699874705266, 0.0 ], [ -73.836469144359498, 40.792211549240314, 0.0 ], [ -73.836469144359498, 40.792668786977963, 0.0 ] ] ] ] } },
{ "type": "Feature", "properties": { "id": "86", "Site": "Pugsley Creek", "Status": "Design", "Waterbody": "Western Long Island Sound", "Acres": 26.0, "sal_score": 0.75, "sal_mean_psu": 24.92, "sal_ci_lower_psu": 24.38, "sal_ci_upper_psu": 25.26, "sal_median_psu": 25.08, "sal_p10_psu": 23.67, "sal_p90_psu": 26.08, "chla_score": 0.27, "chla_mean_ug_L": 14.57, "chla_median_ug_L": 8.67, "chla_p10_ug_L": 3.14, "chla_p90_ug_L": 35.77, "chla_ci_lower_ug_L": 4.79, "chla_ci_upper_ug_L": 16.87, "chla_nearest_station_m": 661.0, "do_score": 0.5, "do_mean_mg_L": 4.44, "do_median_mg_L": 4.45, "do_p10_mg_L": 2.96, "do_p90_mg_L": 5.88, "do_pct3": 12.29, "do_pct3_low": 5.63, "do_pct3_upper": 20.99, "do_nearest_station_m": 1893.0, "cso_within_50ft": "False", "cso_nearest_ft": 2341.0, "ms4_within_50ft": "False", "ms4_nearest_ft": 138.0, "park_within_1640ft": "True", "park_nearest_ft": 0.0, "depth_score": "TRUE", "depth_median_ft": 4.7, "depth_0_20ft_pct": 1.0, "depth_20_39ft_pct": 0.0, "depth_39ft_plus_pct": 0.0, "erosion_gt_0_ft_yr": "", "erosion_gt_1_ft_yr": "", "wave_sup_3ft": null }, "geometry": { "type": "MultiPolygon", "coordinates": [ [ [ [ -73.847999958714766, 40.81117974859022, 0.0 ], [ -73.847777923102015, 40.811214517867079, 0.0 ], [ -73.847280257073464, 40.810600257960402, 0.0 ], [ -73.846889780651068, 40.810455384512174, 0.0 ], [ -73.846147109808456, 40.81058287316332, 0.0 ], [ -73.845879135793069, 40.810820464995921, 0.0 ], [ -73.845879135793069, 40.8111913383512, 0.0 ], [ -73.845687725782085, 40.81149267142596, 0.0 ], [ -73.845358500563194, 40.811712875499772, 0.0 ], [ -73.845167090552223, 40.81170708066508, 0.0 ], [ -73.845167090552223, 40.811718670333953, 0.0 ], [ -73.845052244545641, 40.81192728402732, 0.0 ], [ -73.844960367740356, 40.812286561628355, 0.0 ], [ -73.844868490935085, 40.812512557832235, 0.0 ], [ -73.844600516919712, 40.812981932103696, 0.0 ], [ -73.844148789293797, 40.812941369026142, 0.0 ], [ -73.84392675368106, 40.812634247777019, 0.0 ], [ -73.843896128079294, 40.812338714666801, 0.0 ], [ -73.843888471678852, 40.811712875499772, 0.0 ], [ -73.843942066481929, 40.811585389019797, 0.0 ], [ -73.843980348484124, 40.811365184522877, 0.0 ], [ -73.844225353298171, 40.810594463028551, 0.0 ], [ -73.844638798921906, 40.810061327132679, 0.0 ], [ -73.845366156963635, 40.809644087356602, 0.0 ], [ -73.84642274022427, 40.809557162073027, 0.0 ], [ -73.847617138692797, 40.809707832492194, 0.0 ], [ -73.847900425509053, 40.810096096995593, 0.0 ], [ -73.84803824071696, 40.810385845144658, 0.0 ], [ -73.848091835520037, 40.810849439551454, 0.0 ], [ -73.847999958714766, 40.81117974859022, 0.0 ] ] ] ] } },
{ "type": "Feature", "properties": { "id": "87", "Site": "Turtle Cove", "Status": "Design", "Waterbody": "Western Long Island Sound", "Acres": 52.0, "sal_score": 0.73, "sal_mean_psu": 25.42, "sal_ci_lower_psu": 25.08, "sal_ci_upper_psu": 25.72, "sal_median_psu": 25.4, "sal_p10_psu": 24.3, "sal_p90_psu": 26.62, "chla_score": 0.45, "chla_mean_ug_L": 17.99, "chla_median_ug_L": 14.18, "chla_p10_ug_L": 4.38, "chla_p90_ug_L": 39.47, "chla_ci_lower_ug_L": 10.27, "chla_ci_upper_ug_L": 28.58, "chla_nearest_station_m": 389.0, "do_score": 0.5, "do_mean_mg_L": 5.59, "do_median_mg_L": 5.64, "do_p10_mg_L": 4.0, "do_p90_mg_L": 6.99, "do_pct3": 4.21, "do_pct3_low": 1.7, "do_pct3_upper": 30.69, "do_nearest_station_m": 344.0, "cso_within_50ft": "False", "cso_nearest_ft": 2920.0, "ms4_within_50ft": "False", "ms4_nearest_ft": 710.0, "park_within_1640ft": "True", "park_nearest_ft": 0.0, "depth_score": "TRUE", "depth_median_ft": 7.45, "depth_0_20ft_pct": 1.0, "depth_20_39ft_pct": 0.0, "depth_39ft_plus_pct": 0.0, "erosion_gt_0_ft_yr": "False", "erosion_gt_1_ft_yr": "False", "wave_sup_3ft": "TRUE" }, "geometry": { "type": "MultiPolygon", "coordinates": [ [ [ [ -73.810021211569222, 40.860523182229166, 0.0 ], [ -73.809045539305927, 40.859850657590918, 0.0 ], [ -73.808712081696953, 40.859336918891955, 0.0 ], [ -73.808514477187941, 40.858869880253437, 0.0 ], [ -73.808193369860774, 40.858047884251711, 0.0 ], [ -73.808032816197198, 40.857805019844591, 0.0 ], [ -73.807489403797376, 40.858159975216218, 0.0 ], [ -73.807106545061146, 40.858216020627339, 0.0 ], [ -73.806958341679376, 40.858486906112653, 0.0 ], [ -73.806624884070416, 40.858776472130579, 0.0 ], [ -73.806316127025056, 40.858636359699325, 0.0 ], [ -73.805970319134275, 40.858935265861071, 0.0 ], [ -73.805525708988981, 40.85957977768259, 0.0 ], [ -73.805155200534543, 40.859449007675195, 0.0 ], [ -73.804673539543813, 40.858972629036451, 0.0 ], [ -73.804784692080133, 40.858823176208482, 0.0 ], [ -73.80468588982562, 40.858216020627339, 0.0 ], [ -73.804895844616468, 40.857664905358511, 0.0 ], [ -73.804673539543813, 40.85708576233867, 0.0 ], [ -73.804747641234684, 40.85664673119161, 0.0 ], [ -73.804772341798326, 40.856132967644001, 0.0 ], [ -73.80472294067107, 40.855992849621323, 0.0 ], [ -73.804982296589159, 40.855693930182419, 0.0 ], [ -73.805142850252736, 40.855310937680194, 0.0 ], [ -73.805846816316134, 40.855040039207552, 0.0 ], [ -73.806489030970454, 40.854993332462378, 0.0 ], [ -73.806489030970454, 40.854993332462378, 0.0 ], [ -73.806871889706684, 40.855049380552636, 0.0 ], [ -73.807267098724722, 40.855292255062473, 0.0 ], [ -73.807649957460953, 40.855572493775099, 0.0 ], [ -73.807983415069927, 40.855955484765218, 0.0 ], [ -73.808452725778849, 40.857169831800853, 0.0 ], [ -73.808551528033377, 40.857917111220054, 0.0 ], [ -73.808860285078723, 40.858888561862209, 0.0 ], [ -73.809119640996812, 40.859402304038561, 0.0 ], [ -73.809428398042158, 40.859775932209601, 0.0 ], [ -73.810021211569222, 40.860523182229166, 0.0 ] ] ] ] } },
{ "type": "Feature", "properties": { "id": "88", "Site": "City Island", "Status": "Design", "Waterbody": "Western Long Island Sound", "Acres": 2.0, "sal_score": 0.72, "sal_mean_psu": 25.56, "sal_ci_lower_psu": 25.38, "sal_ci_upper_psu": 25.72, "sal_median_psu": 25.53, "sal_p10_psu": 24.76, "sal_p90_psu": 26.61, "chla_score": 0.39, "chla_mean_ug_L": 15.88, "chla_median_ug_L": 12.28, "chla_p10_ug_L": 4.12, "chla_p90_ug_L": 34.55, "chla_ci_lower_ug_L": 8.16, "chla_ci_upper_ug_L": 19.58, "chla_nearest_station_m": 1871.0, "do_score": 0.5, "do_mean_mg_L": 5.81, "do_median_mg_L": 5.9, "do_p10_mg_L": 4.15, "do_p90_mg_L": 7.33, "do_pct3": 3.42, "do_pct3_low": 0.57, "do_pct3_upper": 22.31, "do_nearest_station_m": 1479.0, "cso_within_50ft": "False", "cso_nearest_ft": 6394.0, "ms4_within_50ft": "False", "ms4_nearest_ft": 903.0, "park_within_1640ft": "True", "park_nearest_ft": 0.0, "depth_score": "TRUE", "depth_median_ft": 8.26, "depth_0_20ft_pct": 1.0, "depth_20_39ft_pct": 0.0, "depth_39ft_plus_pct": 0.0, "erosion_gt_0_ft_yr": "False", "erosion_gt_1_ft_yr": "False", "wave_sup_3ft": "FALSE" }, "geometry": { "type": "MultiPolygon", "coordinates": [ [ [ [ -73.792178141918626, 40.849157065545796, 0.0 ], [ -73.791134543105358, 40.84941864593543, 0.0 ], [ -73.790912238032703, 40.848890813017313, 0.0 ], [ -73.792017588255064, 40.848629230544006, 0.0 ], [ -73.792178141918626, 40.849157065545796, 0.0 ] ] ] ] } },
{ "type": "Feature", "properties": { "id": "89", "Site": "City Island", "Status": "Design", "Waterbody": "Western Long Island Sound", "Acres": 3.0, "sal_score": 0.71, "sal_mean_psu": 25.82, "sal_ci_lower_psu": 25.57, "sal_ci_upper_psu": 25.98, "sal_median_psu": 25.79, "sal_p10_psu": 24.94, "sal_p90_psu": 26.97, "chla_score": 0.27, "chla_mean_ug_L": 10.41, "chla_median_ug_L": 8.41, "chla_p10_ug_L": 2.83, "chla_p90_ug_L": 22.15, "chla_ci_lower_ug_L": 4.97, "chla_ci_upper_ug_L": 11.91, "chla_nearest_station_m": 2197.0, "do_score": 0.5, "do_mean_mg_L": 6.07, "do_median_mg_L": 6.16, "do_p10_mg_L": 4.55, "do_p90_mg_L": 7.54, "do_pct3": 0.5, "do_pct3_low": 0.0, "do_pct3_upper": 14.11, "do_nearest_station_m": 2197.0, "cso_within_50ft": "False", "cso_nearest_ft": 9150.0, "ms4_within_50ft": "False", "ms4_nearest_ft": 1336.0, "park_within_1640ft": "True", "park_nearest_ft": 960.0, "depth_score": "TRUE", "depth_median_ft": 10.61, "depth_0_20ft_pct": 1.0, "depth_20_39ft_pct": 0.0, "depth_39ft_plus_pct": 0.0, "erosion_gt_0_ft_yr": "", "erosion_gt_1_ft_yr": "", "wave_sup_3ft": null }, "geometry": { "type": "MultiPolygon", "coordinates": [ [ [ [ -73.781458097304125, 40.841561441814918, 0.0 ], [ -73.780531826168087, 40.84175764969077, 0.0 ], [ -73.780235419404548, 40.841103621179144, 0.0 ], [ -73.781260492795099, 40.84093544137589, 0.0 ], [ -73.781458097304125, 40.841561441814918, 0.0 ] ] ] ] } },
{ "type": "Feature", "properties": { "id": "99", "Site": "Ossining", "Status": "Proposed Future Site", "Waterbody": "Hudson River", "Acres": 146.0, "sal_score": 0.29, "sal_mean_psu": 7.03, "sal_ci_lower_psu": 1.03, "sal_ci_upper_psu": 18.27, "sal_median_psu": 7.04, "sal_p10_psu": 7.03, "sal_p90_psu": 7.04, "chla_score": 0.12, "chla_mean_ug_L": 5.66, "chla_median_ug_L": 3.8, "chla_p10_ug_L": 2.16, "chla_p90_ug_L": 12.0, "chla_ci_lower_ug_L": 3.8, "chla_ci_upper_ug_L": 8.1, "chla_nearest_station_m": 8358.0, "do_score": 1.0, "do_mean_mg_L": 6.44, "do_median_mg_L": 6.3, "do_p10_mg_L": 5.59, "do_p90_mg_L": 7.4, "do_pct3": 0.0, "do_pct3_low": 0.0, "do_pct3_upper": 0.0, "do_nearest_station_m": 8358.0, "cso_within_50ft": "False", "cso_nearest_ft": 44665.0, "ms4_within_50ft": "False", "ms4_nearest_ft": 6549.0, "park_within_1640ft": "False", "park_nearest_ft": 72597.0, "depth_score": "TRUE", "depth_median_ft": 10.52, "depth_0_20ft_pct": 1.0, "depth_20_39ft_pct": 0.0, "depth_39ft_plus_pct": 0.0, "erosion_gt_0_ft_yr": "", "erosion_gt_1_ft_yr": "", "wave_sup_3ft": null }, "geometry": { "type": "MultiPolygon", "coordinates": [ [ [ [ -73.874823843134564, 41.115501815600005, 0.0 ], [ -73.874823843134564, 41.118403369970039, 0.0 ], [ -73.874823843134564, 41.118500086240104, 0.0 ], [ -73.870202116052425, 41.117532917126361, 0.0 ], [ -73.870458878668103, 41.109601592845522, 0.0 ], [ -73.874823843134564, 41.110472150861042, 0.0 ], [ -73.874823843134564, 41.115501815600005, 0.0 ] ] ] ] } },
{ "type": "Feature", "properties": { "id": "100", "Site": "Earle", "Status": "Proposed Future Site", "Waterbody": "Raritan Bay/Lower Harbor\n", "Acres": null, "sal_score": 0.65, "sal_mean_psu": 27.0, "sal_ci_lower_psu": 25.46, "sal_ci_upper_psu": 28.22, "sal_median_psu": 27.26, "sal_p10_psu": 24.34, "sal_p90_psu": 29.29, "chla_score": 0.16, "chla_mean_ug_L": 10.68, "chla_median_ug_L": 5.05, "chla_p10_ug_L": 2.27, "chla_p90_ug_L": 23.55, "chla_ci_lower_ug_L": 2.31, "chla_ci_upper_ug_L": 30.27, "chla_nearest_station_m": 2403.0, "do_score": 0.5, "do_mean_mg_L": 4.96, "do_median_mg_L": 4.86, "do_p10_mg_L": 4.09, "do_p90_mg_L": 6.13, "do_pct3": 11.45, "do_pct3_low": 0.0, "do_pct3_upper": 77.86, "do_nearest_station_m": 5338.0, "cso_within_50ft": "False", "cso_nearest_ft": 54093.0, "ms4_within_50ft": "False", "ms4_nearest_ft": 40685.0, "park_within_1640ft": "False", "park_nearest_ft": 38489.0, "depth_score": "TRUE", "depth_median_ft": 10.86, "depth_0_20ft_pct": 1.0, "depth_20_39ft_pct": 0.0, "depth_39ft_plus_pct": 0.0, "erosion_gt_0_ft_yr": "", "erosion_gt_1_ft_yr": "", "wave_sup_3ft": null }, "geometry": { "type": "MultiPolygon", "coordinates": [ [ [ [ -74.055584724569457, 40.444936264864864, 0.0 ], [ -74.066111991812107, 40.429106678004167, 0.0 ], [ -74.069321524508041, 40.430670259855987, 0.0 ], [ -74.058152350726203, 40.446108678593703, 0.0 ], [ -74.055584724569457, 40.444936264864864, 0.0 ] ] ] ] } }
]
}
